date,etf,name,category,units,units_change,nav,aum,flow,premium
2026-10-06,0050,元大台灣50,國內股票,22233000000,11500000,116.22,2583919260000,1336530000,0.05
2026-10-06,0056,元大高股息,國內股票,14247034000,19000000,57.65,821341510100,1095350000,0.14
2026-10-06,00878,國泰永續高股息,國內股票,18847290000,2500000,35.06,660785987400,87650000,0.06
2026-10-06,00919,群益台灣精選高息,國內股票,19343635000,13000000,31.56,610485120600,410280000,0.0
2026-10-06,006208,富邦台50,國內股票,1860540000,0,266.25,495368775000,0,-0.31
2026-10-06,00981A,主動統一台股增長,主動式,9158709000,-100000000,32.79,300314068110,-3279000000,-0.64
2026-10-06,00631L,元大台灣50正2,槓桿反向,6754848000,2500000,41.65,281339419200,104125000,0.05
2026-10-06,00937B,群益ESG投等債20+,債券,17350305000,29000000,13.5355,234845053328,392529500,-0.05
2026-10-06,009816,凱基台灣TOP50,國內股票,12262344000,6000000,16.99,208337224560,101940000,0.12
2026-10-06,0052,富邦科技,國內股票,2542000000,0,67.92,172652640000,0,0.06
2026-10-06,00881,國泰台灣科技龍頭,國內股票,2967403000,-5500000,54.75,162465314250,-301125000,-0.29
2026-10-06,00918,大華優利高填息30,國內股票,4761264000,0,33.87,161264011680,0,-0.2
2026-10-06,00929,復華台灣科技優息,國內股票,5315139000,0,30.1,159985683900,0,-0.13
2026-10-06,00679B,元大美債20年,債券,6233692000,6000000,24.3252,151635804638,145951200,-0.55
2026-10-06,00751B,元大AAA至A公司債,債券,5251603000,500000,28.4847,149590335974,14242350,-0.03
2026-10-06,00403A,主動統一升級50,主動式,12941019000,-186000000,11.51,148951128690,-2140860000,-0.52
2026-10-06,00720B,元大投資級公司債,債券,4074109000,1000000,30.4236,123949062572,30423600,-0.06
2026-10-06,00725B,國泰投資級公司債,債券,3749206000,4000000,32.4654,121719472472,129861600,-0.31
2026-10-06,00662,富邦NASDAQ,國外股票,939029000,4500000,126.62,118899851980,569790000,0.26
2026-10-06,00687B,國泰20年美債,債券,4303380380,-4000000,25.2701,108746852541,-101080400,-0.51
2026-10-06,00713,元大台灣高息低波,國內股票,1713512000,0,62.77,107557148240,0,-0.24
2026-10-06,00772B,中信高評級公司債,債券,3373290000,2500000,30.7781,103823456949,76945250,-0.51
2026-10-06,00933B,國泰10Y+金融債,債券,6890458000,37500000,14.7903,101911940957,554636250,-0.28
2026-10-06,00922,國泰台灣領袖50,國內股票,2250686000,0,45.16,101640979760,0,0.04
2026-10-06,00724B,群益投資級金融債,債券,3059775000,0,31.2194,95524339635,0,-0.08
2026-10-06,00761B,國泰A級公司債,債券,2735089000,0,31.5016,86159679642,0,-0.39
2026-10-06,00773B,中信優先金融債,債券,2600790000,2000000,32.9673,85741024167,65934600,-0.49
2026-10-06,00746B,富邦A級公司債,債券,2555464000,500000,32.9317,84155773809,16465850,0.0
2026-10-06,00991A,主動復華未來50,主動式,4138416000,-93500000,19.48,80616343680,-1821380000,-0.62
2026-10-06,00830,國泰費城半導體,國外股票,866965000,-4000000,92.54,80228941100,-370160000,0.0
2026-10-06,00740B,富邦全球投等債,債券,2243471000,0,35.5006,79644566583,0,-0.01
2026-10-06,00685L,群益臺灣加權正2,槓桿反向,5343836000,-155500000,13.78,73638060080,-2142790000,0.14
2026-10-06,00891,中信關鍵半導體,國內股票,1855590000,0,38.99,72349454100,0,0.13
2026-10-06,00940,元大台灣價值高息,國內股票,5043865000,-4000000,13.31,67133843150,-53240000,-0.37
2026-10-06,00792B,群益A級公司債,債券,2317615000,0,28.8253,66805947660,0,-0.27
2026-10-06,00406A,主動中信台灣收益,主動式,6239562000,0,10.32,64392279840,0,0.1
2026-10-06,00777B,凱基AAA至A公司債,債券,2140150000,0,29.65,63455447500,0,0.02
2026-10-06,00692,富邦公司治理,國內股票,612780000,0,100.02,61290255600,0,-0.22
2026-10-06,00927,群益半導體收益,國內股票,1431397000,46000000,40.85,58472567450,1879100000,0.15
2026-10-06,00935,野村臺灣新科技50,國內股票,874504000,0,63.84,55828335360,0,0.19
2026-10-06,00988A,主動統一全球創新,主動式,3089937000,-13000000,17.65,54537388050,-229450000,-1.18
2026-10-06,00982A,主動群益台灣強棒,主動式,2164436000,-6500000,24.78,53634724080,-161070000,-0.56
2026-10-06,00950B,凱基A級公司債,債券,4115809000,5000000,12.94,53258568460,64700000,0.08
2026-10-06,00646,元大S&P500,國外股票,647485000,1500000,77.65,50277210250,116475000,0.15
2026-10-06,00722B,群益投資級電信債,債券,1465739000,500000,32.6362,47836151152,16318100,0.02
2026-10-06,00778B,凱基金融債20+,債券,1522150000,0,31.37,47749845500,0,-0.07
2026-10-06,00953B,群益優選非投等債,債券,4799675000,27500000,9.4641,45424604168,260262750,0.08
2026-10-06,00712,復華富時不動產,國外股票,6443511000,-13000000,7.01,45169012110,-91130000,-0.28
2026-10-06,00992A,主動群益科技創新,主動式,2224455000,0,20.24,45022969200,0,-0.05
2026-10-06,00723B,群益投資級科技債,債券,1519083000,0,27.9553,42466420990,0,-0.1
2026-10-06,00850,元大臺灣ESG永續,國內股票,413944000,0,99.76,41295053440,0,-0.43
2026-10-06,00923,群益台ESG低碳50,國內股票,951423000,0,43.19,41091959370,0,-0.44
2026-10-06,00764B,群益25年美債,債券,1553500000,0,25.2158,39172745300,0,0.24
2026-10-06,00754B,群益AAA-AA公司債,債券,1303900000,0,29.9248,39018946720,0,0.0
2026-10-06,00990A,主動元大AI新經濟,主動式,2312522000,-8000000,16.79,38827244380,-134320000,-1.47
2026-10-06,00757,統一FANG+,國外股票,266994000,0,144.51,38583302940,0,-0.03
2026-10-06,00756B,群益投等新興公債,債券,1335800000,0,28.4641,38022344780,0,0.11
2026-10-06,00795B,中信美國公債20年,債券,1542098000,3000000,24.4446,37695968771,73333800,-0.51
2026-10-06,00948B,中信優息投資級債,債券,4275427000,0,8.6771,37098307622,0,-0.53
2026-10-06,00675L,富邦臺灣加權正2,槓桿反向,100786000,-1500000,365.04,36790921440,-547560000,-0.01
2026-10-06,00726B,國泰新興投等債,債券,1186989000,0,30.8096,36570656294,0,-0.29
2026-10-06,00768B,復華20年美債,債券,790600000,-500000,45.2539,35777733340,-22626950,0.08
2026-10-06,00785B,富邦金融投等債,債券,1063466000,0,32.4837,34545310504,0,-0.01
2026-10-06,00779B,凱基美債25+,債券,1298650000,0,25.44,33037656000,0,-0.49
2026-10-06,00749B,凱基新興債10+,債券,1110500000,0,29.18,32404390000,0,-0.2
2026-10-06,00400A,主動國泰動能高息,主動式,1858640000,0,16.53,30723319200,0,0.12
2026-10-06,00900,富邦特選高股息30,國內股票,1483525000,-5000000,19.6,29077090000,-98000000,-0.56
2026-10-06,00882,中信中國高股息,國外股票,1969849000,0,14.76,29074971240,0,-0.54
2026-10-06,00939,統一台灣高息動能,國內股票,1160476000,0,23.95,27793400200,0,-0.54
2026-10-06,00931B,統一美債20年,債券,2243398000,-6000000,12.29,27571361420,-73740000,-0.48
2026-10-06,00942B,台新美A公司債20+,債券,2073959000,0,13.01,26982206590,0,-0.12
2026-10-06,00405A,主動富邦台灣龍耀,主動式,2652745000,-75000000,9.91,26288702950,-743250000,-0.61
2026-10-06,00862B,中信投資級公司債,債券,909381000,19000000,28.8411,26227548359,547980900,-0.61
2026-10-06,00632R,元大台灣50反1,槓桿反向,2740207730,-1000000,9.16,25100302807,-9160000,-0.11
2026-10-06,00407A,主動凱基台灣,主動式,2241739000,-31000000,10.76,24121111640,-333560000,-0.46
2026-10-06,00888,永豐台灣ESG,國內股票,627478000,0,36.94,23179037320,0,-0.19
2026-10-06,00760B,復華新興企業債,債券,435020000,0,49.52,21542190400,0,0.28
2026-10-06,00980A,主動野村臺灣優選,主動式,774730000,-3000000,27.03,20940951900,-81090000,-0.26
2026-10-06,00789B,復華公司債A3,債券,455600000,0,43.88,19991728000,0,0.02
2026-10-06,00849B,中信EM主權債0-5,債券,485606000,0,37.067,17999957602,0,0.04
2026-10-06,00836B,永豐10年A公司債,債券,665541000,0,26.17,17417207970,0,0.04
2026-10-06,00865B,國泰US短期公債,債券,346744000,7500000,48.8119,16925233454,366089250,0.11
2026-10-06,00696B,富邦美債20年,債券,636681000,3500000,26.5007,16872492177,92752450,-0.51
2026-10-06,00893,國泰智能電動車,國外股票,352384000,500000,47.36,16688906240,23680000,-0.17
2026-10-06,00670L,富邦NASDAQ正2,槓桿反向,75645000,0,219.26,16585922700,0,-0.28
2026-10-06,00915,凱基優選高股息30,國內股票,501983000,0,33.02,16575478660,0,-0.57
2026-10-06,00867B,台新A-BBB電信債,債券,565150000,0,28.26,15971139000,0,-0.15
2026-10-06,00791B,復華信用債1-5,債券,281100000,0,56.0685,15760855350,0,0.08
2026-10-06,00409A,主動復華全球50,主動式,1464448000,-11500000,10.49,15362059520,-120635000,-1.14
2026-10-06,00663L,國泰臺灣加權正2,槓桿反向,125163000,-2000000,120.5,15082141500,-241000000,-0.06
2026-10-06,00863B,中信全球電信債,債券,516464000,1000000,29.057,15006894448,29057000,-0.49
2026-10-06,00637L,元大滬深300正2,槓桿反向,816606000,0,18.37,15001052220,0,0.0
2026-10-06,00924,復華S&P500成長,國外股票,433603000,500000,34.28,14863910840,17140000,-0.44
2026-10-06,00985A,主動野村台灣50,主動式,603289000,51500000,24.52,14792646280,1262780000,0.08
2026-10-06,00870B,元大15年EM主權債,債券,564151000,0,25.8807,14600622786,0,-0.43
2026-10-06,00961,FT臺灣永續高息,國內股票,1097511000,-31000000,13.23,14520070530,-410130000,-0.53
2026-10-06,00896,中信綠能及電動車,國內股票,501380000,-5000000,28.79,14434730200,-143950000,-0.63
2026-10-06,00981B,第一金優選非投債,債券,1621613000,3000000,8.9,14432355700,26700000,0.11
2026-10-06,00892,富邦台灣半導體,國內股票,317792000,-1000000,44.66,14192590720,-44660000,-0.25
2026-10-06,00673R,期元大S&P原油反1,槓桿反向,1249550646,0,10.87,13582615522,0,-1.99
2026-10-06,00635U,期元大S&P黃金,期貨商品,319514000,1000000,42.47,13569759580,42470000,-0.66
2026-10-06,00934,中信成長高股息,國內股票,438026000,8500000,30.06,13167061560,255510000,0.17
2026-10-06,00997A,主動群益美國增長,主動式,1072877000,-8500000,12.07,12949625390,-102595000,-1.39
2026-10-06,00711B,復華彭博新興債,債券,871761000,0,14.53,12666687330,0,-0.07
2026-10-06,00857B,永豐20年美公債,債券,601768000,1000000,21.02,12649163360,21020000,0.0
2026-10-06,00735,國泰臺韓科技,國外股票,113789000,0,110.87,12615786430,0,-0.63
2026-10-06,00941,中信上游半導體,國外股票,452291000,0,27.07,12243517370,0,-0.33
2026-10-06,00738U,期元大道瓊白銀,期貨商品,253799000,0,48.22,12238187780,0,-0.99
2026-10-06,00945B,凱基美國非投等債,債券,849318000,3000000,14.18,12043329240,42540000,0.08
2026-10-06,00984D,主動聯博全球非投,主動式,1249557000,2000000,9.5805,11971380838,19161000,0.11
2026-10-06,00999A,主動野村臺灣高息,主動式,1009017000,-7500000,11.82,11926580940,-88650000,-0.51
2026-10-06,00947,台新臺灣IC設計,國內股票,283364000,-1000000,41.59,11785108760,-41590000,-0.17
2026-10-06,00708L,期元大S&P黃金正2,槓桿反向,164073000,1500000,70.52,11570427960,105780000,-1.61
2026-10-06,009802,富邦旗艦50,國內股票,532995000,-3500000,20.42,10883757900,-71470000,-0.48
2026-10-06,00993A,主動安聯台灣,主動式,727091000,-7000000,14.83,10782759530,-103810000,-0.41
2026-10-06,00965,元大航太防衛科技,國外股票,410992000,-500000,25.71,10566604320,-12855000,-0.55
2026-10-06,00885,富邦越南,國外股票,591238000,0,17.75,10494474500,0,-0.84
2026-10-06,009820,元大納斯達克精選,國外股票,973702000,-7500000,10.77,10486770540,-80775000,-0.37
2026-10-06,00905,FT臺灣Smart,國內股票,358827000,-500000,28.8,10334217600,-14400000,-0.59
2026-10-06,00984A,主動安聯台灣高息,主動式,625458000,-1000000,16.17,10113655860,-16170000,-0.06
2026-10-06,00719B,元大美債1-3,債券,324514000,1500000,30.9326,10038061756,46398900,0.03
2026-10-06,009805,台新美國電力基建,國外股票,612316000,-500000,15.14,9270464240,-7570000,0.14
2026-10-06,00985B,群益ESG投等債0-5,債券,919501000,21500000,10.0262,9219100926,215563300,0.16
2026-10-06,00876,元大全球5G,國外股票,93524000,0,96.03,8981109720,0,-1.06
2026-10-06,00755B,群益投資級公用債,債券,296230000,0,30.0854,8912198042,0,-0.27
2026-10-06,009828,中信台日韓PCB,國外股票,827545000,10500000,10.69,8846456050,112245000,0.09
2026-10-06,00780B,國泰A級金融債,債券,249102000,0,35.0857,8739918041,0,-0.26
2026-10-06,009826,貝萊德世界股票,國外股票,858304000,0,10.06,8634538240,0,-0.26
2026-10-06,00680L,元大美債20正2,槓桿反向,1455576000,0,5.6127,8169711415,0,-1.29
2026-10-06,00894,中信小資高價30,國內股票,147509000,-500000,53.0,7817977000,-26500000,-0.21
2026-10-06,00955,中信日本商社,國內股票,480431000,-1000000,15.93,7653265830,-15930000,-0.25
2026-10-06,00895,富邦未來車,國外股票,141916000,0,53.76,7629404160,0,-0.17
2026-10-06,00845B,富邦新興投等債,債券,237051000,0,31.3165,7423607642,0,-0.29
2026-10-06,00904,台新臺灣半導體30,國內股票,164112000,2500000,45.03,7389963360,112575000,0.15
2026-10-06,009821,野村稀土關鍵資源,國外股票,557340000,12000000,13.02,7256566800,156240000,0.23
2026-10-06,00690,兆豐藍籌30,國內股票,83830000,0,86.32,7236205600,0,-0.52
2026-10-06,00887,永豐中國科技50大,國內股票,460351000,0,15.22,7006542220,0,-0.66
2026-10-06,00701,國泰股利精選30,國內股票,168891000,0,41.14,6948175740,0,-0.58
2026-10-06,00775B,台新投等債15+,債券,232100000,0,29.36,6814456000,0,-0.45
2026-10-06,00968B,元大優息投等債,債券,796511000,0,8.5406,6802681847,0,-0.21
2026-10-06,00946,群益科技高息成長,國內股票,432246000,-1000000,15.64,6760327440,-15640000,-0.45
2026-10-06,009803,玉山市值動能50,國內股票,287328000,-1000000,22.47,6456260160,-22470000,-0.18
2026-10-06,00910,第一金太空衛星,國外股票,112439000,0,57.35,6448376650,0,-0.22
2026-10-06,00753L,中信中國50正2,槓桿反向,755157000,10500000,8.46,6388628220,88830000,0.0
2026-10-06,00861,元大全球未來通訊,國外股票,68912000,-500000,92.16,6350929920,-46080000,-1.0
2026-10-06,00770,國泰北美科技,國外股票,93458000,0,66.83,6245798140,0,-0.21
2026-10-06,00844B,台新15年IG金融債,債券,213175000,0,29.0,6182075000,0,-0.35
2026-10-06,00877,復華中國5G,國內股票,171288000,0,35.03,6000218640,0,-0.31
2026-10-06,009819,中信數據及電力,國外股票,601745000,-1500000,9.85,5927188250,-14775000,-0.1
2026-10-06,00633L,富邦上証正2,槓桿反向,132458000,0,44.43,5885108940,0,-0.14
2026-10-06,00402A,主動安聯美國科技,主動式,561127000,-11500000,10.37,5818886990,-119255000,-0.39
2026-10-06,00762,元大全球AI,國外股票,46748000,0,123.01,5750471480,0,-0.87
2026-10-06,00752,中信中國50,國外股票,257716000,0,21.91,5646557560,0,-0.27
2026-10-06,00998A,主動復華金融股息,主動式,344609000,4000000,16.2,5582665800,64800000,-0.79
2026-10-06,00981D,主動中信非投等債,主動式,530300000,0,10.0617,5335719510,0,-0.22
2026-10-06,00864B,中信美國公債0-1,債券,113722000,0,46.0704,5239218029,0,0.03
2026-10-06,009815,大華美國MAG7+,國內股票,416670000,0,12.27,5112540900,0,-0.08
2026-10-06,00995A,主動中信台灣卓越,主動式,269035000,0,18.91,5087451850,0,-0.32
2026-10-06,009824,群益美國科技巨頭,國外股票,466347000,0,10.83,5050538010,0,-0.82
2026-10-06,00909,國泰數位支付服務,國外股票,104704000,1000000,47.71,4995427840,47710000,0.48
2026-10-06,00994A,主動第一金台股優,主動式,260190000,-1000000,18.44,4797903600,-18440000,-0.6
2026-10-06,00733,富邦臺灣中小,國內股票,61966000,0,76.65,4749693900,0,-0.49
2026-10-06,00952,凱基台灣AI50,國內股票,247775000,0,18.79,4655692250,0,-0.32
2026-10-06,00951,台新日本半導體,國外股票,235042000,-3500000,19.78,4649130760,-69230000,-0.62
2026-10-06,00991B,貝萊德A級公司債,債券,327828000,500000,14.14,4635487920,7070000,-0.46
2026-10-06,00411A,主動統一前沿科技,主動式,413576000,1500000,11.02,4557607520,16530000,-0.72
2026-10-06,00750B,凱基科技債10+,債券,148000000,0,30.33,4488840000,0,-0.12
2026-10-06,00853B,統一美債10年Aa-A,債券,178134000,0,25.16,4481851440,0,-0.16
2026-10-06,0055,元大MSCI金融,國內股票,91154000,1000000,48.63,4432819020,48630000,-0.04
2026-10-06,00959B,大華投等美債15Y+,債券,512836000,1500000,8.59,4405261240,12885000,-0.09
2026-10-06,00848B,中信新興亞洲債,債券,136066000,0,32.0127,4355840038,0,-0.35
2026-10-06,00858,永豐美國500大,國內股票,117874000,0,36.65,4320082100,0,0.11
2026-10-06,00404A,主動聯博動能50,主動式,421795000,-12500000,10.18,4293873100,-127250000,-0.58
2026-10-06,009800,中信NASDAQ,國外股票,311891000,-1500000,13.72,4279144520,-20580000,0.07
2026-10-06,00996A,主動兆豐台灣豐收,主動式,276399000,0,15.34,4239960660,0,0.2
2026-10-06,00936,台新永續高息中小,國內股票,191297000,0,21.92,4193230240,0,-0.2
2026-10-06,00930,永豐ESG低碳高息,國內股票,160279000,-1000000,24.12,3865929480,-24120000,-0.21
2026-10-06,00401A,主動摩根台灣鑫收,主動式,261895000,0,14.7,3849856500,0,-0.35
2026-10-06,0051,元大中型100,國內股票,25000000,0,151.86,3796500000,0,0.13
2026-10-06,006205,富邦上証,國外股票,95439000,0,39.54,3773658060,0,-0.81
2026-10-06,009829,大華韓國KOSPI50,國外股票,338870000,0,11.09,3758068300,0,-0.18
2026-10-06,00949,復華日本龍頭,國外股票,165928000,-500000,22.34,3706831520,-11170000,-0.36
2026-10-06,009813,貝萊德標普卓越50,國外股票,314824000,0,11.66,3670847840,0,-0.23
2026-10-06,00665L,富邦恒生國企正2,槓桿反向,422465000,0,8.52,3599401800,0,-0.46
2026-10-06,009804,聯邦台精彩50,國內股票,143392000,-1000000,24.99,3583366080,-24990000,-0.48
2026-10-06,009823,群益S&P500,國內股票,328817000,0,10.56,3472307520,0,-0.38
2026-10-06,00715L,期街口布蘭特正2,槓桿反向,50191793,-2000000,68.11,3418563021,-136220000,3.53
2026-10-06,00688L,國泰20年美債正2,槓桿反向,610115000,0,5.6002,3416766023,0,-1.33
2026-10-06,00970B,台新BBB投等債20+,債券,391229000,0,8.59,3360657110,0,-0.1
2026-10-06,00710B,復華彭博非投等債,債券,181261000,0,18.43,3340640230,0,0.38
2026-10-06,009811,統一美國50,國外股票,234450000,-500000,13.68,3207276000,-6840000,-0.22
2026-10-06,00913,兆豐台灣晶圓製造,國內股票,57766000,0,54.75,3162688500,0,0.2
2026-10-06,00901,永豐智能車供應鏈,國內股票,61349000,0,50.47,3096284030,0,-0.44
2026-10-06,00988B,玉山嚴選非投債,債券,161333000,0,18.95,3057260350,0,0.12
2026-10-06,00981T,平衡凱基雙核收息,國外股票,251261000,0,11.65,2927190650,0,0.17
2026-10-06,0053,元大電子,國內股票,10988000,500000,262.91,2888855080,131455000,0.04
2026-10-06,00728,第一金工業30,國內股票,39423000,0,72.93,2875119390,0,-0.15
2026-10-06,00902,中信電池及儲能,國外股票,226497000,2500000,12.41,2810827770,31025000,-1.51
2026-10-06,00938,凱基優選30,國內股票,104016000,0,26.92,2800110720,0,-0.37
2026-10-06,00926,凱基全球菁英55,國外股票,102482000,0,26.82,2748567240,0,0.04
2026-10-06,00645,富邦日本,國外股票,45497000,0,58.9,2679773300,0,-0.29
2026-10-06,00907,永豐優息存股,國內股票,150133000,0,17.75,2664860750,0,-0.39
2026-10-06,00916,國泰全球品牌50,國外股票,98419000,0,27.06,2663218140,0,-0.44
2026-10-06,00987A,主動台新優勢成長,主動式,143643000,-2500000,18.44,2648776920,-46100000,-0.33
2026-10-06,00636,國泰中國A50,國外股票,98825000,0,26.48,2616886000,0,-1.06
2026-10-06,00846B,富邦歐洲銀行債,債券,74350000,0,33.8686,2518130410,0,-0.13
2026-10-06,00954,中信日本半導體,國外股票,119247000,0,21.09,2514919230,0,-0.33
2026-10-06,00759B,復華製藥債,債券,47525000,0,50.18,2384804500,0,0.06
2026-10-06,00697B,元大美債7-10,債券,69212000,500000,33.7096,2333108835,16854800,-0.06
2026-10-06,00957B,兆豐US優選投等債,債券,188263000,0,12.31,2317517530,0,-0.08
2026-10-06,00706L,期元大S&P日圓正2,槓桿反向,121270853,0,19.11,2317486001,0,-0.05
2026-10-06,0061,元大寶滬深,國內股票,96116000,0,23.09,2219318440,0,-0.78
2026-10-06,00727B,國泰優選非投等債,債券,57189000,0,38.7787,2217715074,0,0.01
2026-10-06,00912,中信臺灣智慧50,國內股票,59253000,500000,37.4,2216062200,18700000,0.19
2026-10-06,009827,玉山未來全球算力,國外股票,204450000,0,10.67,2181481500,0,-0.19
2026-10-06,00661,元大日經225,國外股票,23925000,0,90.84,2173347000,0,-0.17
2026-10-06,006203,元大MSCI台灣,國內股票,10218000,0,210.36,2149458480,0,0.04
2026-10-06,00730,富邦臺灣優質高息,國內股票,69044000,0,30.36,2096175840,0,-0.49
2026-10-06,00884B,中信低碳新興債,債券,75440000,0,27.0116,2037755104,0,-0.38
2026-10-06,00962,台新AI優息動能,國內股票,133420000,4500000,15.25,2034655000,68625000,0.24
2026-10-06,00410A,主動永豐科技趨勢,主動式,153860000,0,13.19,2029413400,0,-0.23
2026-10-06,00655L,國泰中國A50正2,槓桿反向,64458000,0,30.9,1991752200,0,-0.13
2026-10-06,00986D,主動復華金融債息,主動式,143177000,0,13.81,1977274370,0,-0.07
2026-10-06,00731,復華富時高息低波,國內股票,20100000,0,98.18,1973418000,0,-0.25
2026-10-06,00980D,主動聯博投等入息,主動式,100457000,0,19.32,1940829240,0,-0.08
2026-10-06,00652,富邦印度,國外股票,61035000,0,30.9,1885981500,0,-0.23
2026-10-06,00932,兆豐永續高息等權,國內股票,105783000,-500000,17.68,1870243440,-8840000,-0.4
2026-10-06,009817,國泰日本不動產,國內股票,219936000,0,8.48,1865057280,0,-0.47
2026-10-06,00897,富邦基因免疫生技,國外股票,131512000,0,14.14,1859579680,0,-0.56
2026-10-06,00841B,凱基AAA-AA公司債,債券,70440000,0,26.06,1835666400,0,-0.12
2026-10-06,00984B,大華優利美A債15,債券,118933000,500000,14.91,1773291030,7455000,-0.03
2026-10-06,009814,富邦標普500,國內股票,153076000,0,11.51,1761904760,0,0.09
2026-10-06,00911,兆豐洲際半導體,國外股票,29403000,0,59.19,1740363570,0,-0.81
2026-10-06,00717,富邦美國特別股,國外股票,117605000,0,14.51,1706448550,0,-0.34
2026-10-06,00642U,期元大S&P石油,期貨商品,54321000,0,30.77,1671457170,0,1.81
2026-10-06,00928,中信上櫃ESG 30,國內股票,45356000,0,35.87,1626919720,0,-0.34
2026-10-06,00840B,凱基IG精選15+,債券,59431000,0,27.28,1621277680,0,-0.09
2026-10-06,00963,中信全球高股息,國外股票,128933000,1000000,12.36,1593611880,12360000,0.08
2026-10-06,00650L,復華香港正2,槓桿反向,103838000,1000000,15.3,1588721400,15300000,-0.39
2026-10-06,00917,中信特選金融,國外股票,70478000,500000,21.98,1549106440,10990000,-0.05
2026-10-06,00408A,主動第一金優股息,主動式,139634000,0,11.08,1547144720,0,-0.54
2026-10-06,00639,富邦深100,國外股票,100903000,0,15.21,1534734630,0,-0.99
2026-10-06,00967B,元大優息美債,債券,181407000,0,8.4158,1526685031,0,-0.41
2026-10-06,00966B,統一ESG投等債15+,債券,116732000,1500000,12.76,1489500320,19140000,-0.47
2026-10-06,00859B,群益0-1年美債,債券,36011000,0,40.5591,1460573750,0,0.1
2026-10-06,00643,群益深証中小,國外股票,84003000,0,17.23,1447371690,0,-1.16
2026-10-06,00695B,富邦美債7-10,債券,42686000,0,33.4679,1428610779,0,-0.21
2026-10-06,00763U,期街口道瓊銅,期貨商品,40065000,0,34.69,1389854850,0,-0.15
2026-10-06,00921,兆豐龍頭等權重,國內股票,57770000,0,23.88,1379547600,0,0.0
2026-10-06,00693U,期街口S&P黃豆,期貨商品,58666000,-500000,23.33,1368677780,-11665000,-0.26
2026-10-06,00664R,國泰臺灣加權反1,槓桿反向,907575000,0,1.48,1343211000,0,-0.68
2026-10-06,00960,野村全球航運龍頭,國外股票,57495000,0,22.59,1298812050,0,0.18
2026-10-06,009808,華南永昌優選50,國內股票,39011000,0,33.11,1291654210,0,-0.57
2026-10-06,00694B,富邦美債1-3,債券,30576000,500000,41.5951,1271811778,20797550,0.07
2026-10-06,00898,國泰基因免疫革命,國外股票,104476000,0,12.09,1263114840,0,-0.49
2026-10-06,009812,野村日本東證,國內股票,91882000,0,13.23,1215598860,0,-0.3
2026-10-06,00944,野村趨勢動能高息,國內股票,52581000,0,22.32,1173607920,0,-0.31
2026-10-06,00989A,主動摩根美國科技,主動式,63617000,0,18.35,1167371950,0,-0.71
2026-10-06,00987B,野村10+澳洲公債,債券,76327000,1000000,15.2,1160170400,15200000,-0.08
2026-10-06,00964,中信亞太高股息,國外股票,78124000,0,14.74,1151547760,0,0.27
2026-10-06,009825,聯邦美國金融創新,國內股票,116208000,0,9.86,1145810880,0,-1.22
2026-10-06,006206,元大上證50,國外股票,30778000,0,36.93,1136631540,0,-0.81
2026-10-06,00671R,富邦NASDAQ反1,槓桿反向,486884000,0,2.31,1124702040,0,-0.87
2026-10-06,006201,元大富櫃50,國內股票,22946000,0,48.99,1124124540,0,-0.35
2026-10-06,009801,中信美國創新科技,國外股票,94619000,0,11.87,1123127530,0,-0.08
2026-10-06,00989B,台新美國非投等債,債券,113952000,0,9.8,1116729600,0,0.27
2026-10-06,00969B,元大零息超長美債,債券,145133000,0,7.2706,1055203990,0,0.09
2026-10-06,00985D,主動貝萊德優投等,主動式,112732000,1000000,9.34,1052916880,9340000,-0.17
2026-10-06,00669R,國泰美國道瓊反1,槓桿反向,192617000,-5500000,5.42,1043984140,-29810000,0.0
2026-10-06,00903,富邦元宇宙,國外股票,46721000,0,22.29,1041411090,0,-0.18
2026-10-06,00676R,富邦臺灣加權反1,槓桿反向,200833683,0,5.06,1016218436,0,0.0
2026-10-06,00958B,永豐ESG銀行債15+,債券,118771000,0,8.52,1011928920,0,0.0
2026-10-06,00983D,主動富邦複合收益,主動式,104197000,0,9.5352,993539234,0,-0.04
2026-10-06,00983A,主動中信ARK創新,主動式,72186000,-1000000,13.74,991835640,-13740000,0.0
2026-10-06,009818,華南永昌NASDAQxT,國外股票,45652000,0,21.69,990191880,0,-0.23
2026-10-06,00971,野村美國研發龍頭,國外股票,53677000,0,18.1,971553700,0,-0.61
2026-10-06,00990B,國泰收益非投等債,債券,97350000,0,9.7792,952005120,0,0.25
2026-10-06,00737,國泰AI機器人,國外股票,22538000,0,42.1,948849800,0,-0.12
2026-10-06,00875,國泰網路資安,國外股票,15988000,0,58.94,942332720,0,-0.22
2026-10-06,00980T,平衡凱基美國TOP,國內股票,74918000,0,12.23,916247140,0,-0.25
2026-10-06,00647L,元大S&P500正2,槓桿反向,6416000,0,140.84,903629440,0,-0.53
2026-10-06,00987D,主動統一美債量化,主動式,92023000,-1000000,9.39,864095970,-9390000,-0.53
2026-10-06,00943,兆豐電子高息等權,國內股票,40389000,0,21.32,861093480,0,0.19
2026-10-06,00739,元大MSCI A股,國外股票,27988000,0,26.59,744200920,0,-0.72
2026-10-06,00834B,第一金金融債10+,債券,23198000,0,31.75,736536500,0,-0.64
2026-10-06,00982D,主動富邦動態入息,主動式,78729000,0,9.2598,729014794,0,0.02
2026-10-06,00640L,富邦日本正2,槓桿反向,6419000,0,112.23,720404370,0,-0.39
2026-10-06,00799B,國泰A級醫療債,債券,26036000,0,27.1392,706596211,0,-0.7
2026-10-06,00788B,元大10年IG電能債,債券,24706000,0,27.8684,688516690,0,-0.4
2026-10-06,006207,復華滬深,國外股票,21392000,0,31.02,663579840,0,-1.13
2026-10-06,009809,富邦淨零ESG50,國內股票,33863000,500000,19.04,644751520,9520000,-0.26
2026-10-06,009822,華南永昌未來金融,國內股票,68056000,0,9.46,643809760,0,0.0
2026-10-06,00842B,台新美元銀行債,債券,22767000,0,27.83,633605610,0,0.11
2026-10-06,00782B,國泰A級公用債,債券,21967000,0,28.0042,615168261,0,-0.58
2026-10-06,00986A,主動台新龍頭成長,主動式,38827000,-500000,15.19,589782130,-7595000,-0.19
2026-10-06,00786B,元大10年IG銀行債,債券,19066000,0,30.3084,577859954,0,-0.14
2026-10-06,00709,富邦歐洲,國外股票,14460000,0,38.61,558300600,0,-1.66
2026-10-06,00648R,元大S&P500反1,槓桿反向,142688000,0,3.88,553629440,0,-0.26
2026-10-06,00657,國泰日經225,國外股票,6569000,0,82.87,544373030,0,-0.2
2026-10-06,00890B,凱基ESG BBB債15+,債券,18264000,0,29.66,541710240,0,-0.05
2026-10-06,0057,富邦摩台,國內股票,1527000,0,345.07,526921890,0,-0.01
2026-10-06,00920,富邦ESG綠色電力,國外股票,20280000,0,25.41,515314800,0,-0.89
2026-10-06,00700,富邦恒生國企,國外股票,30983000,0,16.61,514627630,0,-0.66
2026-10-06,00653L,富邦印度正2,槓桿反向,12403000,0,40.33,500212990,0,-0.05
2026-10-06,00908,富邦入息REITs+,國外股票,34416000,0,14.2,488707200,0,-0.49
2026-10-06,00741B,富邦全球非投等債,債券,13128000,0,36.4704,478783411,0,0.14
2026-10-06,00980B,台新特選IG債10+,債券,54569000,0,8.71,475295990,0,-0.07
2026-10-06,00668,國泰美國道瓊,國外股票,7973000,0,59.52,474552960,0,0.24
2026-10-06,00956,中信日經高股息,國外股票,32630000,0,13.23,431694900,0,0.23
2026-10-06,00674R,期元大S&P黃金反1,槓桿反向,14420555,0,29.64,427425250,0,0.75
2026-10-06,00851,台新全球AI,國外股票,5525000,0,75.0,414375000,0,-0.55
2026-10-06,009810,玉山全球藍籌100,國外股票,19154000,0,21.5,411811000,0,-0.42
2026-10-06,00714,群益道瓊美國地產,國外股票,19567000,0,20.1,393296700,0,-0.15
2026-10-06,00678,群益那斯達克生技,國外股票,8948000,0,42.79,382884920,0,0.14
2026-10-06,006204,永豐臺灣加權,國內股票,1500000,0,248.9,373350000,0,-0.5
2026-10-06,00734B,台新JPM新興債,債券,24979000,0,14.72,367690880,0,-0.19
2026-10-06,00899,FT潔淨能源,國外股票,16135000,0,21.85,352549750,0,-0.18
2026-10-06,00787B,元大10年IG醫療債,債券,11306000,0,29.9354,338449632,0,-0.2
2026-10-06,00972,野村日本動能高息,國外股票,15172000,0,21.34,323770480,0,-0.42
2026-10-06,00983B,大華優利美公債20,債券,22153000,0,14.2,314572600,0,-0.11
2026-10-06,00641R,富邦日本反1,槓桿反向,87258000,0,3.6,314128800,0,0.56
2026-10-06,00660,元大歐洲50,國外股票,6531000,0,45.73,298662630,0,-0.71
2026-10-06,00758B,復華能源債,債券,5525000,0,47.79,264039750,0,0.06
2026-10-06,00982T,平衡兆豐台美動能,國外股票,16597000,0,15.79,262066630,0,-0.53
2026-10-06,00683L,期元大美元指正2,槓桿反向,11434000,0,22.73,259894820,0,-0.4
2026-10-06,00856B,永豐1-3年美公債,債券,6792000,0,37.32,253477440,0,-0.54
2026-10-06,009807,台新標普科技精選,國內股票,13760000,0,18.31,251945600,0,-0.3
2026-10-06,00686R,群益臺灣加權反1,槓桿反向,266276000,0,0.9,239648400,0,0.0
2026-10-06,00781B,國泰A級科技債,債券,9336000,0,25.4215,237335124,0,-0.36
2026-10-06,00982B,FT投資級債20+,債券,24900000,0,9.06,225594000,0,-0.59
2026-10-06,00852L,國泰美國道瓊正2,槓桿反向,6865000,0,32.56,223524400,0,-0.67
2026-10-06,00886,永豐美國科技,國內股票,4451000,0,50.2,223440200,0,-0.92
2026-10-06,00783,富邦中証500,國外股票,8031000,0,27.02,216997620,0,-0.59
2026-10-06,00736,國泰新興市場,國外股票,6727000,0,32.18,216474860,0,-0.9
2026-10-06,00771,元大US高息特別股,國外股票,14225000,0,14.89,211810250,0,0.0
2026-10-06,00986B,FT金融債10+,債券,20762000,0,9.14,189764680,0,-0.27
2026-10-06,009806,台新標普500,國內股票,13661000,0,13.85,189204850,0,-0.02
2026-10-06,00707R,期元大S&P日圓反1,槓桿反向,5855000,0,32.23,188706650,0,-1.15
2026-10-06,00703,台新MSCI中國,國外股票,9550000,0,18.55,177152500,0,-0.8
2026-10-06,00681R,元大美債20反1,槓桿反向,7594000,0,23.1927,176125364,0,0.68
2026-10-06,00651R,復華香港反1,槓桿反向,32192000,0,5.47,176090240,0,0.0
2026-10-06,00689R,國泰20年美債反1,槓桿反向,6889000,0,24.3487,167738194,0,0.41
2026-10-06,00682U,期元大美元指數,期貨商品,7644000,0,21.17,161823480,0,-0.52
2026-10-06,00638R,元大滬深300反1,槓桿反向,22948000,0,6.95,159488600,0,-0.29
2026-10-06,00702,國泰標普低波高息,國外股票,6688000,0,23.12,154626560,0,-0.22
2026-10-06,00684R,期元大美元指反1,槓桿反向,9688000,0,14.81,143479280,0,-0.74
2026-10-06,00654R,富邦印度反1,槓桿反向,19466000,0,7.26,141323160,0,-0.28
2026-10-06,00634R,富邦上証反1,槓桿反向,42756000,0,3.27,139812120,0,-0.61
2026-10-06,00656R,國泰中國A50反1,槓桿反向,21357000,0,6.13,130918410,0,-0.32
2026-10-06,00666R,富邦恒生國企反1,槓桿反向,12124000,0,9.5,115178000,0,-0.53
2026-10-06,00860B,群益1-5Y投資級債,債券,2671000,0,37.6148,100469131,0,-0.01
2026-10-06,00847B,中信美國市政債,債券,3805000,0,23.3139,88709390,0,0.0
2026-10-06,00687C,國泰20年美債+櫃U,國內股票,1942268,0,8.5815,16667573,0,-0.54
2026-10-06,00625K,富邦上証+R,國外股票,333000,0,8.31,2767230,0,-0.72
2026-10-06,00643K,群益深証中小+R,國外股票,197000,0,3.61,711170,0,0.0
2026-10-06,00636K,國泰中國A50+U,國外股票,62100,0,8.32,516672,0,0.0
2026-10-06,00668K,國泰美國道瓊+U,國外股票,8500,0,18.74,159290,0,0.11
2026-10-06,00657K,國泰日經225+U,國外股票,4400,0,26.09,114796,0,-0.04
