date,code,buy_total,sell_total,buy_cost,sell_cost
2026-09-30,00400A,6220.0,6954.0,15.65,15.66
2026-09-30,00401A,1362.0,1703.0,14.26,14.26
2026-09-30,00402A,9196.0,3686.0,10.03,10.03
2026-09-30,00403A,87250.0,23279.0,10.84,10.83
2026-09-30,00404A,4225.0,2962.0,9.9,9.9
2026-09-30,00405A,16531.0,6774.0,9.33,9.34
2026-09-30,00406A,40920.0,244760.0,9.94,9.93
2026-09-30,00407A,23124.0,12043.0,10.14,10.14
2026-09-30,00408A,901.0,787.0,10.52,10.52
2026-09-30,00409A,26676.0,13113.0,10.11,10.1
2026-09-30,00410A,1431.0,1352.0,12.48,12.49
2026-09-30,0050,10997.0,10305.0,112.6,112.52
2026-09-30,0051,46.0,36.0,148.62,148.57
2026-09-30,0052,8824.0,8294.0,65.71,65.69
2026-09-30,0053,31.0,45.0,253.81,253.98
2026-09-30,0055,638.0,992.0,49.35,49.34
2026-09-30,0056,8372.0,14081.0,56.98,56.96
2026-09-30,0057,8.0,9.0,335.25,334.72
2026-09-30,0061,54.0,63.0,23.32,23.29
2026-09-30,006203,7.0,6.0,203.29,202.72
2026-09-30,006204,1.0,1.0,239.93,239.78
2026-09-30,006205,550.0,552.0,39.29,39.29
2026-09-30,006206,33.0,33.0,36.7,36.71
2026-09-30,006207,113.0,113.0,31.18,31.18
2026-09-30,006208,1307.0,918.0,258.02,258.03
2026-09-30,00631L,38791.0,16181.0,39.27,39.23
2026-09-30,00632R,18014.0,27910.0,9.45,9.44
2026-09-30,00633L,505.0,608.0,44.17,44.17
2026-09-30,00634R,52.0,52.0,3.26,3.25
2026-09-30,00635U,537.0,924.0,43.02,43.01
2026-09-30,00636,540.0,525.0,26.51,26.51
2026-09-30,00636K,11.0,11.0,0.82,0.82
2026-09-30,00637L,2986.0,3535.0,18.28,18.28
2026-09-30,00638R,56.0,56.0,6.95,6.94
2026-09-30,00639,427.0,455.0,15.21,15.21
2026-09-30,00640L,98.0,86.0,108.95,108.96
2026-09-30,00641R,338.0,373.0,3.64,3.64
2026-09-30,00642U,588.0,1301.0,30.77,30.75
2026-09-30,00643,184.0,184.0,17.28,17.27
2026-09-30,00645,78.0,58.0,57.98,57.98
2026-09-30,00646,395.0,433.0,77.15,77.14
2026-09-30,00647L,14.0,14.0,138.16,138.16
2026-09-30,00648R,299.0,299.0,3.92,3.92
2026-09-30,00650L,510.0,700.0,15.83,15.81
2026-09-30,00651R,89.0,89.0,5.37,5.37
2026-09-30,00652,169.0,224.0,31.21,31.21
2026-09-30,00653L,132.0,168.0,41.09,41.11
2026-09-30,00654R,25.0,25.0,7.16,7.14
2026-09-30,00655L,162.0,179.0,30.74,30.73
2026-09-30,00656R,7.0,7.0,6.14,6.14
2026-09-30,00657,60.0,59.0,78.65,78.65
2026-09-30,00657K,0.0,0.0,,
2026-09-30,00660,11.0,11.0,46.29,46.22
2026-09-30,00661,125.0,102.0,86.38,86.4
2026-09-30,00662,902.0,1302.0,124.26,124.25
2026-09-30,00663L,1750.0,1111.0,113.38,113.23
2026-09-30,00664R,8308.0,8225.0,1.53,1.53
2026-09-30,00665L,2432.0,3084.0,8.79,8.74
2026-09-30,00666R,2.0,2.0,9.36,9.36
2026-09-30,00668,121.0,122.0,60.01,60.01
2026-09-30,00668K,0.0,0.0,,
2026-09-30,00669R,852.0,817.0,5.37,5.37
2026-09-30,00670L,212.0,178.0,209.91,209.86
2026-09-30,00671R,515.0,496.0,2.35,2.36
2026-09-30,00673R,27214.0,10588.0,10.89,10.89
2026-09-30,00674R,89.0,95.0,29.27,29.27
2026-09-30,00675L,453.0,320.0,343.77,343.07
2026-09-30,00676R,2995.0,3536.0,5.22,5.22
2026-09-30,00678,66.0,65.0,43.76,43.64
2026-09-30,00680L,5574.0,7332.0,5.82,5.82
2026-09-30,00681R,162.0,162.0,22.83,22.83
2026-09-30,00682U,2.0,2.0,20.81,20.81
2026-09-30,00683L,38.0,38.0,22.24,22.24
2026-09-30,00685L,40706.0,18903.0,12.99,12.97
2026-09-30,00686R,5330.0,6360.0,0.94,0.93
2026-09-30,00688L,2749.0,3209.0,5.79,5.8
2026-09-30,00689R,0.0,0.0,,
2026-09-30,00690,97.0,99.0,82.5,82.58
2026-09-30,00692,1264.0,1111.0,96.95,96.97
2026-09-30,00693U,650.0,457.0,23.64,23.64
2026-09-30,00700,48.0,48.0,16.86,16.86
2026-09-30,00701,209.0,198.0,41.54,41.54
2026-09-30,00702,15.0,16.0,23.4,23.39
2026-09-30,00703,13.0,13.0,18.7,18.7
2026-09-30,00706L,510.0,465.0,19.4,19.37
2026-09-30,00708L,2299.0,1971.0,72.28,72.22
2026-09-30,00709,16.0,18.0,39.49,39.49
2026-09-30,00710B,171.0,212.0,18.54,18.54
2026-09-30,00711B,62.0,62.0,14.77,14.77
2026-09-30,00712,25847.0,53105.0,7.54,7.54
2026-09-30,00713,5164.0,5579.0,63.02,63.02
2026-09-30,00714,719.0,719.0,20.63,20.63
2026-09-30,00715L,796.0,1788.0,63.2,63.13
2026-09-30,00717,210.0,212.0,14.46,14.46
2026-09-30,00728,42.0,42.0,70.45,70.36
2026-09-30,00730,265.0,194.0,29.61,29.58
2026-09-30,00731,65.0,65.0,98.23,98.14
2026-09-30,00733,346.0,272.0,71.59,71.64
2026-09-30,00735,838.0,675.0,108.65,108.61
2026-09-30,00736,1.0,1.0,31.36,31.49
2026-09-30,00737,21.0,22.0,40.91,40.92
2026-09-30,00738U,1420.0,1751.0,48.41,48.4
2026-09-30,00739,75.0,75.0,26.51,26.5
2026-09-30,00752,304.0,338.0,22.25,22.26
2026-09-30,00753L,1588.0,4247.0,8.6,8.58
2026-09-30,00757,173.0,126.0,143.28,143.25
2026-09-30,00762,88.0,65.0,120.74,120.5
2026-09-30,00763U,93.0,123.0,34.69,34.69
2026-09-30,00770,126.0,116.0,65.23,65.22
2026-09-30,00771,26.0,31.0,14.96,14.96
2026-09-30,00775B,1.0,1.0,29.43,29.35
2026-09-30,00783,3.0,3.0,27.11,27.11
2026-09-30,00830,4036.0,1942.0,88.8,88.78
2026-09-30,00850,523.0,468.0,96.38,96.34
2026-09-30,00851,3.0,3.0,72.98,72.92
2026-09-30,00852L,87.0,112.0,33.03,33.03
2026-09-30,00861,125.0,96.0,88.77,88.78
2026-09-30,00865B,1538.0,2147.0,48.97,48.96
2026-09-30,00875,171.0,188.0,57.08,57.09
2026-09-30,00876,210.0,119.0,91.31,91.28
2026-09-30,00878,3101.0,9072.0,35.01,35.02
2026-09-30,00881,4202.0,3215.0,52.49,52.46
2026-09-30,00882,2429.0,1300.0,14.87,14.86
2026-09-30,00885,539.0,640.0,18.01,18.01
2026-09-30,00891,1721.0,2256.0,37.75,37.73
2026-09-30,00892,911.0,876.0,43.25,43.33
2026-09-30,00893,348.0,221.0,45.76,45.76
2026-09-30,00894,442.0,368.0,50.13,50.1
2026-09-30,00895,161.0,107.0,51.74,51.73
2026-09-30,00896,5091.0,1882.0,27.85,27.84
2026-09-30,00897,1883.0,1018.0,14.17,14.16
2026-09-30,00898,962.0,515.0,12.03,12.03
2026-09-30,00899,42.0,42.0,22.06,22.06
2026-09-30,00900,3334.0,2001.0,19.44,19.44
2026-09-30,00901,214.0,212.0,48.39,48.41
2026-09-30,00902,301.0,234.0,12.42,12.4
2026-09-30,00903,121.0,121.0,21.83,21.84
2026-09-30,00904,790.0,598.0,43.58,43.57
2026-09-30,00905,504.0,371.0,27.75,27.75
2026-09-30,00907,187.0,213.0,17.76,17.76
2026-09-30,00908,292.0,293.0,14.52,14.51
2026-09-30,00909,447.0,684.0,48.6,48.58
2026-09-30,00910,161.0,249.0,57.21,57.2
2026-09-30,00911,402.0,216.0,56.69,56.68
2026-09-30,00912,79.0,78.0,36.38,36.33
2026-09-30,00913,660.0,707.0,52.79,52.76
2026-09-30,00915,1039.0,876.0,33.11,33.11
2026-09-30,00916,368.0,378.0,26.84,26.84
2026-09-30,00917,398.0,702.0,22.44,22.44
2026-09-30,00918,5651.0,19208.0,33.97,33.95
2026-09-30,00919,8703.0,29831.0,31.96,31.95
2026-09-30,00920,138.0,122.0,24.88,24.89
2026-09-30,00921,230.0,208.0,23.56,23.56
2026-09-30,00922,2440.0,3788.0,43.88,43.83
2026-09-30,00923,993.0,661.0,41.78,41.78
2026-09-30,00924,564.0,444.0,33.76,33.76
2026-09-30,00926,365.0,353.0,26.62,26.6
2026-09-30,00927,3765.0,3975.0,39.95,39.94
2026-09-30,00929,9227.0,3276.0,29.39,29.4
2026-09-30,00930,548.0,583.0,23.81,23.81
2026-09-30,00932,688.0,465.0,17.53,17.52
2026-09-30,00934,872.0,797.0,30.01,30.03
2026-09-30,00935,3268.0,3697.0,61.22,61.21
2026-09-30,00936,540.0,318.0,21.55,21.55
2026-09-30,00938,263.0,260.0,27.01,27.0
2026-09-30,00939,1006.0,1210.0,24.11,24.11
2026-09-30,00940,6212.0,2907.0,13.15,13.15
2026-09-30,00941,840.0,530.0,25.81,25.81
2026-09-30,00943,46.0,47.0,21.03,21.03
2026-09-30,00944,97.0,95.0,21.96,21.96
2026-09-30,00945B,2209.0,2760.0,14.19,14.18
2026-09-30,00946,1071.0,752.0,15.4,15.43
2026-09-30,00947,3467.0,3246.0,40.54,40.56
2026-09-30,00949,752.0,700.0,21.96,21.94
2026-09-30,00951,1945.0,1047.0,18.17,18.17
2026-09-30,00952,604.0,393.0,18.43,18.47
2026-09-30,00953B,9303.0,26312.0,9.5,9.5
2026-09-30,00954,1238.0,716.0,19.39,19.39
2026-09-30,00956,195.0,199.0,13.48,13.47
2026-09-30,00960,91.0,138.0,22.39,22.37
2026-09-30,00961,3271.0,10825.0,13.24,13.24
2026-09-30,00962,647.0,1462.0,15.09,15.09
2026-09-30,00963,1062.0,1531.0,12.53,12.53
2026-09-30,00964,514.0,574.0,14.8,14.8
2026-09-30,00965,8011.0,7923.0,25.19,25.19
2026-09-30,00971,82.0,74.0,17.8,17.8
2026-09-30,00972,43.0,43.0,21.61,21.62
2026-09-30,009800,2028.0,2061.0,13.44,13.44
2026-09-30,009801,529.0,522.0,11.65,11.65
2026-09-30,009802,2441.0,1498.0,20.16,20.16
2026-09-30,009803,1207.0,993.0,21.71,21.7
2026-09-30,009804,438.0,282.0,24.1,24.12
2026-09-30,009805,2116.0,1357.0,14.95,14.95
2026-09-30,009808,73.0,71.0,32.19,32.18
2026-09-30,009809,129.0,129.0,18.64,18.66
2026-09-30,00980A,9254.0,8807.0,25.49,25.48
2026-09-30,009810,281.0,283.0,21.34,21.33
2026-09-30,009811,218.0,175.0,13.5,13.5
2026-09-30,009812,584.0,476.0,13.09,13.09
2026-09-30,009813,1555.0,1305.0,11.51,11.51
2026-09-30,009816,17755.0,37471.0,16.58,16.56
2026-09-30,009817,511.0,524.0,8.78,8.78
2026-09-30,009818,213.0,196.0,21.14,21.14
2026-09-30,009819,2351.0,2130.0,9.67,9.67
2026-09-30,00981A,38062.0,16080.0,30.73,30.67
2026-09-30,00981T,1239.0,2490.0,11.65,11.65
2026-09-30,009820,10466.0,4599.0,10.47,10.47
2026-09-30,009821,2765.0,8833.0,13.31,13.31
2026-09-30,009824,3113.0,1486.0,10.57,10.56
2026-09-30,009826,3798.0,5268.0,10.03,10.03
2026-09-30,009827,1654.0,1241.0,10.28,10.28
2026-09-30,009828,31755.0,18607.0,10.08,10.08
2026-09-30,009829,7054.0,9134.0,10.85,10.84
2026-09-30,00982A,7130.0,2560.0,23.18,23.19
2026-09-30,00982D,2014.0,2052.0,9.34,9.34
2026-09-30,00982T,32.0,32.0,15.45,15.44
2026-09-30,00983A,1269.0,1057.0,13.27,13.27
2026-09-30,00983D,410.0,493.0,9.59,9.59
2026-09-30,00984A,2131.0,1324.0,15.73,15.72
2026-09-30,00984D,7716.0,19706.0,9.74,9.74
2026-09-30,00985A,988.0,751.0,23.52,23.53
2026-09-30,00985B,8030.0,8985.0,10.07,10.07
2026-09-30,00986A,148.0,132.0,14.81,14.81
2026-09-30,00987A,1670.0,1286.0,17.28,17.25
2026-09-30,00988A,11137.0,3397.0,16.81,16.81
2026-09-30,00989A,650.0,617.0,17.67,17.67
2026-09-30,00990A,8313.0,3535.0,15.96,15.96
2026-09-30,00991A,22854.0,9586.0,18.11,18.07
2026-09-30,00991B,98.0,98.0,14.32,14.33
2026-09-30,00992A,10673.0,5374.0,18.9,18.89
2026-09-30,00993A,2219.0,1135.0,13.86,13.85
2026-09-30,00994A,2265.0,1533.0,17.31,17.32
2026-09-30,00995A,1762.0,1461.0,17.79,17.78
2026-09-30,00996A,1240.0,681.0,14.51,14.53
2026-09-30,00997A,7664.0,3252.0,11.7,11.68
2026-09-30,00999A,2955.0,1454.0,11.34,11.32
2026-09-30,01001T,8.0,8.0,11.13,11.14
2026-09-30,01002T,135.0,135.0,12.79,12.79
2026-09-30,01004T,71.0,71.0,10.0,10.0
2026-09-30,01007T,41.0,41.0,11.26,11.25
2026-09-30,01009T,2.0,2.0,5.59,5.59
2026-09-30,01010T,27.0,27.0,9.99,9.99
2026-09-30,020000,19.0,19.0,33.0,33.0
2026-09-30,02001L,65.0,62.0,154.52,154.68
2026-09-30,020020,4.0,4.0,30.53,30.47
2026-09-30,020028,23.0,23.0,21.14,21.14
2026-09-30,020029,2.0,2.0,20.81,20.81
2026-09-30,020030,1.0,1.0,21.05,21.1
2026-09-30,020031,2.0,2.0,11.79,11.78
2026-09-30,020032,3.0,3.0,11.21,11.21
2026-09-30,020034,3.0,3.0,17.2,17.2
2026-09-30,020039,14.0,14.0,15.42,15.42
2026-09-30,1101,58514.0,22978.0,26.16,26.15
2026-09-30,1101B,6.0,6.0,43.36,43.36
2026-09-30,1102,3937.0,2387.0,35.66,35.62
2026-09-30,1103,336.0,323.0,13.12,13.09
2026-09-30,1104,166.0,158.0,26.69,26.69
2026-09-30,1108,118.0,92.0,11.13,11.13
2026-09-30,1109,292.0,322.0,13.32,13.33
2026-09-30,1110,110.0,112.0,14.48,14.45
2026-09-30,1201,508.0,567.0,11.6,11.59
2026-09-30,1203,18.0,18.0,43.74,43.61
2026-09-30,1210,610.0,723.0,51.82,51.8
2026-09-30,1213,5.0,5.0,7.31,7.31
2026-09-30,1215,186.0,284.0,105.0,105.01
2026-09-30,1216,2942.0,3388.0,74.16,74.14
2026-09-30,1217,273.0,228.0,9.94,9.93
2026-09-30,1218,380.0,249.0,14.52,14.52
2026-09-30,1219,94.0,95.0,11.4,11.4
2026-09-30,1220,29.0,29.0,10.83,10.82
2026-09-30,1225,25.0,25.0,24.75,24.81
2026-09-30,1227,189.0,282.0,28.06,28.05
2026-09-30,1229,1175.0,692.0,39.98,39.97
2026-09-30,1231,97.0,146.0,79.55,79.55
2026-09-30,1232,50.0,61.0,153.58,153.62
2026-09-30,1233,13.0,13.0,28.01,28.02
2026-09-30,1234,47.0,58.0,32.94,32.94
2026-09-30,1235,27.0,28.0,33.59,33.36
2026-09-30,1236,29.0,29.0,25.27,25.24
2026-09-30,1256,33.0,42.0,167.82,167.39
2026-09-30,1301,33680.0,7344.0,67.33,67.03
2026-09-30,1303,16462.0,10455.0,256.56,255.21
2026-09-30,1304,2443.0,1088.0,12.59,12.57
2026-09-30,1305,1272.0,668.0,12.3,12.29
2026-09-30,1307,668.0,386.0,31.3,31.29
2026-09-30,1308,909.0,576.0,14.32,14.29
2026-09-30,1309,1000.0,525.0,13.94,13.92
2026-09-30,1310,4154.0,1742.0,9.18,9.21
2026-09-30,1312,9855.0,2884.0,14.89,14.88
2026-09-30,1312A,7.0,7.0,22.71,22.71
2026-09-30,1313,1731.0,844.0,12.28,12.26
2026-09-30,1314,42697.0,24937.0,8.94,8.87
2026-09-30,1315,31.0,31.0,68.66,68.68
2026-09-30,1316,840.0,562.0,10.62,10.61
2026-09-30,1319,617.0,961.0,77.83,77.81
2026-09-30,1321,61.0,62.0,32.17,32.16
2026-09-30,1323,46.0,49.0,21.29,21.26
2026-09-30,1324,28.0,34.0,9.99,9.99
2026-09-30,1325,193.0,163.0,25.79,25.78
2026-09-30,1326,11934.0,3213.0,69.57,69.53
2026-09-30,1337,272.0,278.0,4.46,4.46
2026-09-30,1338,283.0,223.0,15.47,15.44
2026-09-30,1339,37.0,37.0,42.31,42.33
2026-09-30,1340,165.0,147.0,5.24,5.24
2026-09-30,1341,2.0,2.0,59.98,59.98
2026-09-30,1342,44.0,88.0,99.95,99.97
2026-09-30,1402,5277.0,3026.0,28.16,28.16
2026-09-30,1409,7274.0,4711.0,24.74,24.65
2026-09-30,1410,14.0,14.0,24.12,24.11
2026-09-30,1413,34.0,34.0,9.17,9.17
2026-09-30,1414,50.0,50.0,17.5,17.52
2026-09-30,1416,55.0,53.0,11.44,11.45
2026-09-30,1417,167.0,153.0,8.1,8.1
2026-09-30,1418,44.0,44.0,18.37,18.37
2026-09-30,1419,25.0,25.0,65.89,65.8
2026-09-30,1423,11.0,11.0,35.21,34.77
2026-09-30,1432,47.0,69.0,14.97,14.97
2026-09-30,1434,903.0,583.0,18.12,18.11
2026-09-30,1435,7.0,7.0,22.44,22.3
2026-09-30,1436,64.0,101.0,35.53,35.51
2026-09-30,1437,169.0,171.0,31.9,31.9
2026-09-30,1438,115.0,122.0,21.09,21.09
2026-09-30,1439,75.0,75.0,28.89,28.89
2026-09-30,1440,1844.0,1062.0,13.53,13.51
2026-09-30,1441,42.0,58.0,10.05,10.03
2026-09-30,1442,417.0,442.0,27.09,27.06
2026-09-30,1443,9.0,9.0,23.29,23.13
2026-09-30,1444,2091.0,1467.0,7.11,7.11
2026-09-30,1445,47.0,47.0,10.05,10.05
2026-09-30,1446,138.0,175.0,13.35,13.35
2026-09-30,1447,1153.0,834.0,6.72,6.74
2026-09-30,1449,165.0,140.0,12.42,12.43
2026-09-30,1451,64.0,79.0,16.89,16.9
2026-09-30,1452,43.0,45.0,10.76,10.76
2026-09-30,1453,22.0,23.0,10.88,10.88
2026-09-30,1454,18.0,18.0,12.26,12.25
2026-09-30,1455,606.0,426.0,9.88,9.88
2026-09-30,1456,45.0,45.0,14.51,14.49
2026-09-30,1457,43.0,43.0,14.37,14.36
2026-09-30,1459,230.0,165.0,16.43,16.41
2026-09-30,1460,239.0,311.0,6.27,6.27
2026-09-30,1463,19.0,19.0,17.52,17.5
2026-09-30,1464,166.0,177.0,9.96,9.96
2026-09-30,1465,14.0,15.0,11.63,11.63
2026-09-30,1466,92.0,107.0,14.77,14.75
2026-09-30,1467,92.0,114.0,8.03,8.03
2026-09-30,1468,14.0,14.0,13.14,13.14
2026-09-30,1470,56.0,56.0,23.98,23.99
2026-09-30,1471,191.0,152.0,9.42,9.42
2026-09-30,1472,30.0,29.0,88.7,88.69
2026-09-30,1473,80.0,113.0,19.3,19.3
2026-09-30,1474,38.0,39.0,10.03,10.02
2026-09-30,1475,7.0,7.0,26.04,26.04
2026-09-30,1476,694.0,998.0,272.84,272.5
2026-09-30,1477,518.0,552.0,191.46,191.08
2026-09-30,1503,417.0,220.0,197.39,197.15
2026-09-30,1504,2053.0,1732.0,69.25,69.23
2026-09-30,1506,216.0,339.0,9.53,9.53
2026-09-30,1512,43.0,43.0,6.1,6.1
2026-09-30,1513,1452.0,988.0,168.36,168.43
2026-09-30,1514,262.0,152.0,102.79,102.82
2026-09-30,1515,254.0,216.0,29.73,29.69
2026-09-30,1516,14.0,13.0,13.38,13.42
2026-09-30,1517,129.0,107.0,10.45,10.44
2026-09-30,1519,527.0,541.0,697.71,696.27
2026-09-30,1521,24.0,24.0,25.81,25.75
2026-09-30,1522,174.0,145.0,26.68,26.69
2026-09-30,1522A,19.0,19.0,51.22,51.22
2026-09-30,1524,153.0,138.0,26.01,26.0
2026-09-30,1525,6.0,6.0,63.84,63.87
2026-09-30,1526,100.0,94.0,14.93,14.89
2026-09-30,1527,62.0,52.0,32.66,32.65
2026-09-30,1528,661.0,546.0,25.89,25.95
2026-09-30,1529,566.0,366.0,15.99,15.98
2026-09-30,1530,14.0,14.0,26.73,26.74
2026-09-30,1531,45.0,46.0,11.67,11.67
2026-09-30,1532,252.0,256.0,22.27,22.26
2026-09-30,1533,83.0,91.0,30.36,30.32
2026-09-30,1535,42.0,43.0,45.7,45.71
2026-09-30,1536,164.0,171.0,46.78,46.72
2026-09-30,1537,80.0,97.0,114.89,114.83
2026-09-30,1538,16.0,16.0,7.48,7.48
2026-09-30,1539,16.0,16.0,15.51,15.51
2026-09-30,1540,95.0,125.0,19.32,19.33
2026-09-30,1541,3.0,3.0,20.97,20.97
2026-09-30,1558,50.0,44.0,112.3,112.17
2026-09-30,1560,535.0,537.0,962.42,961.4
2026-09-30,1563,105.0,128.0,76.32,76.21
2026-09-30,1568,221.0,235.0,32.67,32.67
2026-09-30,1582,234.0,150.0,71.71,71.67
2026-09-30,1583,7.0,7.0,47.01,46.77
2026-09-30,1587,118.0,101.0,24.01,24.03
2026-09-30,1590,634.0,670.0,1204.35,1204.41
2026-09-30,1597,533.0,881.0,149.4,149.38
2026-09-30,1598,80.0,86.0,20.42,20.41
2026-09-30,1603,209.0,143.0,30.42,30.41
2026-09-30,1604,91.0,91.0,23.41,23.42
2026-09-30,1605,24461.0,6525.0,37.98,37.9
2026-09-30,1608,1651.0,660.0,36.11,36.11
2026-09-30,1609,1427.0,695.0,38.75,38.74
2026-09-30,1611,591.0,451.0,11.5,11.5
2026-09-30,1612,781.0,586.0,35.62,35.61
2026-09-30,1614,63.0,74.0,31.06,31.04
2026-09-30,1615,82.0,82.0,42.76,42.77
2026-09-30,1616,140.0,150.0,18.56,18.55
2026-09-30,1617,2488.0,1495.0,23.69,23.83
2026-09-30,1618,169.0,164.0,38.74,38.73
2026-09-30,1623,30.0,30.0,200.77,200.78
2026-09-30,1626,27.0,27.0,9.63,9.61
2026-09-30,1702,147.0,119.0,32.99,32.99
2026-09-30,1707,102.0,208.0,85.99,85.93
2026-09-30,1708,1354.0,998.0,53.38,53.33
2026-09-30,1709,13128.0,3842.0,47.44,47.17
2026-09-30,1710,2269.0,1362.0,16.73,16.72
2026-09-30,1711,647.0,819.0,41.14,41.09
2026-09-30,1712,177.0,209.0,39.75,39.75
2026-09-30,1713,264.0,286.0,42.14,42.11
2026-09-30,1714,5563.0,2261.0,16.35,16.42
2026-09-30,1717,1889.0,1701.0,74.4,74.34
2026-09-30,1718,10748.0,3800.0,10.8,10.81
2026-09-30,1720,54.0,66.0,56.05,56.06
2026-09-30,1721,825.0,808.0,26.32,26.27
2026-09-30,1722,598.0,697.0,41.54,41.53
2026-09-30,1723,157.0,175.0,80.85,80.87
2026-09-30,1725,31.0,31.0,34.09,34.1
2026-09-30,1726,12.0,12.0,76.38,76.39
2026-09-30,1727,2580.0,10652.0,110.99,110.91
2026-09-30,1730,32.0,32.0,51.21,51.2
2026-09-30,1731,125.0,150.0,20.81,20.81
2026-09-30,1732,138.0,124.0,26.09,26.09
2026-09-30,1733,54.0,86.0,29.41,29.41
2026-09-30,1734,70.0,61.0,31.95,31.9
2026-09-30,1735,22.0,22.0,20.29,20.31
2026-09-30,1736,139.0,137.0,128.76,128.63
2026-09-30,1737,105.0,114.0,30.01,30.02
2026-09-30,1752,23.0,24.0,31.47,31.47
2026-09-30,1760,76.0,71.0,54.4,54.38
2026-09-30,1762,45.0,47.0,34.11,34.1
2026-09-30,1773,513.0,423.0,169.69,169.55
2026-09-30,1776,15.0,15.0,18.14,18.11
2026-09-30,1783,64.0,61.0,37.07,37.07
2026-09-30,1786,120.0,93.0,43.33,43.31
2026-09-30,1789,226.0,191.0,18.88,18.85
2026-09-30,1795,411.0,445.0,178.61,178.42
2026-09-30,1802,8580.0,2887.0,59.42,59.4
2026-09-30,1805,78.0,78.0,10.03,10.02
2026-09-30,1806,100.0,97.0,7.97,7.97
2026-09-30,1808,402.0,433.0,31.57,31.5
2026-09-30,1809,1012.0,1001.0,47.17,47.0
2026-09-30,1810,1410.0,657.0,24.29,24.3
2026-09-30,1817,28.0,28.0,39.87,39.88
2026-09-30,1903,70.0,68.0,47.49,47.48
2026-09-30,1904,556.0,379.0,24.58,24.56
2026-09-30,1905,1149.0,695.0,13.04,13.04
2026-09-30,1906,44.0,49.0,10.86,10.85
2026-09-30,1907,378.0,279.0,28.3,28.25
2026-09-30,1909,1215.0,987.0,10.23,10.2
2026-09-30,2002,58764.0,13917.0,19.12,19.1
2026-09-30,2002A,9.0,9.0,37.42,37.42
2026-09-30,2006,884.0,1107.0,85.4,85.2
2026-09-30,2007,214.0,188.0,7.0,7.0
2026-09-30,2008,10.0,10.0,30.86,30.84
2026-09-30,2009,1209.0,691.0,39.97,39.92
2026-09-30,2010,1574.0,707.0,22.94,22.93
2026-09-30,2012,65.0,69.0,14.28,14.27
2026-09-30,2013,46.0,39.0,41.58,41.54
2026-09-30,2014,4551.0,1757.0,17.22,17.22
2026-09-30,2015,155.0,147.0,63.89,63.89
2026-09-30,2017,648.0,367.0,9.16,9.17
2026-09-30,2020,3366.0,2460.0,26.7,26.7
2026-09-30,2022,106.0,119.0,7.31,7.31
2026-09-30,2023,705.0,540.0,13.75,13.76
2026-09-30,2024,10.0,10.0,12.81,12.82
2026-09-30,2025,2256.0,1623.0,14.42,14.51
2026-09-30,2027,3034.0,3183.0,47.7,47.57
2026-09-30,2028,275.0,190.0,16.97,16.97
2026-09-30,2029,390.0,414.0,22.52,22.47
2026-09-30,2030,5671.0,8413.0,36.61,36.6
2026-09-30,2031,689.0,295.0,46.33,46.3
2026-09-30,2032,1164.0,1923.0,20.28,20.27
2026-09-30,2033,1343.0,874.0,41.4,41.16
2026-09-30,2034,1827.0,2316.0,24.47,24.48
2026-09-30,2038,275.0,196.0,13.09,13.07
2026-09-30,2049,361.0,414.0,337.01,337.32
2026-09-30,2059,68.0,98.0,12332.49,12298.5
2026-09-30,2062,38.0,41.0,18.11,18.11
2026-09-30,2069,528.0,704.0,26.84,26.8
2026-09-30,2072,59.0,75.0,131.59,131.58
2026-09-30,2101,726.0,1071.0,29.87,29.85
2026-09-30,2102,143.0,135.0,16.5,16.5
2026-09-30,2103,2090.0,866.0,27.97,27.93
2026-09-30,2104,3226.0,2044.0,11.05,11.02
2026-09-30,2105,3202.0,2026.0,30.5,30.45
2026-09-30,2106,258.0,295.0,16.59,16.57
2026-09-30,2107,248.0,223.0,26.98,26.98
2026-09-30,2108,238.0,199.0,28.54,28.55
2026-09-30,2109,106.0,142.0,14.28,14.29
2026-09-30,2114,15.0,15.0,89.71,89.73
2026-09-30,2115,82.0,82.0,23.77,23.78
2026-09-30,2201,557.0,1129.0,29.27,29.27
2026-09-30,2204,264.0,255.0,52.24,52.23
2026-09-30,2206,326.0,362.0,62.34,62.3
2026-09-30,2207,167.0,178.0,510.0,510.02
2026-09-30,2208,822.0,1110.0,19.16,19.15
2026-09-30,2211,251.0,263.0,79.53,79.54
2026-09-30,2227,31.0,32.0,44.88,44.89
2026-09-30,2228,40.0,39.0,75.05,74.98
2026-09-30,2231,131.0,89.0,93.4,93.15
2026-09-30,2233,200.0,324.0,167.86,167.36
2026-09-30,2236,125.0,119.0,108.12,108.02
2026-09-30,2237,88.0,94.0,26.87,26.85
2026-09-30,2239,39.0,39.0,18.84,18.83
2026-09-30,2241,1440.0,1610.0,46.06,46.07
2026-09-30,2243,123.0,104.0,52.19,52.23
2026-09-30,2247,43.0,58.0,223.62,223.51
2026-09-30,2248,16.0,16.0,61.36,61.25
2026-09-30,2250,45.0,45.0,56.63,56.71
2026-09-30,2254,301.0,314.0,92.59,92.58
2026-09-30,2258,677.0,386.0,31.65,31.64
2026-09-30,2301,1759.0,4980.0,281.36,281.07
2026-09-30,2302,512.0,555.0,45.4,45.37
2026-09-30,2303,19633.0,18117.0,156.53,156.08
2026-09-30,2305,647.0,1979.0,70.15,69.93
2026-09-30,2308,3918.0,2172.0,1906.74,1903.67
2026-09-30,2312,2963.0,1648.0,31.2,31.19
2026-09-30,2313,3548.0,3310.0,226.73,226.37
2026-09-30,2314,76.0,62.0,11.18,11.19
2026-09-30,2316,546.0,383.0,165.38,165.37
2026-09-30,2317,9074.0,5726.0,252.53,252.49
2026-09-30,2321,4.0,4.0,24.69,24.69
2026-09-30,2323,9388.0,5238.0,10.99,11.01
2026-09-30,2324,16854.0,12385.0,37.2,37.17
2026-09-30,2327,2701.0,5891.0,555.83,552.68
2026-09-30,2328,968.0,489.0,47.65,47.65
2026-09-30,2329,2113.0,997.0,44.73,44.74
2026-09-30,2330,9555.0,8446.0,2491.47,2489.04
2026-09-30,2331,658.0,445.0,19.05,18.98
2026-09-30,2332,3260.0,1890.0,20.44,20.42
2026-09-30,2337,11226.0,2574.0,121.41,121.33
2026-09-30,2338,658.0,557.0,47.49,47.43
2026-09-30,2340,4740.0,4775.0,39.94,39.03
2026-09-30,2342,1125.0,1170.0,49.81,49.81
2026-09-30,2344,41145.0,7732.0,177.66,177.57
2026-09-30,2345,1882.0,3336.0,1784.75,1783.35
2026-09-30,2347,1806.0,1635.0,94.95,94.92
2026-09-30,2348,95.0,147.0,70.47,70.47
2026-09-30,2348A,4.0,4.0,38.55,38.55
2026-09-30,2349,1526.0,2409.0,10.66,10.64
2026-09-30,2351,1171.0,2225.0,209.55,210.14
2026-09-30,2352,2668.0,1643.0,29.67,29.62
2026-09-30,2353,4450.0,3723.0,31.71,31.68
2026-09-30,2354,4942.0,2855.0,66.01,66.02
2026-09-30,2355,553.0,452.0,41.88,41.88
2026-09-30,2356,2595.0,3945.0,59.76,59.69
2026-09-30,2357,577.0,633.0,962.66,963.5
2026-09-30,2359,287.0,406.0,128.72,128.71
2026-09-30,2360,650.0,994.0,2182.08,2176.05
2026-09-30,2362,232.0,280.0,46.97,46.96
2026-09-30,2363,1819.0,2022.0,59.24,59.14
2026-09-30,2364,32.0,42.0,64.95,64.95
2026-09-30,2365,408.0,507.0,28.2,28.17
2026-09-30,2367,2009.0,628.0,43.07,43.0
2026-09-30,2368,1947.0,4536.0,1114.39,1107.92
2026-09-30,2369,2673.0,1206.0,32.14,32.16
2026-09-30,2371,10301.0,3560.0,30.26,30.31
2026-09-30,2373,19.0,19.0,52.73,52.71
2026-09-30,2374,791.0,549.0,67.02,67.03
2026-09-30,2375,347.0,224.0,118.74,118.44
2026-09-30,2376,1488.0,2013.0,363.16,362.46
2026-09-30,2377,984.0,1099.0,151.68,151.55
2026-09-30,2379,880.0,839.0,760.61,760.62
2026-09-30,2380,65.0,71.0,16.91,16.88
2026-09-30,2382,2799.0,5961.0,335.56,335.72
2026-09-30,2383,280.0,301.0,4982.94,4979.97
2026-09-30,2385,1377.0,1390.0,104.74,104.64
2026-09-30,2387,108.0,116.0,36.43,36.4
2026-09-30,2388,1224.0,466.0,72.6,72.43
2026-09-30,2390,216.0,210.0,10.25,10.25
2026-09-30,2392,721.0,898.0,41.51,41.41
2026-09-30,2393,998.0,674.0,64.3,64.32
2026-09-30,2395,662.0,765.0,733.31,730.91
2026-09-30,2397,57.0,61.0,63.09,63.02
2026-09-30,2399,412.0,762.0,49.31,49.36
2026-09-30,2401,1894.0,909.0,26.58,26.57
2026-09-30,2402,1300.0,820.0,58.65,58.59
2026-09-30,2404,1501.0,821.0,1283.91,1279.55
2026-09-30,2405,565.0,416.0,15.35,15.36
2026-09-30,2406,2285.0,1596.0,31.56,31.49
2026-09-30,2408,15031.0,6145.0,515.43,513.05
2026-09-30,2409,216770.0,39983.0,38.01,37.65
2026-09-30,2412,4243.0,4205.0,143.72,143.57
2026-09-30,2413,287.0,241.0,51.46,51.46
2026-09-30,2414,65.0,61.0,53.15,53.14
2026-09-30,2415,67.0,78.0,27.27,27.26
2026-09-30,2417,185.0,140.0,39.1,39.06
2026-09-30,2419,676.0,302.0,29.56,29.54
2026-09-30,2420,174.0,110.0,54.64,54.65
2026-09-30,2421,672.0,1229.0,161.21,160.99
2026-09-30,2423,103.0,115.0,71.89,71.9
2026-09-30,2424,18.0,18.0,8.37,8.33
2026-09-30,2425,181.0,196.0,37.6,37.58
2026-09-30,2426,6752.0,3021.0,104.54,104.14
2026-09-30,2427,487.0,455.0,23.35,23.34
2026-09-30,2428,105.0,142.0,252.34,252.32
2026-09-30,2429,232.0,376.0,30.59,30.59
2026-09-30,2430,58.0,49.0,18.17,18.16
2026-09-30,2431,65.0,63.0,10.09,10.09
2026-09-30,2432,3.0,3.0,27.65,27.65
2026-09-30,2433,28.0,30.0,40.07,40.05
2026-09-30,2434,223.0,234.0,66.57,66.3
2026-09-30,2436,1285.0,1965.0,75.51,75.19
2026-09-30,2438,60.0,68.0,20.02,20.01
2026-09-30,2439,637.0,1359.0,77.68,77.58
2026-09-30,2440,195.0,145.0,14.31,14.3
2026-09-30,2441,1230.0,1169.0,125.62,125.6
2026-09-30,2442,308.0,304.0,14.4,14.4
2026-09-30,2444,835.0,837.0,15.89,15.92
2026-09-30,2449,3390.0,6715.0,298.39,297.23
2026-09-30,2450,39.0,44.0,28.22,28.24
2026-09-30,2451,1511.0,811.0,289.4,289.5
2026-09-30,2453,91.0,89.0,53.68,53.68
2026-09-30,2454,1098.0,1941.0,4994.08,4978.72
2026-09-30,2455,608.0,317.0,553.12,552.6
2026-09-30,2457,991.0,644.0,22.36,22.36
2026-09-30,2458,822.0,703.0,136.83,136.64
2026-09-30,2459,54.0,78.0,64.91,64.91
2026-09-30,2460,159.0,164.0,30.23,30.28
2026-09-30,2461,535.0,477.0,17.64,17.64
2026-09-30,2462,60.0,65.0,19.88,19.87
2026-09-30,2464,1347.0,2169.0,194.03,193.04
2026-09-30,2465,245.0,461.0,91.91,91.94
2026-09-30,2466,1257.0,815.0,123.74,123.65
2026-09-30,2467,169.0,441.0,551.18,547.88
2026-09-30,2468,230.0,264.0,45.81,45.64
2026-09-30,2471,58.0,56.0,51.67,51.59
2026-09-30,2472,205.0,320.0,214.53,214.55
2026-09-30,2474,967.0,753.0,206.31,206.35
2026-09-30,2476,271.0,236.0,124.03,124.0
2026-09-30,2477,116.0,104.0,23.14,23.14
2026-09-30,2478,504.0,196.0,119.76,119.57
2026-09-30,2480,53.0,58.0,159.73,159.71
2026-09-30,2481,2919.0,7533.0,172.78,172.54
2026-09-30,2482,110.0,93.0,16.45,16.45
2026-09-30,2483,973.0,554.0,35.26,35.03
2026-09-30,2484,1284.0,1992.0,78.4,77.97
2026-09-30,2485,1803.0,659.0,41.12,41.2
2026-09-30,2486,640.0,689.0,239.7,238.81
2026-09-30,2488,33.0,31.0,48.89,48.91
2026-09-30,2489,1589.0,4175.0,41.85,41.83
2026-09-30,2491,333.0,277.0,41.04,41.08
2026-09-30,2492,1311.0,7982.0,300.86,300.58
2026-09-30,2493,415.0,435.0,198.04,197.99
2026-09-30,2495,307.0,351.0,39.19,39.16
2026-09-30,2496,11.0,11.0,54.88,54.81
2026-09-30,2497,116.0,119.0,44.56,44.58
2026-09-30,2498,1457.0,2674.0,43.55,43.46
2026-09-30,2501,1490.0,1934.0,21.17,21.16
2026-09-30,2504,533.0,706.0,30.59,30.59
2026-09-30,2505,367.0,379.0,16.99,16.99
2026-09-30,2506,66.0,61.0,8.41,8.41
2026-09-30,2509,28.0,27.0,14.22,14.22
2026-09-30,2511,307.0,420.0,8.32,8.32
2026-09-30,2514,55.0,55.0,11.63,11.63
2026-09-30,2515,1860.0,1569.0,11.92,11.93
2026-09-30,2516,123.0,109.0,15.31,15.3
2026-09-30,2520,1004.0,1126.0,36.69,36.65
2026-09-30,2524,38.0,38.0,34.53,34.52
2026-09-30,2527,924.0,622.0,49.88,49.86
2026-09-30,2528,136.0,147.0,19.38,19.38
2026-09-30,2530,298.0,320.0,20.04,20.05
2026-09-30,2534,189.0,210.0,16.81,16.79
2026-09-30,2535,67.0,86.0,89.24,89.18
2026-09-30,2536,316.0,337.0,19.14,19.15
2026-09-30,2537,252.0,268.0,11.24,11.23
2026-09-30,2538,597.0,494.0,8.8,8.79
2026-09-30,2539,326.0,269.0,34.11,34.12
2026-09-30,2540,178.0,123.0,48.14,48.12
2026-09-30,2542,3855.0,5780.0,38.46,38.38
2026-09-30,2543,425.0,357.0,38.52,38.5
2026-09-30,2545,119.0,107.0,34.34,34.35
2026-09-30,2546,63.0,83.0,105.41,105.35
2026-09-30,2547,690.0,1003.0,9.82,9.82
2026-09-30,2548,514.0,1191.0,91.94,91.93
2026-09-30,2597,80.0,79.0,168.18,168.23
2026-09-30,2603,2007.0,1516.0,239.26,239.36
2026-09-30,2605,4544.0,6746.0,35.51,35.47
2026-09-30,2606,867.0,1041.0,73.62,73.49
2026-09-30,2607,259.0,173.0,53.63,53.63
2026-09-30,2608,80.0,93.0,28.59,28.59
2026-09-30,2609,8163.0,2967.0,59.29,59.26
2026-09-30,2610,10716.0,4174.0,20.4,20.4
2026-09-30,2611,359.0,283.0,14.33,14.33
2026-09-30,2612,214.0,188.0,61.4,61.37
2026-09-30,2613,146.0,112.0,22.15,22.13
2026-09-30,2614,902.0,784.0,19.09,19.1
2026-09-30,2615,2696.0,1311.0,113.44,113.29
2026-09-30,2616,45.0,44.0,13.25,13.25
2026-09-30,2617,194.0,241.0,31.33,31.31
2026-09-30,2618,16228.0,5609.0,42.75,42.68
2026-09-30,2630,232.0,305.0,46.89,46.75
2026-09-30,2633,1394.0,1151.0,25.74,25.7
2026-09-30,2634,1920.0,1111.0,63.9,63.73
2026-09-30,2636,217.0,126.0,71.39,71.39
2026-09-30,2637,861.0,532.0,96.57,96.6
2026-09-30,2642,31.0,30.0,20.29,20.28
2026-09-30,2645,364.0,264.0,173.56,173.67
2026-09-30,2646,1068.0,1347.0,20.12,20.11
2026-09-30,2701,43.0,43.0,10.28,10.28
2026-09-30,2702,146.0,289.0,12.26,12.24
2026-09-30,2704,38.0,38.0,45.24,45.28
2026-09-30,2705,92.0,87.0,15.11,15.11
2026-09-30,2706,39.0,39.0,12.18,12.18
2026-09-30,2707,39.0,61.0,175.62,175.55
2026-09-30,2712,14.0,14.0,13.48,13.49
2026-09-30,2722,24.0,24.0,21.31,21.32
2026-09-30,2723,101.0,84.0,77.31,77.32
2026-09-30,2727,169.0,125.0,234.18,233.69
2026-09-30,2731,69.0,59.0,144.03,143.95
2026-09-30,2739,35.0,36.0,36.33,36.32
2026-09-30,2748,40.0,43.0,38.68,38.69
2026-09-30,2753,117.0,109.0,179.77,179.74
2026-09-30,2762,20.0,25.0,79.3,79.32
2026-09-30,2801,7865.0,7758.0,27.62,27.59
2026-09-30,2812,5091.0,6603.0,18.88,18.88
2026-09-30,2816,103.0,85.0,40.17,40.15
2026-09-30,2820,772.0,1400.0,16.87,16.86
2026-09-30,2832,53.0,92.0,56.86,56.86
2026-09-30,2834,8536.0,9077.0,17.76,17.75
2026-09-30,2836,381.0,410.0,12.09,12.09
2026-09-30,2836A,9.0,9.0,23.96,23.96
2026-09-30,2838,1088.0,1214.0,20.63,20.63
2026-09-30,2838A,43.0,43.0,52.22,52.06
2026-09-30,2845,2852.0,4244.0,13.17,13.15
2026-09-30,2849,121.0,104.0,15.95,15.94
2026-09-30,2850,1012.0,991.0,162.71,162.7
2026-09-30,2851,463.0,467.0,47.11,47.09
2026-09-30,2852,95.0,116.0,27.81,27.81
2026-09-30,2855,2177.0,1829.0,56.5,56.52
2026-09-30,2880,6136.0,5095.0,45.47,45.45
2026-09-30,2881,4968.0,5430.0,151.99,151.88
2026-09-30,2881A,66.0,66.0,61.43,61.43
2026-09-30,2881B,3.0,3.0,60.79,60.79
2026-09-30,2881C,25.0,24.0,51.8,51.8
2026-09-30,2882,9434.0,9806.0,111.61,111.55
2026-09-30,2882A,16.0,16.0,60.14,60.14
2026-09-30,2882B,9.0,9.0,58.65,58.65
2026-09-30,2883,12017.0,14835.0,38.98,38.96
2026-09-30,2883B,1661.0,1418.0,8.54,8.54
2026-09-30,2884,10588.0,12500.0,44.96,44.94
2026-09-30,2885,5658.0,7019.0,68.74,68.71
2026-09-30,2886,6862.0,8354.0,49.18,49.16
2026-09-30,2887,14046.0,11405.0,42.12,42.1
2026-09-30,2887E,148.0,200.0,48.4,48.4
2026-09-30,2887F,94.0,108.0,45.54,45.54
2026-09-30,2887G,73.0,73.0,44.47,44.47
2026-09-30,2887H,123.0,121.0,43.02,43.02
2026-09-30,2887I,591.0,472.0,9.52,9.52
2026-09-30,2887Z1,97.0,97.0,22.69,22.7
2026-09-30,2889,3087.0,3408.0,16.53,16.53
2026-09-30,2890,9511.0,8742.0,44.33,44.32
2026-09-30,2891,10500.0,13889.0,68.66,68.63
2026-09-30,2891B,2.0,2.0,61.87,61.87
2026-09-30,2891C,22.0,22.0,60.82,60.81
2026-09-30,2892,14167.0,14508.0,38.68,38.68
2026-09-30,2897,1747.0,2383.0,10.95,10.93
2026-09-30,2897B,59.0,59.0,11.85,11.85
2026-09-30,2901,30.0,29.0,24.13,24.19
2026-09-30,2903,990.0,1135.0,22.09,22.06
2026-09-30,2904,29.0,28.0,12.62,12.62
2026-09-30,2905,484.0,383.0,18.25,18.24
2026-09-30,2906,51.0,64.0,13.33,13.32
2026-09-30,2908,200.0,192.0,21.93,21.93
2026-09-30,2910,11.0,11.0,23.56,23.6
2026-09-30,2911,68.0,73.0,6.04,6.04
2026-09-30,2912,681.0,1007.0,212.58,212.47
2026-09-30,2913,679.0,454.0,11.08,11.08
2026-09-30,2915,705.0,791.0,58.9,58.87
2026-09-30,2923,106.0,92.0,25.25,25.24
2026-09-30,2929,51.0,48.0,5.84,5.83
2026-09-30,2939,80.0,74.0,21.28,21.17
2026-09-30,2945,20.0,20.0,39.84,39.84
2026-09-30,3002,144.0,134.0,19.38,19.35
2026-09-30,3003,222.0,160.0,60.21,60.12
2026-09-30,3004,86.0,89.0,118.78,118.69
2026-09-30,3005,576.0,815.0,116.7,116.7
2026-09-30,3006,1434.0,1495.0,285.85,285.38
2026-09-30,3008,449.0,777.0,5989.07,5992.98
2026-09-30,3010,156.0,199.0,126.01,125.81
2026-09-30,3011,230.0,196.0,10.12,10.11
2026-09-30,3013,431.0,678.0,87.67,87.64
2026-09-30,3014,424.0,764.0,141.75,141.91
2026-09-30,3015,375.0,194.0,54.83,54.74
2026-09-30,3016,3359.0,6346.0,168.68,168.15
2026-09-30,3017,645.0,386.0,3480.67,3479.29
2026-09-30,3018,28.0,29.0,11.94,11.94
2026-09-30,3019,353.0,299.0,136.45,136.48
2026-09-30,3021,514.0,1259.0,28.88,29.09
2026-09-30,3022,352.0,576.0,92.34,92.38
2026-09-30,3023,564.0,790.0,306.73,306.59
2026-09-30,3024,256.0,340.0,14.21,14.19
2026-09-30,3025,99.0,99.0,52.79,52.76
2026-09-30,3026,465.0,1416.0,798.54,799.21
2026-09-30,3027,191.0,159.0,18.8,18.8
2026-09-30,3028,152.0,263.0,62.95,62.92
2026-09-30,3029,586.0,270.0,119.4,118.02
2026-09-30,3030,275.0,327.0,278.54,278.83
2026-09-30,3031,717.0,512.0,31.02,30.87
2026-09-30,3032,104.0,97.0,78.45,78.38
2026-09-30,3033,1221.0,1061.0,42.6,42.59
2026-09-30,3034,2021.0,1550.0,547.99,545.59
2026-09-30,3035,991.0,820.0,211.39,210.66
2026-09-30,3036,1583.0,2193.0,207.19,207.03
2026-09-30,3037,2540.0,1754.0,1175.4,1173.27
2026-09-30,3038,231.0,187.0,20.67,20.66
2026-09-30,3040,54.0,84.0,33.94,33.83
2026-09-30,3041,632.0,471.0,24.23,24.21
2026-09-30,3042,4123.0,3037.0,212.3,211.65
2026-09-30,3043,39.0,38.0,20.31,20.32
2026-09-30,3044,838.0,656.0,528.62,527.62
2026-09-30,3045,3660.0,4644.0,118.98,118.82
2026-09-30,3046,65.0,84.0,53.7,53.69
2026-09-30,3047,450.0,299.0,14.75,14.74
2026-09-30,3048,314.0,256.0,51.65,51.64
2026-09-30,3049,2652.0,1500.0,12.66,12.67
2026-09-30,3050,463.0,317.0,11.85,11.85
2026-09-30,3051,553.0,466.0,23.36,23.31
2026-09-30,3052,189.0,206.0,10.4,10.4
2026-09-30,3054,85.0,79.0,58.88,59.07
2026-09-30,3055,852.0,1472.0,202.3,201.44
2026-09-30,3056,222.0,346.0,13.81,13.81
2026-09-30,3057,11.0,11.0,16.24,16.23
2026-09-30,3058,197.0,178.0,8.19,8.19
2026-09-30,3059,641.0,395.0,38.52,38.45
2026-09-30,3060,560.0,659.0,28.37,28.25
2026-09-30,3062,1024.0,489.0,22.76,22.77
2026-09-30,3090,282.0,362.0,161.79,161.59
2026-09-30,3092,516.0,617.0,24.86,24.81
2026-09-30,3094,1804.0,6109.0,60.58,60.73
2026-09-30,3130,39.0,40.0,209.27,209.26
2026-09-30,3135,130.0,107.0,157.62,157.46
2026-09-30,3138,163.0,127.0,101.21,101.03
2026-09-30,3149,7156.0,4768.0,73.65,72.23
2026-09-30,3150,18.0,18.0,15.35,15.32
2026-09-30,3164,26.0,26.0,16.45,16.43
2026-09-30,3167,238.0,928.0,887.04,888.92
2026-09-30,3168,11.0,11.0,42.39,42.37
2026-09-30,3189,4002.0,4746.0,958.16,955.55
2026-09-30,3209,256.0,429.0,45.65,45.57
2026-09-30,3229,383.0,404.0,58.91,59.16
2026-09-30,3231,6462.0,8523.0,185.39,185.26
2026-09-30,3257,84.0,75.0,49.52,49.52
2026-09-30,3266,30.0,28.0,13.97,13.96
2026-09-30,3296,50.0,49.0,28.09,28.06
2026-09-30,3305,279.0,228.0,106.25,106.22
2026-09-30,3308,122.0,88.0,22.53,22.53
2026-09-30,3311,2202.0,1212.0,41.18,41.48
2026-09-30,3312,431.0,229.0,52.39,52.23
2026-09-30,3321,65.0,54.0,18.21,18.22
2026-09-30,3338,230.0,197.0,68.11,68.08
2026-09-30,3346,302.0,213.0,24.07,24.09
2026-09-30,3356,73.0,94.0,66.04,65.99
2026-09-30,3376,1093.0,937.0,175.26,174.38
2026-09-30,3380,575.0,1781.0,32.3,32.3
2026-09-30,3406,687.0,858.0,899.47,897.58
2026-09-30,3413,219.0,182.0,292.98,292.93
2026-09-30,3416,83.0,99.0,162.49,162.5
2026-09-30,3419,605.0,606.0,12.21,12.19
2026-09-30,3432,49.0,49.0,14.82,14.82
2026-09-30,3437,450.0,395.0,22.48,22.51
2026-09-30,3443,340.0,301.0,7994.38,7991.21
2026-09-30,3447,69.0,55.0,27.62,27.59
2026-09-30,3450,753.0,1692.0,527.38,527.55
2026-09-30,3481,201199.0,27986.0,53.76,53.61
2026-09-30,3494,20.0,20.0,7.07,7.08
2026-09-30,3501,122.0,160.0,37.59,37.58
2026-09-30,3504,186.0,256.0,79.55,79.52
2026-09-30,3515,77.0,60.0,212.38,212.42
2026-09-30,3518,2723.0,2572.0,41.02,40.98
2026-09-30,3528,64.0,65.0,84.91,84.93
2026-09-30,3530,86.0,84.0,59.18,59.16
2026-09-30,3532,848.0,1622.0,473.42,469.0
2026-09-30,3533,989.0,847.0,1762.08,1757.67
2026-09-30,3535,427.0,287.0,91.96,91.9
2026-09-30,3543,1381.0,2692.0,50.42,50.32
2026-09-30,3545,210.0,332.0,51.64,51.54
2026-09-30,3550,712.0,2609.0,26.38,26.43
2026-09-30,3557,40.0,51.0,22.76,22.77
2026-09-30,3563,559.0,338.0,807.24,805.42
2026-09-30,3576,39518.0,7513.0,19.55,19.53
2026-09-30,3583,172.0,391.0,719.67,717.18
2026-09-30,3588,106.0,103.0,54.08,54.11
2026-09-30,3591,962.0,478.0,27.36,27.34
2026-09-30,3592,364.0,601.0,235.97,235.76
2026-09-30,3593,39.0,39.0,10.44,10.43
2026-09-30,3596,265.0,455.0,153.48,153.39
2026-09-30,3605,2315.0,3508.0,172.44,173.99
2026-09-30,3607,151.0,124.0,13.89,13.86
2026-09-30,3617,111.0,111.0,243.27,243.07
2026-09-30,3622,113.0,85.0,45.83,45.83
2026-09-30,3645,827.0,414.0,74.51,74.45
2026-09-30,3652,45.0,47.0,33.89,33.87
2026-09-30,3653,310.0,393.0,6809.16,6827.99
2026-09-30,3661,256.0,189.0,3769.7,3760.27
2026-09-30,3665,2139.0,1440.0,2598.67,2583.63
2026-09-30,3669,61.0,70.0,32.85,32.85
2026-09-30,3673,3957.0,4566.0,74.71,73.0
2026-09-30,3679,22.0,25.0,108.19,108.24
2026-09-30,3686,359.0,197.0,16.13,16.05
2026-09-30,3694,251.0,141.0,51.24,51.25
2026-09-30,3701,1954.0,700.0,45.48,45.5
2026-09-30,3702,2170.0,3282.0,114.13,114.17
2026-09-30,3703,354.0,443.0,19.55,19.55
2026-09-30,3704,319.0,316.0,40.56,40.57
2026-09-30,3705,121.0,100.0,56.48,56.46
2026-09-30,3706,1388.0,1399.0,79.43,79.43
2026-09-30,3708,159.0,126.0,98.51,98.46
2026-09-30,3711,5249.0,3072.0,707.77,707.15
2026-09-30,3712,324.0,338.0,20.5,20.54
2026-09-30,3714,3201.0,2101.0,69.93,69.95
2026-09-30,3715,897.0,744.0,126.18,125.71
2026-09-30,3716,99.0,91.0,34.16,34.16
2026-09-30,3717,3188.0,7518.0,28.05,28.16
2026-09-30,4104,117.0,78.0,72.51,72.51
2026-09-30,4106,59.0,70.0,24.21,24.21
2026-09-30,4108,128.0,155.0,11.37,11.36
2026-09-30,4119,59.0,75.0,55.13,55.1
2026-09-30,4133,31.0,26.0,20.59,20.58
2026-09-30,4137,56.0,53.0,77.28,77.28
2026-09-30,4142,1064.0,486.0,18.19,18.17
2026-09-30,4148,12.0,12.0,32.05,32.05
2026-09-30,4155,105.0,124.0,14.59,14.6
2026-09-30,4164,178.0,130.0,27.25,27.27
2026-09-30,4169,78.0,64.0,151.47,151.36
2026-09-30,4178,72.0,80.0,16.53,16.52
2026-09-30,4190,10.0,10.0,25.08,25.09
2026-09-30,4195,434.0,504.0,16.98,16.63
2026-09-30,4306,424.0,441.0,14.67,14.67
2026-09-30,4414,171.0,218.0,8.12,8.11
2026-09-30,4426,39.0,39.0,7.61,7.61
2026-09-30,4438,29.0,29.0,56.83,56.85
2026-09-30,4439,17.0,17.0,97.99,97.87
2026-09-30,4440,20.0,20.0,17.48,17.52
2026-09-30,4441,59.0,64.0,170.73,170.59
2026-09-30,4526,1508.0,579.0,33.8,33.7
2026-09-30,4532,288.0,514.0,24.89,24.88
2026-09-30,4536,150.0,205.0,161.36,161.25
2026-09-30,4540,1002.0,558.0,62.83,62.83
2026-09-30,4545,564.0,456.0,38.84,38.8
2026-09-30,4551,1035.0,1909.0,177.88,179.3
2026-09-30,4552,179.0,163.0,15.6,15.6
2026-09-30,4555,49.0,54.0,41.96,41.94
2026-09-30,4557,53.0,53.0,50.29,50.3
2026-09-30,4560,69.0,69.0,29.45,29.43
2026-09-30,4562,104.0,81.0,30.59,30.44
2026-09-30,4564,343.0,218.0,16.3,16.31
2026-09-30,4566,617.0,515.0,74.92,74.84
2026-09-30,4569,21.0,21.0,157.76,157.56
2026-09-30,4571,67.0,58.0,153.55,153.55
2026-09-30,4572,12.0,12.0,138.79,138.79
2026-09-30,4576,249.0,585.0,238.09,238.02
2026-09-30,4581,12.0,12.0,47.98,47.98
2026-09-30,4582,112.0,118.0,22.28,22.28
2026-09-30,4583,44.0,48.0,426.66,427.68
2026-09-30,4585,41.0,38.0,291.87,291.64
2026-09-30,4588,30.0,27.0,56.06,56.01
2026-09-30,4590,84.0,83.0,89.28,89.22
2026-09-30,4720,139.0,126.0,19.34,19.35
2026-09-30,4722,211.0,296.0,192.59,192.67
2026-09-30,4736,123.0,114.0,129.55,129.53
2026-09-30,4737,33.0,35.0,55.53,55.55
2026-09-30,4739,619.0,532.0,87.92,87.8
2026-09-30,4746,623.0,489.0,48.45,48.29
2026-09-30,4755,114.0,122.0,119.01,119.18
2026-09-30,4763,5057.0,1292.0,48.34,48.41
2026-09-30,4764,225.0,458.0,188.48,187.63
2026-09-30,4766,49.0,52.0,341.47,341.4
2026-09-30,4770,252.0,476.0,282.54,282.3
2026-09-30,4771,78.0,79.0,213.08,212.98
2026-09-30,4807,88.0,100.0,29.1,29.08
2026-09-30,4904,1912.0,2645.0,103.51,103.35
2026-09-30,4906,4238.0,1616.0,41.45,41.31
2026-09-30,4912,653.0,399.0,100.51,100.5
2026-09-30,4915,810.0,999.0,63.71,63.69
2026-09-30,4916,478.0,594.0,103.5,103.51
2026-09-30,4919,1582.0,1111.0,137.84,137.33
2026-09-30,4927,1506.0,825.0,44.33,44.23
2026-09-30,4930,12.0,13.0,15.9,15.9
2026-09-30,4934,474.0,357.0,14.78,14.78
2026-09-30,4935,77.0,47.0,33.49,33.5
2026-09-30,4938,5807.0,8704.0,90.24,90.22
2026-09-30,4942,83.0,83.0,31.89,31.89
2026-09-30,4943,8.0,8.0,6.91,6.88
2026-09-30,4949,153.0,144.0,76.82,76.73
2026-09-30,4952,81.0,82.0,49.56,49.55
2026-09-30,4956,1344.0,4056.0,47.07,47.21
2026-09-30,4958,3438.0,2940.0,503.91,502.45
2026-09-30,4960,1864.0,2056.0,24.21,24.23
2026-09-30,4961,262.0,635.0,180.16,179.95
2026-09-30,4967,670.0,345.0,274.76,274.55
2026-09-30,4968,372.0,184.0,95.37,95.05
2026-09-30,4976,270.0,255.0,35.73,35.68
2026-09-30,4977,417.0,352.0,170.81,170.74
2026-09-30,4989,910.0,457.0,60.95,60.89
2026-09-30,4994,10.0,10.0,81.94,81.82
2026-09-30,4999,35.0,36.0,17.79,17.79
2026-09-30,5007,81.0,81.0,56.07,56.07
2026-09-30,5203,40.0,53.0,58.63,58.55
2026-09-30,5215,13.0,13.0,37.84,37.84
2026-09-30,5222,98.0,68.0,105.92,105.85
2026-09-30,5225,67.0,62.0,55.29,55.28
2026-09-30,5234,197.0,631.0,318.53,318.66
2026-09-30,5236,74.0,72.0,136.92,136.75
2026-09-30,5243,643.0,433.0,91.88,91.78
2026-09-30,5244,46.0,48.0,35.55,35.53
2026-09-30,5258,112.0,94.0,41.84,41.79
2026-09-30,5269,78.0,144.0,1467.09,1467.34
2026-09-30,5283,54.0,55.0,52.8,52.81
2026-09-30,5284,86.0,138.0,300.09,299.81
2026-09-30,5285,206.0,350.0,90.23,90.28
2026-09-30,5288,129.0,192.0,184.95,185.31
2026-09-30,5292,267.0,174.0,225.75,225.32
2026-09-30,5306,31.0,33.0,88.65,88.66
2026-09-30,5388,558.0,1143.0,71.74,71.79
2026-09-30,5434,428.0,407.0,556.29,555.92
2026-09-30,5469,655.0,774.0,73.84,73.83
2026-09-30,5471,254.0,318.0,52.48,52.47
2026-09-30,5484,98.0,127.0,39.4,39.37
2026-09-30,5515,143.0,225.0,51.94,51.91
2026-09-30,5519,130.0,138.0,25.15,25.17
2026-09-30,5521,589.0,446.0,10.57,10.57
2026-09-30,5522,424.0,439.0,61.07,61.1
2026-09-30,5525,44.0,53.0,21.92,21.93
2026-09-30,5531,281.0,276.0,6.88,6.88
2026-09-30,5533,34.0,34.0,13.91,13.91
2026-09-30,5534,345.0,506.0,73.29,73.25
2026-09-30,5538,95.0,95.0,36.13,36.11
2026-09-30,5546,11.0,11.0,14.33,14.33
2026-09-30,5607,148.0,156.0,52.17,52.14
2026-09-30,5608,772.0,455.0,16.86,16.84
2026-09-30,5706,38.0,36.0,44.01,44.03
2026-09-30,5871,2238.0,4102.0,106.73,106.57
2026-09-30,5871A,50.0,50.0,99.99,99.99
2026-09-30,5876,4154.0,3478.0,49.18,49.19
2026-09-30,5880,7240.0,7804.0,26.12,26.11
2026-09-30,5906,3.0,3.0,40.93,40.93
2026-09-30,5907,66.0,72.0,4.83,4.82
2026-09-30,6005,2051.0,1780.0,32.07,31.98
2026-09-30,6024,67.0,96.0,60.28,60.26
2026-09-30,6108,663.0,708.0,24.99,25.02
2026-09-30,6112,413.0,369.0,47.68,47.47
2026-09-30,6115,60.0,85.0,43.98,43.98
2026-09-30,6116,57551.0,11890.0,16.21,16.03
2026-09-30,6117,83.0,83.0,62.35,62.31
2026-09-30,6120,6910.0,2245.0,14.25,14.17
2026-09-30,6128,37.0,38.0,19.23,19.23
2026-09-30,6133,1781.0,3289.0,29.15,29.09
2026-09-30,6136,132.0,99.0,25.03,25.02
2026-09-30,6139,1034.0,318.0,754.48,753.42
2026-09-30,6141,416.0,695.0,52.38,52.21
2026-09-30,6142,613.0,597.0,9.37,9.35
2026-09-30,6152,636.0,542.0,15.2,15.19
2026-09-30,6153,1256.0,696.0,18.08,18.11
2026-09-30,6155,396.0,718.0,63.79,64.11
2026-09-30,6164,369.0,316.0,12.56,12.54
2026-09-30,6165,3531.0,3374.0,50.0,50.0
2026-09-30,6166,345.0,699.0,135.55,135.5
2026-09-30,6168,1388.0,1552.0,45.76,46.01
2026-09-30,6176,675.0,581.0,91.27,91.24
2026-09-30,6177,284.0,320.0,46.47,46.48
2026-09-30,6183,29.0,29.0,91.3,91.39
2026-09-30,6184,24.0,24.0,40.18,40.18
2026-09-30,6189,279.0,176.0,50.18,50.18
2026-09-30,6191,539.0,334.0,83.75,83.6
2026-09-30,6192,59.0,75.0,109.67,109.66
2026-09-30,6196,1264.0,259.0,579.85,577.62
2026-09-30,6197,472.0,275.0,325.31,324.74
2026-09-30,6201,10.0,10.0,44.57,44.56
2026-09-30,6202,303.0,419.0,58.86,58.81
2026-09-30,6205,282.0,426.0,71.59,71.5
2026-09-30,6206,233.0,552.0,140.62,140.41
2026-09-30,6209,745.0,1399.0,81.68,81.66
2026-09-30,6213,1230.0,2357.0,636.48,635.82
2026-09-30,6214,694.0,500.0,186.67,186.34
2026-09-30,6215,123.0,128.0,97.88,97.79
2026-09-30,6216,60.0,62.0,20.03,19.95
2026-09-30,6224,226.0,503.0,79.75,79.74
2026-09-30,6225,182.0,111.0,60.71,60.68
2026-09-30,6226,703.0,914.0,45.13,45.03
2026-09-30,6230,22.0,22.0,112.57,112.51
2026-09-30,6235,169.0,124.0,39.14,39.14
2026-09-30,6239,4181.0,1944.0,291.36,290.39
2026-09-30,6243,180.0,148.0,39.41,39.34
2026-09-30,6257,6740.0,1907.0,254.84,254.59
2026-09-30,6269,1785.0,725.0,66.06,65.93
2026-09-30,6271,502.0,874.0,228.42,228.47
2026-09-30,6272,79.0,87.0,25.79,25.77
2026-09-30,6277,61.0,67.0,76.86,76.84
2026-09-30,6278,2214.0,984.0,218.79,218.11
2026-09-30,6281,26.0,33.0,50.93,50.94
2026-09-30,6282,754.0,1908.0,43.76,43.73
2026-09-30,6283,75.0,58.0,19.54,19.51
2026-09-30,6285,825.0,464.0,236.45,236.31
2026-09-30,6405,398.0,241.0,50.1,50.1
2026-09-30,6409,128.0,67.0,897.8,892.96
2026-09-30,6412,182.0,157.0,74.68,74.68
2026-09-30,6414,360.0,891.0,396.22,396.15
2026-09-30,6415,651.0,1008.0,410.28,410.19
2026-09-30,6416,214.0,278.0,114.71,114.49
2026-09-30,6426,288.0,486.0,351.38,351.41
2026-09-30,6431,38.0,38.0,17.46,17.36
2026-09-30,6438,666.0,335.0,167.28,166.71
2026-09-30,6442,194.0,564.0,1499.98,1495.72
2026-09-30,6443,1263.0,1822.0,28.7,28.65
2026-09-30,6446,303.0,372.0,1220.28,1220.58
2026-09-30,6449,291.0,267.0,211.69,211.49
2026-09-30,6451,232.0,250.0,420.52,419.61
2026-09-30,6456,8971.0,8823.0,93.09,92.72
2026-09-30,6464,14.0,14.0,76.73,76.71
2026-09-30,6472,144.0,115.0,424.59,424.12
2026-09-30,6477,326.0,350.0,35.46,35.29
2026-09-30,6491,296.0,164.0,412.6,412.0
2026-09-30,6504,18.0,18.0,37.06,36.8
2026-09-30,6505,10801.0,3303.0,96.72,95.98
2026-09-30,6515,91.0,75.0,5861.64,5839.42
2026-09-30,6525,215.0,144.0,135.58,135.79
2026-09-30,6526,273.0,257.0,843.2,842.1
2026-09-30,6531,402.0,650.0,936.67,933.71
2026-09-30,6533,2387.0,1345.0,328.45,317.35
2026-09-30,6534,21.0,21.0,90.35,90.28
2026-09-30,6541,247.0,202.0,31.06,31.0
2026-09-30,6550,634.0,515.0,17.29,17.37
2026-09-30,6552,49.0,45.0,25.09,25.1
2026-09-30,6558,204.0,245.0,25.23,25.2
2026-09-30,6573,146.0,128.0,16.2,16.18
2026-09-30,6579,169.0,147.0,159.7,159.62
2026-09-30,6581,8.0,8.0,108.5,108.44
2026-09-30,6582,18.0,18.0,31.09,31.05
2026-09-30,6585,79.0,94.0,103.41,103.31
2026-09-30,6589,652.0,297.0,53.29,53.35
2026-09-30,6591,50.0,74.0,42.78,42.72
2026-09-30,6592,163.0,368.0,56.95,56.94
2026-09-30,6592A,2.0,2.0,96.14,96.14
2026-09-30,6592B,2.0,2.0,94.6,94.6
2026-09-30,6598,121.0,153.0,27.08,27.04
2026-09-30,6605,79.0,95.0,137.24,137.24
2026-09-30,6606,32.0,37.0,24.84,24.74
2026-09-30,6614,32.0,32.0,35.35,35.36
2026-09-30,6625,30.0,46.0,73.71,73.68
2026-09-30,6641,7.0,7.0,16.86,16.98
2026-09-30,6645,8.0,8.0,12.74,12.76
2026-09-30,6655,2.0,2.0,123.62,123.29
2026-09-30,6657,74.0,74.0,32.62,32.54
2026-09-30,6658,134.0,158.0,181.99,181.22
2026-09-30,6666,10.0,10.0,45.18,45.05
2026-09-30,6668,252.0,422.0,47.47,47.46
2026-09-30,6669,259.0,726.0,2109.59,2107.9
2026-09-30,6670,63.0,96.0,272.12,272.19
2026-09-30,6671,6.0,6.0,22.77,22.71
2026-09-30,6672,3222.0,1535.0,362.25,356.89
2026-09-30,6674,123.0,112.0,18.3,18.3
2026-09-30,6689,115.0,94.0,64.55,64.54
2026-09-30,6691,1380.0,344.0,711.53,710.25
2026-09-30,6695,407.0,244.0,54.71,54.67
2026-09-30,6698,203.0,268.0,33.08,33.01
2026-09-30,6706,524.0,480.0,152.85,153.31
2026-09-30,6715,255.0,394.0,445.68,445.32
2026-09-30,6719,217.0,258.0,186.09,185.37
2026-09-30,6722,10.0,10.0,32.37,32.39
2026-09-30,6742,577.0,254.0,56.71,56.65
2026-09-30,6743,393.0,260.0,31.72,31.68
2026-09-30,6753,120.0,136.0,133.59,133.36
2026-09-30,6754,12.0,12.0,41.53,41.49
2026-09-30,6756,43.0,42.0,98.86,98.88
2026-09-30,6757,549.0,508.0,53.86,53.82
2026-09-30,6768,52.0,62.0,62.6,62.59
2026-09-30,6770,65159.0,8766.0,74.37,74.4
2026-09-30,6771,55.0,38.0,42.38,42.42
2026-09-30,6776,59.0,48.0,52.67,52.67
2026-09-30,6781,81.0,88.0,1022.12,1022.21
2026-09-30,6782,127.0,78.0,240.25,240.12
2026-09-30,6789,726.0,316.0,494.03,491.78
2026-09-30,6790,46.0,50.0,37.69,37.69
2026-09-30,6792,22.0,24.0,58.96,58.87
2026-09-30,6794,17.0,17.0,71.2,71.09
2026-09-30,6796,20.0,20.0,52.55,52.62
2026-09-30,6799,176.0,128.0,90.93,90.91
2026-09-30,6805,807.0,910.0,2572.45,2549.9
2026-09-30,6807,6.0,6.0,31.88,31.95
2026-09-30,6830,212.0,269.0,534.64,535.64
2026-09-30,6831,209.0,549.0,477.35,477.2
2026-09-30,6834,350.0,748.0,111.46,111.78
2026-09-30,6835,5.0,5.0,31.13,31.06
2026-09-30,6838,84.0,81.0,25.78,25.76
2026-09-30,6854,112.0,106.0,93.06,92.92
2026-09-30,6861,955.0,305.0,310.42,306.47
2026-09-30,6862,41.0,53.0,138.02,138.2
2026-09-30,6863,61.0,76.0,94.89,94.69
2026-09-30,6869,252.0,186.0,71.37,71.24
2026-09-30,6873,79.0,78.0,68.13,68.09
2026-09-30,6885,267.0,303.0,31.12,30.9
2026-09-30,6887,27.0,27.0,37.86,37.89
2026-09-30,6890,33.0,35.0,147.94,147.82
2026-09-30,6901,1722.0,2963.0,16.91,16.9
2026-09-30,6902,214.0,252.0,158.55,158.58
2026-09-30,6906,32.0,34.0,83.99,83.76
2026-09-30,6908,66.0,65.0,26.65,26.64
2026-09-30,6909,130.0,118.0,42.76,42.72
2026-09-30,6914,44.0,50.0,119.43,119.43
2026-09-30,6916,29.0,27.0,18.83,18.79
2026-09-30,6918,11.0,11.0,74.04,74.07
2026-09-30,6919,1057.0,2518.0,79.96,79.91
2026-09-30,6921,48.0,48.0,67.34,67.32
2026-09-30,6923,38.0,38.0,75.02,75.03
2026-09-30,6924,19.0,19.0,132.6,132.12
2026-09-30,6928,30.0,28.0,45.71,45.66
2026-09-30,6931,20.0,20.0,38.91,38.92
2026-09-30,6933,319.0,505.0,381.15,380.28
2026-09-30,6934,54.0,54.0,75.26,75.25
2026-09-30,6936,15.0,15.0,31.79,31.79
2026-09-30,6937,250.0,236.0,310.37,310.25
2026-09-30,6944,126.0,110.0,780.66,779.99
2026-09-30,6947,157.0,161.0,68.05,68.04
2026-09-30,6949,1495.0,1312.0,50.72,50.8
2026-09-30,6951,21.0,23.0,69.31,69.31
2026-09-30,6952,2.0,2.0,38.8,38.8
2026-09-30,6955,5.0,5.0,95.5,95.5
2026-09-30,6957,253.0,157.0,368.77,368.65
2026-09-30,6958,32.0,32.0,17.36,17.35
2026-09-30,6958A,1.0,1.0,22.0,22.0
2026-09-30,6962,1169.0,859.0,32.38,32.38
2026-09-30,6965,166.0,175.0,63.38,63.25
2026-09-30,6969,75.0,85.0,31.23,31.22
2026-09-30,6988,291.0,299.0,11.44,11.41
2026-09-30,6994,213.0,217.0,26.25,26.18
2026-09-30,7610,149.0,233.0,1776.8,1764.64
2026-09-30,7631,75.0,89.0,140.29,140.04
2026-09-30,7689,72.0,63.0,159.84,159.83
2026-09-30,7705,31.0,36.0,29.73,29.72
2026-09-30,7711,198.0,222.0,559.17,557.49
2026-09-30,7721,28.0,29.0,62.22,62.21
2026-09-30,7722,21.0,27.0,259.03,259.02
2026-09-30,7730,68.0,62.0,179.36,179.55
2026-09-30,7732,1.0,1.0,33.5,33.5
2026-09-30,7736,15.0,15.0,68.39,68.33
2026-09-30,7740,90.0,100.0,104.15,104.01
2026-09-30,7749,81.0,79.0,393.49,392.48
2026-09-30,7750,42.0,77.0,1936.54,1933.84
2026-09-30,7760,34.0,34.0,32.58,32.57
2026-09-30,7765,39.0,31.0,236.81,236.77
2026-09-30,7768,46.0,44.0,304.16,303.64
2026-09-30,7769,106.0,289.0,5527.54,5506.19
2026-09-30,7780,409.0,297.0,16.16,16.15
2026-09-30,7786,52.0,44.0,119.13,118.92
2026-09-30,7788,250.0,194.0,292.46,291.8
2026-09-30,7791,17.0,18.0,55.33,55.32
2026-09-30,7795,142.0,245.0,493.11,492.96
2026-09-30,7799,677.0,410.0,534.34,532.48
2026-09-30,7803,88.0,94.0,17.74,17.73
2026-09-30,7812,100.0,158.0,67.16,67.15
2026-09-30,7818,55.0,58.0,59.75,59.74
2026-09-30,7821,93.0,130.0,35.8,35.8
2026-09-30,7822,127.0,97.0,1011.42,1009.24
2026-09-30,7823,30.0,30.0,79.91,79.94
2026-09-30,7827,171.0,127.0,163.57,163.64
2026-09-30,7835,54.0,55.0,19.76,19.75
2026-09-30,7855,247.0,297.0,41.38,41.38
2026-09-30,8011,300.0,289.0,16.02,16.04
2026-09-30,8016,152.0,205.0,284.8,284.66
2026-09-30,8021,359.0,270.0,484.49,484.04
2026-09-30,8028,1118.0,4364.0,285.57,285.8
2026-09-30,8033,688.0,352.0,173.14,172.63
2026-09-30,8039,8405.0,2617.0,297.71,291.65
2026-09-30,8045,52.0,46.0,53.76,53.69
2026-09-30,8046,2968.0,1521.0,1296.7,1294.31
2026-09-30,8070,470.0,296.0,50.2,50.19
2026-09-30,8072,43.0,57.0,27.81,27.75
2026-09-30,8081,123.0,333.0,252.92,252.71
2026-09-30,8101,6.0,6.0,10.96,10.7
2026-09-30,8103,1030.0,774.0,120.38,120.58
2026-09-30,8104,424.0,278.0,32.14,32.11
2026-09-30,8105,1932.0,1820.0,16.09,15.7
2026-09-30,8110,648.0,940.0,48.87,48.75
2026-09-30,8112,1487.0,2772.0,82.86,82.89
2026-09-30,8112A,8.0,8.0,45.76,45.76
2026-09-30,8114,120.0,160.0,179.37,178.96
2026-09-30,8131,1052.0,479.0,62.75,62.78
2026-09-30,8150,30378.0,5527.0,111.79,111.92
2026-09-30,8162,149.0,133.0,66.26,66.21
2026-09-30,8163,264.0,379.0,30.3,30.29
2026-09-30,8201,897.0,531.0,15.89,15.83
2026-09-30,8210,426.0,2785.0,848.72,846.68
2026-09-30,8213,637.0,342.0,33.9,33.68
2026-09-30,8215,707.0,465.0,29.5,29.47
2026-09-30,8222,133.0,111.0,35.65,35.57
2026-09-30,8249,135.0,110.0,39.4,39.3
2026-09-30,8261,181.0,281.0,176.47,176.48
2026-09-30,8271,181.0,239.0,201.14,201.07
2026-09-30,8341,99.0,124.0,74.33,74.32
2026-09-30,8367,10.0,10.0,40.23,40.23
2026-09-30,8374,69.0,62.0,77.35,77.36
2026-09-30,8404,200.0,229.0,13.29,13.28
2026-09-30,8411,236.0,265.0,11.78,11.73
2026-09-30,8422,1520.0,840.0,25.77,25.74
2026-09-30,8429,163.0,168.0,5.88,5.87
2026-09-30,8438,175.0,207.0,80.1,79.89
2026-09-30,8442,50.0,44.0,45.34,45.32
2026-09-30,8443,41.0,43.0,11.06,11.06
2026-09-30,8454,273.0,265.0,240.5,240.49
2026-09-30,8462,23.0,24.0,158.7,158.75
2026-09-30,8463,23.0,23.0,21.16,21.15
2026-09-30,8464,107.0,159.0,368.93,368.88
2026-09-30,8466,29.0,29.0,15.04,15.04
2026-09-30,8467,8.0,8.0,88.29,88.3
2026-09-30,8473,233.0,258.0,39.54,39.53
2026-09-30,8476,138.0,106.0,20.03,20.02
2026-09-30,8478,51.0,45.0,139.91,139.96
2026-09-30,8481,7.0,7.0,40.61,40.6
2026-09-30,8482,5.0,5.0,48.63,48.87
2026-09-30,8487,9.0,9.0,70.86,70.71
2026-09-30,8488,14.0,14.0,9.88,9.89
2026-09-30,8499,14.0,14.0,258.44,258.44
2026-09-30,8926,915.0,491.0,58.85,58.72
2026-09-30,8940,28.0,28.0,15.0,15.02
2026-09-30,8996,782.0,1080.0,1619.94,1612.18
2026-09-30,9103,274.0,246.0,4.98,4.98
2026-09-30,910322,7.0,7.0,23.42,23.42
2026-09-30,9105,5096.0,6651.0,8.67,8.63
2026-09-30,910861,95.0,83.0,4.73,4.72
2026-09-30,9110,5.0,5.0,2.81,2.8
2026-09-30,911608,55.0,55.0,2.68,2.68
2026-09-30,911622,10.0,10.0,3.6,3.6
2026-09-30,911868,592.0,587.0,1.16,1.16
2026-09-30,912000,224.0,243.0,2.48,2.48
2026-09-30,9136,159.0,151.0,9.09,9.09
2026-09-30,9802,329.0,343.0,64.59,64.59
2026-09-30,9902,60.0,63.0,13.23,13.23
2026-09-30,9904,4006.0,3666.0,24.88,24.87
2026-09-30,9905,78.0,73.0,21.27,21.27
2026-09-30,9906,17.0,17.0,39.64,39.62
2026-09-30,9907,674.0,444.0,14.92,14.92
2026-09-30,9908,81.0,84.0,28.97,28.96
2026-09-30,9910,258.0,340.0,68.96,68.96
2026-09-30,9911,126.0,149.0,81.6,81.59
2026-09-30,9912,12.0,12.0,13.03,13.01
2026-09-30,9914,1068.0,1253.0,67.73,67.59
2026-09-30,9917,156.0,199.0,105.85,105.73
2026-09-30,9918,10.0,10.0,43.01,43.02
2026-09-30,9919,112.0,101.0,13.76,13.74
2026-09-30,9921,376.0,549.0,93.66,93.61
2026-09-30,9924,100.0,87.0,38.18,38.19
2026-09-30,9925,244.0,303.0,39.48,39.48
2026-09-30,9926,17.0,17.0,48.89,48.87
2026-09-30,9927,370.0,575.0,70.38,70.34
2026-09-30,9928,29.0,29.0,17.7,17.69
2026-09-30,9929,12.0,12.0,11.14,11.13
2026-09-30,9930,111.0,186.0,60.11,60.11
2026-09-30,9931,15.0,15.0,34.04,34.04
2026-09-30,9933,615.0,757.0,40.6,40.58
2026-09-30,9934,205.0,284.0,9.88,9.88
2026-09-30,9935,73.0,74.0,18.28,18.28
2026-09-30,9937,19.0,18.0,54.38,54.4
2026-09-30,9938,293.0,314.0,38.24,38.23
2026-09-30,9939,657.0,684.0,125.34,124.95
2026-09-30,9940,111.0,118.0,20.02,20.01
2026-09-30,9941,222.0,489.0,78.16,78.14
2026-09-30,9941A,4.0,4.0,48.8,48.8
2026-09-30,9942,36.0,37.0,114.34,114.36
2026-09-30,9943,48.0,48.0,50.22,50.23
2026-09-30,9944,15.0,15.0,17.16,17.16
2026-09-30,9945,2475.0,1082.0,29.55,29.53
2026-09-30,9946,135.0,136.0,16.96,16.93
2026-09-30,9955,112.0,122.0,22.93,22.88
2026-09-30,9958,353.0,223.0,92.94,92.93
2026-09-30,00411A,10304.0,7966.0,10.58,10.58
2026-09-30,006201,83.0,82.0,46.57,46.56
2026-09-30,00679B,5707.0,6737.0,24.75,24.75
2026-09-30,00687B,3051.0,3398.0,25.72,25.72
2026-09-30,00687C,30.0,30.0,0.87,0.87
2026-09-30,00694B,112.0,112.0,41.66,41.64
2026-09-30,00695B,130.0,130.0,33.69,33.7
2026-09-30,00696B,875.0,895.0,26.96,26.96
2026-09-30,00697B,121.0,170.0,33.98,33.98
2026-09-30,00719B,1053.0,1340.0,31.04,31.02
2026-09-30,00720B,1262.0,2673.0,30.83,30.83
2026-09-30,00722B,435.0,794.0,33.1,33.1
2026-09-30,00723B,1.0,1.0,28.37,28.36
2026-09-30,00724B,331.0,343.0,31.57,31.56
2026-09-30,00725B,920.0,1951.0,32.88,32.88
2026-09-30,00726B,37.0,38.0,31.2,31.2
2026-09-30,00727B,20.0,20.0,38.89,38.89
2026-09-30,00734B,97.0,97.0,14.88,14.88
2026-09-30,00740B,316.0,395.0,35.91,35.91
2026-09-30,00741B,18.0,18.0,36.74,36.74
2026-09-30,00746B,183.0,183.0,33.3,33.3
2026-09-30,00749B,0.0,0.0,,
2026-09-30,00750B,0.0,0.0,31.02,31.02
2026-09-30,00751B,946.0,2546.0,28.88,28.88
2026-09-30,00754B,16.0,16.0,30.35,30.35
2026-09-30,00755B,5.0,5.0,30.49,30.5
2026-09-30,00756B,50.0,54.0,29.05,29.05
2026-09-30,00758B,0.0,0.0,48.43,48.43
2026-09-30,00759B,0.0,0.0,51.78,51.78
2026-09-30,00760B,4.0,4.0,50.51,50.51
2026-09-30,00761B,65.0,67.0,31.91,31.91
2026-09-30,00764B,2385.0,2383.0,25.67,25.67
2026-09-30,00768B,279.0,283.0,46.08,46.07
2026-09-30,00772B,1287.0,1519.0,31.18,31.18
2026-09-30,00773B,1171.0,1197.0,33.35,33.35
2026-09-30,00777B,0.0,0.0,30.11,30.11
2026-09-30,00778B,0.0,0.0,32.28,32.28
2026-09-30,00779B,14.0,14.0,25.9,25.87
2026-09-30,00780B,14.0,14.0,35.34,35.34
2026-09-30,00781B,52.0,54.0,25.8,25.76
2026-09-30,00782B,118.0,123.0,28.37,28.37
2026-09-30,00785B,21.0,21.0,32.68,32.76
2026-09-30,00786B,10.0,10.0,30.63,30.62
2026-09-30,00787B,2.0,2.0,30.29,30.29
2026-09-30,00788B,34.0,34.0,28.08,28.06
2026-09-30,00789B,2.0,2.0,44.47,44.43
2026-09-30,00791B,7.0,7.0,56.23,56.12
2026-09-30,00792B,3.0,3.0,29.18,29.17
2026-09-30,00795B,5199.0,5349.0,24.88,24.87
2026-09-30,00799B,208.0,227.0,27.53,27.52
2026-09-30,00834B,17.0,17.0,32.06,32.06
2026-09-30,00836B,1.0,1.0,26.6,26.59
2026-09-30,00840B,0.0,0.0,27.82,27.82
2026-09-30,00841B,5.0,5.0,26.43,26.42
2026-09-30,00842B,161.0,223.0,28.24,28.24
2026-09-30,00844B,0.0,0.0,29.52,29.52
2026-09-30,00845B,14.0,14.0,31.53,31.53
2026-09-30,00846B,2.0,2.0,34.06,34.05
2026-09-30,00847B,20.0,20.0,23.45,23.44
2026-09-30,00848B,11.0,11.0,32.43,32.45
2026-09-30,00849B,8.0,8.0,37.23,37.22
2026-09-30,00853B,72.0,72.0,25.52,25.52
2026-09-30,00856B,2.0,2.0,37.0,37.0
2026-09-30,00857B,901.0,877.0,21.38,21.38
2026-09-30,00858,243.0,232.0,36.12,36.12
2026-09-30,00859B,480.0,509.0,40.67,40.66
2026-09-30,00860B,3.0,3.0,37.78,37.71
2026-09-30,00862B,14.0,14.0,29.2,29.2
2026-09-30,00863B,55.0,55.0,29.33,29.38
2026-09-30,00864B,543.0,545.0,46.21,46.2
2026-09-30,00867B,60.0,60.0,28.28,28.28
2026-09-30,00870B,81.0,81.0,26.16,26.15
2026-09-30,00877,701.0,1442.0,35.5,35.44
2026-09-30,00884B,7.0,7.0,27.53,27.54
2026-09-30,00886,0.0,0.0,49.49,49.51
2026-09-30,00887,1821.0,2874.0,15.31,15.27
2026-09-30,00888,995.0,829.0,36.28,36.26
2026-09-30,00890B,5.0,5.0,30.03,30.03
2026-09-30,00928,146.0,117.0,33.48,33.57
2026-09-30,00931B,1226.0,1215.0,12.52,12.52
2026-09-30,00933B,2734.0,4295.0,14.97,14.97
2026-09-30,00937B,12199.0,36839.0,13.76,13.76
2026-09-30,00942B,690.0,701.0,13.19,13.19
2026-09-30,00948B,2381.0,3152.0,8.8,8.79
2026-09-30,00950B,1222.0,1483.0,13.16,13.16
2026-09-30,00955,1143.0,658.0,15.99,15.95
2026-09-30,00957B,165.0,191.0,12.47,12.47
2026-09-30,00958B,110.0,118.0,8.63,8.64
2026-09-30,00959B,451.0,920.0,8.76,8.76
2026-09-30,00966B,1110.0,1125.0,13.01,13.0
2026-09-30,00967B,236.0,244.0,8.53,8.53
2026-09-30,00968B,722.0,951.0,8.65,8.64
2026-09-30,00969B,718.0,934.0,7.49,7.49
2026-09-30,00970B,674.0,1059.0,8.7,8.7
2026-09-30,009806,14.0,14.0,13.75,13.74
2026-09-30,009807,154.0,154.0,17.79,17.8
2026-09-30,00980B,597.0,604.0,8.83,8.83
2026-09-30,00980D,560.0,637.0,19.47,19.47
2026-09-30,00980T,48.0,48.0,12.03,12.03
2026-09-30,009814,509.0,450.0,11.41,11.4
2026-09-30,009815,1251.0,976.0,11.94,11.94
2026-09-30,00981B,2511.0,3988.0,8.96,8.96
2026-09-30,00981D,3253.0,3264.0,10.08,10.08
2026-09-30,009822,281.0,325.0,9.46,9.45
2026-09-30,009823,927.0,1178.0,10.47,10.48
2026-09-30,009825,111.0,140.0,9.75,9.75
2026-09-30,00982B,43.0,43.0,9.1,9.1
2026-09-30,00983B,910.0,910.0,14.51,14.51
2026-09-30,00984B,321.0,440.0,15.2,15.19
2026-09-30,00985D,472.0,603.0,9.47,9.47
2026-09-30,00986B,14.0,14.0,9.27,9.27
2026-09-30,00986D,524.0,551.0,13.88,13.88
2026-09-30,00987B,642.0,734.0,15.31,15.3
2026-09-30,00987D,2264.0,2299.0,9.51,9.51
2026-09-30,00988B,651.0,924.0,19.1,19.1
2026-09-30,00989B,953.0,1488.0,9.84,9.84
2026-09-30,00990B,2104.0,2729.0,9.82,9.81
2026-09-30,00998A,839.0,1800.0,16.75,16.75
2026-09-30,020025,88.0,88.0,40.26,40.26
2026-09-30,020033,16.0,16.0,3.38,3.38
2026-09-30,020041,55.0,55.0,21.2,21.21
2026-09-30,1240,9.0,9.0,54.25,54.02
2026-09-30,1259,14.0,14.0,67.96,67.76
2026-09-30,1264,19.0,20.0,244.23,244.22
2026-09-30,1268,15.0,16.0,175.33,175.34
2026-09-30,1294,16.0,17.0,49.92,49.96
2026-09-30,1295,24.0,24.0,47.05,47.01
2026-09-30,1336,410.0,385.0,17.23,17.23
2026-09-30,1565,39.0,45.0,96.25,96.26
2026-09-30,1569,892.0,1094.0,63.73,63.54
2026-09-30,1570,48.0,48.0,33.09,33.09
2026-09-30,1580,36.0,47.0,97.41,97.35
2026-09-30,1584,627.0,485.0,18.84,18.88
2026-09-30,1586,647.0,714.0,17.81,17.75
2026-09-30,1591,248.0,168.0,42.64,42.6
2026-09-30,1593,11.0,11.0,31.83,31.8
2026-09-30,1595,1375.0,807.0,83.96,81.3
2026-09-30,1599,13.0,13.0,22.99,22.98
2026-09-30,1742,25.0,25.0,17.58,17.55
2026-09-30,1777,3.0,3.0,73.97,73.93
2026-09-30,1780,120.0,115.0,25.11,25.08
2026-09-30,1781,20.0,20.0,9.87,9.86
2026-09-30,1784,55.0,55.0,60.82,60.76
2026-09-30,1785,1446.0,2118.0,101.32,101.28
2026-09-30,1788,5.0,5.0,128.36,128.37
2026-09-30,1796,5.0,5.0,29.08,29.03
2026-09-30,1799,87.0,74.0,28.76,28.7
2026-09-30,1813,5.0,5.0,11.34,11.32
2026-09-30,1815,1484.0,4289.0,116.88,116.68
2026-09-30,2035,2.0,2.0,26.5,26.5
2026-09-30,2061,583.0,1058.0,60.96,61.13
2026-09-30,2063,30.0,33.0,23.42,23.43
2026-09-30,2065,43.0,46.0,35.49,35.49
2026-09-30,2066,14.0,14.0,52.35,52.33
2026-09-30,2067,50.0,50.0,4.85,4.84
2026-09-30,2070,51.0,40.0,63.25,63.19
2026-09-30,2073,3.0,3.0,25.23,25.23
2026-09-30,2221,405.0,1005.0,186.35,184.31
2026-09-30,2230,44.0,45.0,21.83,21.83
2026-09-30,2235,2.0,2.0,27.48,27.1
2026-09-30,2596,30.0,30.0,34.79,34.37
2026-09-30,2640,13.0,13.0,157.4,157.38
2026-09-30,2641,685.0,678.0,17.41,17.37
2026-09-30,2643,6.0,6.0,62.64,62.63
2026-09-30,2718,22.0,22.0,40.21,40.17
2026-09-30,2719,0.0,0.0,18.91,18.91
2026-09-30,2724,1.0,1.0,12.27,12.27
2026-09-30,2726,11.0,11.0,7.99,7.96
2026-09-30,2729,15.0,15.0,156.44,156.4
2026-09-30,2732,19.0,21.0,63.14,63.16
2026-09-30,2734,23.0,23.0,14.46,14.46
2026-09-30,2736,27.0,27.0,11.34,11.34
2026-09-30,2740,4.0,4.0,28.79,28.38
2026-09-30,2743,15.0,15.0,53.46,53.47
2026-09-30,2745,24.0,24.0,84.96,84.94
2026-09-30,2751,12.0,12.0,52.79,52.74
2026-09-30,2752,10.0,10.0,177.14,177.09
2026-09-30,2754,16.0,16.0,68.19,68.18
2026-09-30,2755,25.0,25.0,98.75,98.72
2026-09-30,2756,1.0,1.0,62.77,62.77
2026-09-30,2916,10.0,10.0,40.55,40.55
2026-09-30,2924,15.0,15.0,16.9,16.72
2026-09-30,2926,10.0,10.0,29.89,29.84
2026-09-30,2937,1.0,1.0,44.7,44.7
2026-09-30,2938,28.0,28.0,18.56,18.56
2026-09-30,2941,4.0,4.0,31.01,31.01
2026-09-30,2947,8.0,8.0,60.57,60.57
2026-09-30,2948,0.0,0.0,37.1,37.1
2026-09-30,2949,14.0,14.0,68.31,67.98
2026-09-30,3064,0.0,0.0,17.12,17.12
2026-09-30,3066,428.0,508.0,29.16,29.13
2026-09-30,3067,0.0,0.0,15.95,15.95
2026-09-30,3071,80.0,92.0,23.01,22.99
2026-09-30,3073,7.0,7.0,20.7,20.81
2026-09-30,3078,287.0,173.0,46.07,46.06
2026-09-30,3081,247.0,268.0,2701.0,2698.64
2026-09-30,3083,56.0,55.0,22.63,22.63
2026-09-30,3085,4.0,4.0,11.49,11.49
2026-09-30,3086,58.0,83.0,27.57,27.5
2026-09-30,3088,157.0,404.0,134.92,134.86
2026-09-30,3093,151.0,137.0,44.65,44.62
2026-09-30,3095,7.0,7.0,33.48,33.44
2026-09-30,3105,22985.0,5660.0,534.23,534.24
2026-09-30,3114,262.0,300.0,34.55,34.43
2026-09-30,3115,19.0,19.0,8.31,8.3
2026-09-30,3118,40.0,39.0,31.63,31.61
2026-09-30,3122,35.0,29.0,24.15,23.97
2026-09-30,3128,31.0,47.0,20.3,20.27
2026-09-30,3131,251.0,233.0,2508.71,2496.22
2026-09-30,3141,178.0,239.0,85.02,85.0
2026-09-30,3147,154.0,157.0,245.66,245.48
2026-09-30,3152,45.0,40.0,232.83,231.93
2026-09-30,3158,20.0,20.0,84.97,84.97
2026-09-30,3162,1688.0,1409.0,84.79,84.38
2026-09-30,3163,202.0,279.0,646.84,648.11
2026-09-30,3169,125.0,64.0,116.05,116.09
2026-09-30,3171,4.0,4.0,58.64,58.64
2026-09-30,3176,155.0,151.0,37.69,37.66
2026-09-30,3178,122.0,118.0,69.6,69.48
2026-09-30,3188,85.0,115.0,23.36,23.35
2026-09-30,3191,21.0,21.0,16.64,16.65
2026-09-30,3205,6.0,6.0,46.86,46.86
2026-09-30,3206,15.0,15.0,34.55,34.49
2026-09-30,3207,138.0,133.0,38.67,38.64
2026-09-30,3211,2172.0,534.0,400.0,397.7
2026-09-30,3213,63.0,81.0,124.91,124.75
2026-09-30,3217,154.0,183.0,129.87,129.71
2026-09-30,3218,61.0,54.0,134.48,134.35
2026-09-30,3219,811.0,925.0,130.88,130.32
2026-09-30,3221,412.0,526.0,51.23,51.26
2026-09-30,3224,16.0,16.0,31.08,31.06
2026-09-30,3226,48.0,48.0,60.32,60.3
2026-09-30,3227,219.0,525.0,185.21,185.04
2026-09-30,3228,194.0,315.0,180.89,180.38
2026-09-30,3230,130.0,181.0,41.44,41.4
2026-09-30,3232,18.0,18.0,21.01,21.0
2026-09-30,3234,319.0,619.0,174.73,174.32
2026-09-30,3236,229.0,255.0,44.23,44.27
2026-09-30,3252,10.0,10.0,15.22,15.21
2026-09-30,3259,32.0,24.0,10.49,10.22
2026-09-30,3260,765.0,1427.0,378.88,378.55
2026-09-30,3264,1496.0,7827.0,243.91,243.41
2026-09-30,3265,993.0,536.0,188.97,188.99
2026-09-30,3268,106.0,71.0,21.51,21.48
2026-09-30,3272,18.0,18.0,14.1,14.04
2026-09-30,3276,50.0,48.0,14.02,14.01
2026-09-30,3284,162.0,166.0,19.88,19.87
2026-09-30,3285,9.0,9.0,41.39,41.35
2026-09-30,3287,233.0,249.0,42.19,42.15
2026-09-30,3288,19.0,19.0,20.73,20.77
2026-09-30,3289,341.0,343.0,141.86,141.84
2026-09-30,3290,922.0,1196.0,50.87,51.13
2026-09-30,3293,1415.0,497.0,785.71,785.72
2026-09-30,3294,264.0,358.0,32.7,32.69
2026-09-30,3297,78.0,88.0,33.07,33.02
2026-09-30,3303,101.0,108.0,48.65,48.65
2026-09-30,3306,119.0,113.0,48.19,48.17
2026-09-30,3310,9.0,9.0,68.5,68.28
2026-09-30,3313,30.0,30.0,10.51,10.5
2026-09-30,3317,399.0,751.0,65.05,65.1
2026-09-30,3322,183.0,156.0,11.23,11.21
2026-09-30,3323,223.0,159.0,29.93,29.93
2026-09-30,3324,422.0,1176.0,1587.46,1582.13
2026-09-30,3325,51.0,54.0,11.77,11.76
2026-09-30,3332,18.0,17.0,62.61,62.46
2026-09-30,3339,266.0,485.0,46.06,45.99
2026-09-30,3349,14.0,14.0,19.85,19.78
2026-09-30,3354,1598.0,397.0,31.76,31.76
2026-09-30,3357,164.0,111.0,205.15,205.01
2026-09-30,3360,229.0,176.0,15.3,15.29
2026-09-30,3362,191.0,176.0,171.75,171.58
2026-09-30,3363,218.0,361.0,653.81,655.52
2026-09-30,3372,349.0,201.0,16.6,16.6
2026-09-30,3373,46.0,51.0,16.02,16.02
2026-09-30,3374,561.0,328.0,456.37,455.83
2026-09-30,3379,34.0,27.0,27.65,27.67
2026-09-30,3388,400.0,241.0,84.2,83.96
2026-09-30,3390,162.0,138.0,22.61,22.59
2026-09-30,3402,477.0,313.0,135.95,135.92
2026-09-30,3430,51.0,58.0,112.29,112.56
2026-09-30,3434,30.0,36.0,31.48,31.47
2026-09-30,3438,62.0,59.0,61.51,61.38
2026-09-30,3441,327.0,416.0,184.36,183.86
2026-09-30,3444,109.0,95.0,81.47,81.48
2026-09-30,3455,811.0,934.0,270.64,269.7
2026-09-30,3465,8.0,8.0,29.67,29.64
2026-09-30,3466,291.0,345.0,23.78,23.76
2026-09-30,3467,148.0,257.0,74.95,75.29
2026-09-30,3479,139.0,244.0,137.6,137.55
2026-09-30,3483,225.0,121.0,79.06,79.02
2026-09-30,3484,69.0,61.0,46.9,46.87
2026-09-30,3485,60.0,52.0,209.37,209.95
2026-09-30,3489,78.0,69.0,23.26,23.25
2026-09-30,3490,416.0,661.0,44.98,44.98
2026-09-30,3491,143.0,328.0,1498.04,1501.09
2026-09-30,3492,18.0,18.0,19.08,19.08
2026-09-30,3498,560.0,1640.0,227.89,227.43
2026-09-30,3499,41.0,31.0,13.78,13.78
2026-09-30,3508,291.0,223.0,26.37,26.34
2026-09-30,3511,68.0,80.0,19.67,19.66
2026-09-30,3512,20.0,20.0,19.16,19.16
2026-09-30,3516,14.0,14.0,25.03,25.03
2026-09-30,3520,119.0,104.0,17.21,17.18
2026-09-30,3521,20.0,20.0,11.79,11.79
2026-09-30,3522,87.0,101.0,12.44,12.45
2026-09-30,3523,14.0,14.0,14.68,14.68
2026-09-30,3526,43.0,58.0,270.98,270.84
2026-09-30,3527,45.0,38.0,52.25,52.13
2026-09-30,3529,446.0,456.0,3499.35,3479.89
2026-09-30,3531,1.0,1.0,20.9,20.85
2026-09-30,3537,74.0,51.0,53.13,53.11
2026-09-30,3540,100.0,122.0,22.93,22.91
2026-09-30,3541,58.0,57.0,24.33,24.31
2026-09-30,3546,29.0,40.0,72.6,72.6
2026-09-30,3548,102.0,96.0,77.38,77.36
2026-09-30,3551,163.0,231.0,189.71,189.43
2026-09-30,3552,113.0,133.0,43.75,43.74
2026-09-30,3555,23.0,32.0,169.39,169.36
2026-09-30,3556,93.0,70.0,58.08,58.06
2026-09-30,3558,35.0,28.0,123.95,123.88
2026-09-30,3564,119.0,93.0,50.72,50.71
2026-09-30,3567,105.0,99.0,26.16,26.13
2026-09-30,3570,17.0,17.0,167.89,167.85
2026-09-30,3577,147.0,272.0,119.0,119.16
2026-09-30,3580,462.0,646.0,112.46,112.79
2026-09-30,3581,347.0,166.0,115.31,114.16
2026-09-30,3587,93.0,146.0,240.2,240.04
2026-09-30,3594,219.0,177.0,47.48,47.47
2026-09-30,3597,53.0,48.0,27.84,27.77
2026-09-30,3609,25.0,25.0,23.15,23.14
2026-09-30,3611,28.0,28.0,183.98,183.94
2026-09-30,3615,1369.0,820.0,45.63,44.8
2026-09-30,3623,168.0,149.0,29.75,29.71
2026-09-30,3624,1131.0,2983.0,138.47,137.86
2026-09-30,3625,84.0,82.0,11.11,11.11
2026-09-30,3628,63.0,65.0,72.9,72.92
2026-09-30,3629,4.0,4.0,17.17,17.17
2026-09-30,3630,117.0,100.0,26.83,26.8
2026-09-30,3631,86.0,84.0,40.37,40.3
2026-09-30,3632,22.0,22.0,7.17,7.17
2026-09-30,3646,16.0,16.0,24.89,24.91
2026-09-30,3663,448.0,433.0,66.96,66.24
2026-09-30,3664,17.0,17.0,8.86,8.86
2026-09-30,3666,27.0,27.0,25.25,25.2
2026-09-30,3672,9.0,9.0,12.1,12.06
2026-09-30,3675,244.0,311.0,331.97,331.46
2026-09-30,3680,318.0,224.0,555.04,554.26
2026-09-30,3684,74.0,75.0,53.12,52.99
2026-09-30,3685,126.0,109.0,34.6,34.61
2026-09-30,3687,23.0,23.0,60.5,60.38
2026-09-30,3689,189.0,164.0,110.7,110.51
2026-09-30,3691,293.0,291.0,120.24,120.1
2026-09-30,3693,149.0,317.0,695.74,695.94
2026-09-30,3707,3915.0,2047.0,74.89,73.62
2026-09-30,3709,207.0,130.0,64.88,64.8
2026-09-30,3710,165.0,197.0,8.46,8.41
2026-09-30,3713,46.0,50.0,13.7,13.69
2026-09-30,3718,676.0,480.0,65.47,65.35
2026-09-30,4102,29.0,29.0,18.34,18.31
2026-09-30,4105,297.0,327.0,78.5,78.45
2026-09-30,4107,21.0,21.0,110.58,110.35
2026-09-30,4109,42.0,43.0,11.01,11.0
2026-09-30,4111,27.0,26.0,28.84,28.86
2026-09-30,4113,266.0,279.0,15.29,15.29
2026-09-30,4114,317.0,257.0,29.47,29.46
2026-09-30,4116,15.0,15.0,39.9,39.89
2026-09-30,4120,6.0,6.0,45.95,45.98
2026-09-30,4121,59.0,67.0,12.66,12.66
2026-09-30,4123,761.0,549.0,31.09,31.06
2026-09-30,4126,21.0,21.0,77.97,77.97
2026-09-30,4127,145.0,278.0,46.31,46.34
2026-09-30,4128,1180.0,676.0,15.25,15.24
2026-09-30,4129,86.0,74.0,83.44,83.46
2026-09-30,4131,28.0,28.0,30.91,30.93
2026-09-30,4138,31.0,42.0,54.5,54.36
2026-09-30,4139,65.0,65.0,41.78,41.78
2026-09-30,4147,351.0,288.0,63.71,63.68
2026-09-30,4153,7.0,7.0,31.54,31.49
2026-09-30,4154,17.0,17.0,12.51,12.51
2026-09-30,4157,486.0,320.0,8.82,8.8
2026-09-30,4160,41.0,47.0,38.91,38.91
2026-09-30,4161,31.0,32.0,21.87,21.87
2026-09-30,4162,112.0,107.0,55.74,55.71
2026-09-30,4163,18.0,17.0,134.99,135.19
2026-09-30,4166,39.0,37.0,24.02,24.01
2026-09-30,4167,528.0,334.0,19.69,19.61
2026-09-30,4168,176.0,111.0,22.06,22.05
2026-09-30,4171,50.0,51.0,16.48,16.47
2026-09-30,4173,34.0,34.0,17.17,17.13
2026-09-30,4174,776.0,347.0,39.09,39.1
2026-09-30,4175,13.0,13.0,50.79,50.79
2026-09-30,4183,3.0,3.0,13.8,13.8
2026-09-30,4188,100.0,101.0,13.93,13.88
2026-09-30,4192,4.0,4.0,18.19,18.19
2026-09-30,4198,3.0,3.0,48.58,48.58
2026-09-30,4205,25.0,26.0,68.51,68.51
2026-09-30,4207,36.0,36.0,19.41,19.41
2026-09-30,4303,171.0,234.0,33.36,33.36
2026-09-30,4304,39.0,42.0,17.55,17.54
2026-09-30,4401,23.0,23.0,13.86,13.86
2026-09-30,4402,21.0,21.0,13.87,13.85
2026-09-30,4406,12.0,12.0,10.26,10.21
2026-09-30,4413,74.0,74.0,20.49,20.49
2026-09-30,4416,295.0,470.0,13.51,13.49
2026-09-30,4417,47.0,47.0,49.85,49.83
2026-09-30,4419,428.0,229.0,50.01,50.09
2026-09-30,4420,36.0,36.0,35.93,35.92
2026-09-30,4430,17.0,17.0,17.67,17.55
2026-09-30,4432,20.0,20.0,15.33,15.31
2026-09-30,4433,76.0,110.0,17.97,17.89
2026-09-30,4442,20.0,20.0,53.52,53.51
2026-09-30,4502,44.0,44.0,15.59,15.58
2026-09-30,4503,94.0,97.0,24.03,23.97
2026-09-30,4506,23.0,24.0,117.89,117.94
2026-09-30,4510,276.0,150.0,44.21,44.15
2026-09-30,4513,103.0,105.0,16.27,16.27
2026-09-30,4523,43.0,38.0,23.92,23.93
2026-09-30,4528,5.0,5.0,15.0,15.0
2026-09-30,4529,17.0,17.0,3.33,3.33
2026-09-30,4530,6.0,6.0,24.76,24.72
2026-09-30,4533,295.0,144.0,25.68,25.69
2026-09-30,4534,386.0,414.0,31.13,31.09
2026-09-30,4535,11.0,11.0,26.87,26.86
2026-09-30,4538,9.0,9.0,17.33,17.32
2026-09-30,4541,775.0,568.0,61.47,60.98
2026-09-30,4542,227.0,185.0,343.06,342.01
2026-09-30,4543,55.0,47.0,29.3,29.26
2026-09-30,4549,36.0,36.0,96.61,96.68
2026-09-30,4550,41.0,34.0,24.6,24.54
2026-09-30,4554,38.0,31.0,28.22,28.17
2026-09-30,4556,499.0,184.0,100.5,99.27
2026-09-30,4558,17.0,17.0,17.0,17.0
2026-09-30,4561,144.0,122.0,42.62,42.55
2026-09-30,4563,211.0,170.0,51.47,51.43
2026-09-30,4568,15.0,15.0,39.21,39.2
2026-09-30,4577,712.0,247.0,90.67,89.9
2026-09-30,4580,59.0,75.0,81.67,81.63
2026-09-30,4584,11.0,11.0,37.0,37.0
2026-09-30,4609,6.0,6.0,4.17,4.17
2026-09-30,4702,45.0,47.0,9.36,9.35
2026-09-30,4706,2.0,2.0,33.84,33.84
2026-09-30,4707,685.0,368.0,30.21,30.16
2026-09-30,4711,18.0,18.0,16.37,16.39
2026-09-30,4714,427.0,300.0,11.98,11.98
2026-09-30,4716,372.0,498.0,16.9,16.89
2026-09-30,4721,355.0,234.0,82.87,82.74
2026-09-30,4726,44.0,37.0,22.66,22.66
2026-09-30,4728,1.0,1.0,398.61,398.45
2026-09-30,4729,413.0,272.0,20.45,20.56
2026-09-30,4735,13.0,13.0,36.3,36.3
2026-09-30,4741,91.0,112.0,40.94,40.91
2026-09-30,4743,1191.0,593.0,46.78,46.79
2026-09-30,4744,185.0,177.0,29.18,29.18
2026-09-30,4745,25.0,24.0,12.12,12.13
2026-09-30,4747,54.0,69.0,23.07,22.93
2026-09-30,4749,122.0,251.0,769.76,766.9
2026-09-30,4754,44.0,43.0,37.8,37.8
2026-09-30,4760,54.0,49.0,262.38,262.54
2026-09-30,4767,5.0,5.0,28.26,28.25
2026-09-30,4768,356.0,718.0,374.38,371.54
2026-09-30,4772,319.0,527.0,272.19,273.45
2026-09-30,4903,515.0,360.0,42.69,42.5
2026-09-30,4905,30.0,31.0,76.41,76.44
2026-09-30,4907,22.0,23.0,44.96,44.96
2026-09-30,4908,214.0,357.0,207.65,208.47
2026-09-30,4909,203.0,143.0,36.19,36.18
2026-09-30,4911,17.0,18.0,28.25,28.25
2026-09-30,4923,201.0,209.0,61.61,61.52
2026-09-30,4924,205.0,172.0,16.31,16.26
2026-09-30,4931,1331.0,942.0,256.48,254.21
2026-09-30,4933,40.0,32.0,54.0,54.04
2026-09-30,4939,3645.0,882.0,82.2,81.0
2026-09-30,4946,17.0,17.0,100.8,100.74
2026-09-30,4950,9.0,9.0,15.62,15.62
2026-09-30,4951,156.0,147.0,92.06,92.08
2026-09-30,4953,69.0,81.0,117.14,117.1
2026-09-30,4966,155.0,165.0,571.93,571.55
2026-09-30,4971,111.0,230.0,543.93,543.28
2026-09-30,4972,12.0,12.0,16.27,16.27
2026-09-30,4973,107.0,108.0,137.48,137.25
2026-09-30,4974,65.0,57.0,70.95,70.92
2026-09-30,4979,359.0,255.0,570.61,569.31
2026-09-30,4991,544.0,510.0,485.82,484.26
2026-09-30,4995,55.0,55.0,50.87,50.88
2026-09-30,5009,657.0,1703.0,33.24,33.12
2026-09-30,5011,166.0,174.0,18.98,18.97
2026-09-30,5013,606.0,1061.0,38.65,38.58
2026-09-30,5014,249.0,250.0,10.27,10.26
2026-09-30,5015,29.0,29.0,21.67,21.67
2026-09-30,5016,108.0,108.0,25.42,25.43
2026-09-30,5201,25.0,21.0,29.81,29.81
2026-09-30,5202,203.0,212.0,14.27,14.19
2026-09-30,5205,13.0,13.0,18.51,18.44
2026-09-30,5206,91.0,100.0,22.64,22.64
2026-09-30,5209,32.0,33.0,167.87,167.78
2026-09-30,5210,147.0,136.0,30.49,30.49
2026-09-30,5211,14.0,14.0,20.44,20.41
2026-09-30,5212,16.0,16.0,48.47,48.49
2026-09-30,5213,38.0,42.0,20.83,20.86
2026-09-30,5220,453.0,585.0,23.49,22.88
2026-09-30,5223,1.0,1.0,23.1,23.1
2026-09-30,5227,255.0,225.0,31.36,31.37
2026-09-30,5228,65.0,53.0,39.98,39.93
2026-09-30,5230,646.0,400.0,23.05,22.94
2026-09-30,5245,192.0,226.0,20.59,20.58
2026-09-30,5251,48.0,51.0,30.05,30.06
2026-09-30,5263,121.0,168.0,89.04,89.02
2026-09-30,5272,138.0,121.0,18.04,17.9
2026-09-30,5274,62.0,97.0,19002.74,19043.92
2026-09-30,5276,9.0,9.0,17.99,17.99
2026-09-30,5278,88.0,84.0,23.86,23.86
2026-09-30,5287,21.0,21.0,137.2,137.18
2026-09-30,5289,120.0,165.0,1302.86,1300.78
2026-09-30,5291,233.0,171.0,61.27,61.21
2026-09-30,5299,287.0,219.0,102.38,101.99
2026-09-30,5302,107.0,108.0,9.81,9.8
2026-09-30,5309,2498.0,2975.0,62.6,62.3
2026-09-30,5310,25.0,31.0,28.02,27.95
2026-09-30,5312,24.0,24.0,89.91,89.91
2026-09-30,5314,2473.0,1522.0,28.59,28.55
2026-09-30,5315,56.0,61.0,18.82,18.81
2026-09-30,5321,103.0,125.0,67.59,67.53
2026-09-30,5324,165.0,155.0,12.43,12.43
2026-09-30,5328,628.0,320.0,53.21,53.15
2026-09-30,5340,266.0,281.0,81.15,81.1
2026-09-30,5344,168.0,161.0,13.82,13.78
2026-09-30,5345,8.0,8.0,21.4,21.22
2026-09-30,5347,5841.0,7123.0,181.17,180.98
2026-09-30,5348,0.0,0.0,16.31,16.31
2026-09-30,5351,1683.0,1929.0,110.88,110.71
2026-09-30,5353,33.0,33.0,28.4,28.36
2026-09-30,5355,103.0,93.0,7.03,7.03
2026-09-30,5356,29.0,29.0,25.74,25.74
2026-09-30,5364,8.0,8.0,8.4,8.39
2026-09-30,5381,201.0,192.0,23.59,23.59
2026-09-30,5386,185.0,137.0,289.25,289.33
2026-09-30,5392,201.0,246.0,39.97,39.89
2026-09-30,5398,21.0,21.0,13.78,13.74
2026-09-30,5403,33.0,33.0,92.91,92.91
2026-09-30,5410,114.0,202.0,33.04,33.01
2026-09-30,5425,853.0,581.0,95.85,95.57
2026-09-30,5426,203.0,148.0,28.23,28.18
2026-09-30,5432,29.0,37.0,160.75,160.7
2026-09-30,5438,131.0,119.0,17.45,17.42
2026-09-30,5439,398.0,1029.0,256.4,256.64
2026-09-30,5443,661.0,1994.0,115.03,115.03
2026-09-30,5450,65.0,57.0,14.85,14.83
2026-09-30,5452,160.0,131.0,27.37,27.37
2026-09-30,5455,0.0,0.0,29.86,29.86
2026-09-30,5457,298.0,229.0,24.15,24.14
2026-09-30,5460,42.0,37.0,16.94,16.9
2026-09-30,5464,191.0,306.0,89.24,89.29
2026-09-30,5465,577.0,616.0,33.39,33.3
2026-09-30,5468,88.0,88.0,25.56,25.56
2026-09-30,5474,117.0,65.0,163.2,162.86
2026-09-30,5475,343.0,900.0,182.03,181.51
2026-09-30,5478,20.0,25.0,97.11,97.12
2026-09-30,5481,328.0,321.0,21.99,21.98
2026-09-30,5483,15707.0,3732.0,201.77,200.93
2026-09-30,5487,10.0,10.0,28.61,28.92
2026-09-30,5488,111.0,88.0,11.96,11.91
2026-09-30,5489,25.0,25.0,42.58,42.49
2026-09-30,5490,77.0,89.0,25.61,25.62
2026-09-30,5493,56.0,58.0,90.96,91.0
2026-09-30,5498,587.0,393.0,50.92,50.88
2026-09-30,5508,133.0,141.0,52.94,52.97
2026-09-30,5511,89.0,117.0,69.39,69.39
2026-09-30,5512,366.0,421.0,7.69,7.69
2026-09-30,5514,9.0,9.0,15.05,15.05
2026-09-30,5516,4.0,4.0,12.03,12.03
2026-09-30,5520,0.0,0.0,83.3,83.3
2026-09-30,5523,14.0,14.0,30.29,30.16
2026-09-30,5529,135.0,136.0,26.49,26.5
2026-09-30,5530,108.0,155.0,48.6,48.57
2026-09-30,5536,512.0,387.0,925.98,923.64
2026-09-30,5543,9.0,9.0,26.82,26.82
2026-09-30,5547,26.0,26.0,20.09,20.08
2026-09-30,5548,29.0,29.0,20.17,20.13
2026-09-30,5601,0.0,0.0,30.0,30.0
2026-09-30,5603,59.0,85.0,13.39,13.39
2026-09-30,5604,8.0,8.0,31.22,31.17
2026-09-30,5609,96.0,102.0,78.14,78.14
2026-09-30,5701,53.0,61.0,4.01,4.01
2026-09-30,5703,3.0,3.0,13.42,13.42
2026-09-30,5704,12.0,12.0,22.46,22.46
2026-09-30,5864,3070.0,1230.0,38.35,38.37
2026-09-30,5878,6.0,6.0,37.9,37.91
2026-09-30,5902,3.0,3.0,34.45,34.47
2026-09-30,5903,18.0,17.0,186.31,186.31
2026-09-30,5904,2834.0,2550.0,69.65,69.61
2026-09-30,5905,170.0,324.0,7.31,7.32
2026-09-30,6015,1538.0,1061.0,17.92,17.9
2026-09-30,6016,3299.0,1478.0,24.17,24.17
2026-09-30,6020,12.0,12.0,20.72,20.72
2026-09-30,6021,77.0,73.0,41.71,41.68
2026-09-30,6023,354.0,565.0,85.61,85.62
2026-09-30,6026,778.0,464.0,16.07,16.07
2026-09-30,6028,9.0,9.0,98.7,98.69
2026-09-30,6101,89.0,92.0,37.34,37.27
2026-09-30,6103,36.0,66.0,38.53,38.38
2026-09-30,6104,213.0,174.0,91.29,91.22
2026-09-30,6109,123.0,116.0,10.55,10.55
2026-09-30,6111,175.0,96.0,38.44,38.44
2026-09-30,6113,59.0,50.0,22.69,22.68
2026-09-30,6114,23.0,23.0,23.56,23.58
2026-09-30,6118,283.0,361.0,16.28,16.23
2026-09-30,6121,193.0,266.0,378.3,378.15
2026-09-30,6122,1212.0,604.0,60.06,59.88
2026-09-30,6123,62.0,76.0,42.87,42.82
2026-09-30,6124,8.0,8.0,27.56,27.5
2026-09-30,6125,258.0,196.0,49.81,49.77
2026-09-30,6126,122.0,162.0,30.78,30.77
2026-09-30,6127,483.0,723.0,51.48,51.31
2026-09-30,6129,298.0,233.0,14.92,14.91
2026-09-30,6130,144.0,147.0,23.73,23.72
2026-09-30,6134,105.0,121.0,29.19,29.17
2026-09-30,6138,124.0,179.0,277.36,277.31
2026-09-30,6140,124.0,198.0,20.33,20.3
2026-09-30,6143,116.0,99.0,81.12,81.06
2026-09-30,6144,4.0,4.0,12.55,12.56
2026-09-30,6146,151.0,144.0,181.71,181.65
2026-09-30,6147,2172.0,4435.0,212.5,211.67
2026-09-30,6148,245.0,344.0,38.37,38.35
2026-09-30,6150,208.0,116.0,63.31,63.19
2026-09-30,6151,70.0,87.0,34.66,34.62
2026-09-30,6154,34.0,34.0,14.2,14.19
2026-09-30,6156,341.0,362.0,21.71,21.72
2026-09-30,6158,56.0,57.0,17.16,17.13
2026-09-30,6160,51.0,59.0,13.91,13.91
2026-09-30,6161,155.0,96.0,50.78,50.61
2026-09-30,6163,521.0,583.0,41.7,41.61
2026-09-30,6167,154.0,145.0,10.28,10.28
2026-09-30,6169,2.0,2.0,12.0,12.0
2026-09-30,6170,109.0,102.0,48.73,48.73
2026-09-30,6171,100.0,130.0,26.75,26.75
2026-09-30,6173,1160.0,2670.0,294.6,293.33
2026-09-30,6174,137.0,115.0,45.28,45.25
2026-09-30,6175,321.0,159.0,70.39,70.44
2026-09-30,6179,1095.0,2646.0,36.2,36.21
2026-09-30,6180,164.0,123.0,41.11,41.07
2026-09-30,6182,30415.0,12459.0,129.39,127.46
2026-09-30,6185,84.0,97.0,12.42,12.42
2026-09-30,6186,206.0,153.0,29.08,29.06
2026-09-30,6187,969.0,1607.0,1354.84,1344.08
2026-09-30,6188,399.0,331.0,62.08,62.06
2026-09-30,6190,1084.0,403.0,70.65,70.71
2026-09-30,6194,41.0,41.0,29.93,29.93
2026-09-30,6195,9.0,9.0,28.26,28.23
2026-09-30,6198,1.0,1.0,20.05,20.05
2026-09-30,6199,1197.0,1216.0,127.28,127.34
2026-09-30,6203,65.0,60.0,59.99,60.0
2026-09-30,6204,101.0,161.0,104.89,104.51
2026-09-30,6207,5667.0,3656.0,150.09,145.13
2026-09-30,6208,68.0,58.0,75.75,75.7
2026-09-30,6210,18.0,14.0,17.78,17.78
2026-09-30,6212,0.0,0.0,33.65,33.65
2026-09-30,6217,1083.0,657.0,175.84,175.75
2026-09-30,6218,374.0,557.0,62.21,62.17
2026-09-30,6219,82.0,77.0,12.12,12.12
2026-09-30,6220,52.0,60.0,25.18,25.18
2026-09-30,6221,547.0,704.0,31.42,31.41
2026-09-30,6222,4.0,4.0,19.65,19.29
2026-09-30,6223,357.0,515.0,5158.12,5152.93
2026-09-30,6227,193.0,392.0,134.3,134.48
2026-09-30,6228,23.0,23.0,19.53,19.5
2026-09-30,6229,76.0,76.0,24.01,23.9
2026-09-30,6231,117.0,172.0,237.17,237.63
2026-09-30,6233,255.0,132.0,22.37,22.35
2026-09-30,6234,589.0,622.0,39.89,39.79
2026-09-30,6236,1.0,1.0,18.5,18.5
2026-09-30,6237,84.0,104.0,36.55,36.44
2026-09-30,6240,14.0,14.0,25.77,25.7
2026-09-30,6241,80.0,80.0,16.36,16.4
2026-09-30,6242,6.0,6.0,34.13,34.13
2026-09-30,6244,2247.0,1332.0,24.83,24.73
2026-09-30,6245,241.0,327.0,88.39,88.39
2026-09-30,6246,19.0,19.0,13.05,13.0
2026-09-30,6248,69.0,65.0,17.04,17.03
2026-09-30,6259,124.0,74.0,29.88,29.87
2026-09-30,6261,166.0,183.0,78.9,78.71
2026-09-30,6263,62.0,56.0,157.89,157.77
2026-09-30,6264,35.0,35.0,5.98,5.98
2026-09-30,6265,222.0,245.0,48.53,48.47
2026-09-30,6266,111.0,103.0,24.92,24.93
2026-09-30,6270,77.0,106.0,30.12,30.09
2026-09-30,6274,1066.0,511.0,1519.41,1516.48
2026-09-30,6275,146.0,100.0,47.16,47.12
2026-09-30,6276,10.0,10.0,19.16,19.13
2026-09-30,6279,188.0,202.0,111.76,111.61
2026-09-30,6284,242.0,848.0,76.63,76.6
2026-09-30,6290,829.0,904.0,277.82,278.32
2026-09-30,6291,143.0,188.0,503.19,501.01
2026-09-30,6292,80.0,95.0,66.67,66.57
2026-09-30,6294,10.0,10.0,28.53,28.67
2026-09-30,6411,72.0,115.0,77.63,77.64
2026-09-30,6417,56.0,54.0,102.7,102.58
2026-09-30,6418,62.0,62.0,34.69,34.66
2026-09-30,6419,138.0,100.0,156.18,156.05
2026-09-30,6423,21.0,28.0,85.59,85.52
2026-09-30,6425,536.0,511.0,78.37,78.07
2026-09-30,6432,474.0,242.0,63.12,63.19
2026-09-30,6435,80.0,83.0,253.71,253.2
2026-09-30,6441,61.0,74.0,24.78,24.76
2026-09-30,6461,62.0,56.0,24.24,24.25
2026-09-30,6462,483.0,249.0,104.57,104.06
2026-09-30,6465,45.0,48.0,41.31,41.16
2026-09-30,6469,122.0,138.0,64.53,64.53
2026-09-30,6470,23.0,30.0,42.26,42.25
2026-09-30,6474,15.0,15.0,35.63,35.64
2026-09-30,6482,3.0,3.0,23.4,23.43
2026-09-30,6485,1083.0,504.0,76.22,75.52
2026-09-30,6486,39.0,38.0,80.75,80.76
2026-09-30,6488,6245.0,1475.0,1006.61,998.93
2026-09-30,6492,166.0,145.0,34.2,34.17
2026-09-30,6494,53.0,48.0,51.46,51.48
2026-09-30,6496,13.0,13.0,23.45,23.55
2026-09-30,6498,44.0,53.0,66.61,66.59
2026-09-30,6499,297.0,182.0,76.97,76.76
2026-09-30,6506,48.0,48.0,18.49,18.48
2026-09-30,6508,20.0,24.0,27.07,27.05
2026-09-30,6509,749.0,569.0,49.44,49.36
2026-09-30,6510,271.0,454.0,3130.47,3120.54
2026-09-30,6512,3.0,3.0,20.24,20.19
2026-09-30,6516,22.0,22.0,56.31,56.31
2026-09-30,6517,40.0,51.0,63.45,63.36
2026-09-30,6523,73.0,72.0,91.65,91.69
2026-09-30,6527,36.0,36.0,74.88,74.83
2026-09-30,6530,469.0,568.0,103.04,102.97
2026-09-30,6532,783.0,317.0,117.14,117.11
2026-09-30,6535,147.0,125.0,82.12,82.11
2026-09-30,6538,571.0,539.0,364.24,363.71
2026-09-30,6542,7.0,7.0,40.32,40.29
2026-09-30,6546,102.0,96.0,59.66,59.69
2026-09-30,6547,1894.0,905.0,62.48,62.43
2026-09-30,6548,343.0,297.0,72.36,72.31
2026-09-30,6556,4.0,4.0,62.05,62.05
2026-09-30,6560,18.0,19.0,32.25,32.26
2026-09-30,6561,50.0,77.0,307.35,307.18
2026-09-30,6568,113.0,138.0,146.5,146.06
2026-09-30,6569,14.0,14.0,91.94,91.9
2026-09-30,6570,59.0,78.0,47.46,47.45
2026-09-30,6574,22.0,27.0,118.26,118.25
2026-09-30,6576,44.0,46.0,79.49,79.47
2026-09-30,6577,26.0,26.0,79.66,79.62
2026-09-30,6578,35.0,38.0,16.43,16.4
2026-09-30,6584,51.0,83.0,542.49,542.46
2026-09-30,6588,129.0,313.0,110.23,110.19
2026-09-30,6590,24.0,23.0,66.07,66.05
2026-09-30,6593,8.0,8.0,32.09,32.04
2026-09-30,6596,69.0,65.0,97.33,97.3
2026-09-30,6597,6.0,6.0,67.17,67.17
2026-09-30,6603,735.0,1612.0,29.63,29.38
2026-09-30,6609,55.0,51.0,39.64,39.59
2026-09-30,6612,38.0,33.0,72.04,72.01
2026-09-30,6613,99.0,65.0,274.33,274.27
2026-09-30,6615,3.0,3.0,33.54,33.43
2026-09-30,6616,2.0,2.0,8.19,8.13
2026-09-30,6617,113.0,121.0,139.45,138.48
2026-09-30,6620,1132.0,1647.0,139.97,138.59
2026-09-30,6624,4.0,4.0,38.39,38.27
2026-09-30,6629,4.0,4.0,103.12,103.06
2026-09-30,6637,14.0,14.0,54.3,54.24
2026-09-30,6640,46.0,96.0,1059.09,1053.29
2026-09-30,6642,129.0,110.0,81.64,81.64
2026-09-30,6643,730.0,234.0,543.32,531.89
2026-09-30,6649,4.0,4.0,36.54,36.54
2026-09-30,6651,131.0,217.0,147.15,147.19
2026-09-30,6654,48.0,36.0,212.83,212.93
2026-09-30,6661,0.0,0.0,16.7,16.7
2026-09-30,6662,1.0,1.0,27.91,27.91
2026-09-30,6664,262.0,147.0,378.2,378.42
2026-09-30,6667,88.0,90.0,261.83,261.56
2026-09-30,6679,118.0,133.0,207.19,206.85
2026-09-30,6680,2.0,2.0,51.4,51.55
2026-09-30,6683,297.0,399.0,1564.24,1557.19
2026-09-30,6684,49.0,65.0,50.41,50.54
2026-09-30,6690,113.0,126.0,176.62,176.42
2026-09-30,6692,5.0,5.0,23.22,22.98
2026-09-30,6693,413.0,529.0,214.71,214.0
2026-09-30,6697,24.0,24.0,41.34,41.42
2026-09-30,6703,31.0,42.0,99.94,99.93
2026-09-30,6708,471.0,596.0,51.7,51.7
2026-09-30,6712,115.0,86.0,162.07,162.14
2026-09-30,6716,85.0,104.0,115.38,115.39
2026-09-30,6720,11.0,11.0,128.07,128.01
2026-09-30,6721,9.0,9.0,50.04,50.04
2026-09-30,6725,27.0,34.0,219.17,219.39
2026-09-30,6727,177.0,279.0,490.44,490.35
2026-09-30,6728,15.0,15.0,108.66,108.67
2026-09-30,6730,6.0,6.0,31.81,31.81
2026-09-30,6732,45.0,39.0,151.82,151.7
2026-09-30,6733,62.0,96.0,24.99,24.98
2026-09-30,6735,71.0,55.0,66.51,66.42
2026-09-30,6739,100.0,78.0,1127.72,1123.23
2026-09-30,6741,159.0,239.0,55.3,55.29
2026-09-30,6751,6.0,6.0,44.59,44.59
2026-09-30,6752,8.0,8.0,95.84,95.74
2026-09-30,6761,46.0,65.0,164.42,164.44
2026-09-30,6762,4.0,4.0,157.99,157.99
2026-09-30,6763,83.0,82.0,41.2,41.2
2026-09-30,6767,3.0,3.0,24.37,24.37
2026-09-30,6785,34.0,51.0,95.82,95.94
2026-09-30,6788,89.0,60.0,349.75,349.53
2026-09-30,6791,7.0,7.0,99.37,99.37
2026-09-30,6803,26.0,28.0,266.8,266.74
2026-09-30,6804,52.0,51.0,18.36,18.36
2026-09-30,6811,106.0,158.0,239.12,239.12
2026-09-30,6821,126.0,83.0,41.64,41.59
2026-09-30,6823,44.0,58.0,61.39,61.33
2026-09-30,6829,125.0,231.0,208.73,209.01
2026-09-30,6840,117.0,118.0,98.96,98.94
2026-09-30,6841,448.0,306.0,57.98,57.78
2026-09-30,6843,2.0,2.0,38.72,38.72
2026-09-30,6844,11.0,11.0,57.38,57.43
2026-09-30,6846,1.0,1.0,58.56,58.29
2026-09-30,6855,7.0,7.0,112.24,112.14
2026-09-30,6856,11.0,11.0,41.47,41.33
2026-09-30,6859,18.0,18.0,119.96,119.89
2026-09-30,6865,46.0,43.0,28.22,28.11
2026-09-30,6870,44.0,56.0,320.62,320.31
2026-09-30,6872,151.0,158.0,24.39,24.13
2026-09-30,6874,13.0,13.0,70.04,69.98
2026-09-30,6875,136.0,171.0,31.6,31.54
2026-09-30,6877,40.0,43.0,126.39,126.14
2026-09-30,6881,4.0,4.0,214.5,214.5
2026-09-30,6884,13.0,13.0,30.66,30.66
2026-09-30,6894,29.0,35.0,364.93,364.98
2026-09-30,6895,14.0,14.0,149.14,148.77
2026-09-30,6899,10.0,10.0,49.6,49.53
2026-09-30,6903,256.0,185.0,315.4,315.5
2026-09-30,6904,1.0,1.0,122.75,122.75
2026-09-30,6907,192.0,166.0,187.35,187.24
2026-09-30,6910,12.0,12.0,26.8,26.79
2026-09-30,6913,44.0,41.0,128.92,128.85
2026-09-30,6922,80.0,79.0,223.45,222.69
2026-09-30,6925,229.0,257.0,74.17,73.87
2026-09-30,6929,4.0,4.0,21.9,21.9
2026-09-30,6945,345.0,373.0,144.51,144.6
2026-09-30,6953,32.0,27.0,243.41,243.77
2026-09-30,6961,31.0,31.0,47.87,47.87
2026-09-30,6967,161.0,119.0,69.77,69.75
2026-09-30,6968,16.0,16.0,41.38,41.33
2026-09-30,6971,6.0,6.0,23.5,23.5
2026-09-30,6982,20.0,20.0,44.15,44.15
2026-09-30,6983,32.0,34.0,345.38,344.17
2026-09-30,6986,137.0,117.0,44.02,44.03
2026-09-30,6996,10.0,10.0,169.71,169.5
2026-09-30,6997,2.0,2.0,66.72,66.7
2026-09-30,7402,67.0,63.0,101.24,100.69
2026-09-30,7547,202.0,471.0,64.37,64.2
2026-09-30,7556,56.0,61.0,267.13,267.06
2026-09-30,7584,6.0,6.0,28.54,28.54
2026-09-30,7642,27.0,28.0,68.28,68.25
2026-09-30,7703,38.0,35.0,201.6,201.59
2026-09-30,7704,66.0,65.0,61.48,61.45
2026-09-30,7708,10.0,10.0,92.04,92.04
2026-09-30,7709,55.0,63.0,86.93,86.83
2026-09-30,7712,74.0,75.0,162.38,162.03
2026-09-30,7713,4.0,4.0,74.17,74.22
2026-09-30,7714,244.0,154.0,173.49,172.06
2026-09-30,7715,79.0,83.0,29.33,29.25
2026-09-30,7716,1.0,1.0,23.9,23.9
2026-09-30,7717,96.0,93.0,604.69,604.35
2026-09-30,7718,28.0,28.0,46.24,46.0
2026-09-30,7723,36.0,41.0,18.29,18.28
2026-09-30,7728,95.0,61.0,657.73,655.58
2026-09-30,7734,47.0,65.0,2692.99,2683.86
2026-09-30,7738,10.0,10.0,155.63,155.32
2026-09-30,7743,43.0,38.0,24.6,24.63
2026-09-30,7744,30.0,39.0,528.3,530.76
2026-09-30,7747,1.0,1.0,111.5,111.5
2026-09-30,7751,169.0,117.0,1599.64,1580.75
2026-09-30,7753,16.0,16.0,35.46,35.43
2026-09-30,7757,20.0,20.0,90.03,90.03
2026-09-30,7767,2.0,2.0,46.31,46.31
2026-09-30,7770,20.0,20.0,41.88,41.88
2026-09-30,7772,70.0,65.0,176.99,176.62
2026-09-30,7777,1010.0,755.0,36.95,36.49
2026-09-30,7782,2.0,2.0,25.17,25.12
2026-09-30,7792,155.0,121.0,418.96,418.88
2026-09-30,7794,10.0,10.0,30.51,30.48
2026-09-30,7805,18.0,22.0,493.2,492.88
2026-09-30,7810,155.0,115.0,233.97,234.13
2026-09-30,7811,1.0,1.0,73.5,73.5
2026-09-30,7814,17.0,17.0,28.35,28.35
2026-09-30,7819,40.0,50.0,33.93,33.9
2026-09-30,7820,19.0,19.0,109.79,109.97
2026-09-30,7825,194.0,163.0,83.94,82.87
2026-09-30,7828,53.0,107.0,1897.69,1900.03
2026-09-30,7839,6.0,6.0,43.07,42.84
2026-09-30,7842,12.0,12.0,95.84,95.52
2026-09-30,7856,111.0,150.0,4285.12,4282.99
2026-09-30,8024,56.0,54.0,12.32,12.26
2026-09-30,8027,1454.0,486.0,222.0,221.98
2026-09-30,8032,39.0,32.0,36.1,36.08
2026-09-30,8034,47.0,62.0,20.36,20.35
2026-09-30,8038,280.0,138.0,33.55,33.46
2026-09-30,8040,384.0,704.0,99.47,99.63
2026-09-30,8042,317.0,431.0,111.97,111.76
2026-09-30,8043,181.0,210.0,131.45,131.36
2026-09-30,8044,137.0,107.0,24.21,24.23
2026-09-30,8047,305.0,301.0,50.94,50.9
2026-09-30,8048,72.0,55.0,50.52,50.42
2026-09-30,8049,86.0,103.0,24.61,24.61
2026-09-30,8050,672.0,1788.0,65.25,64.93
2026-09-30,8054,306.0,194.0,88.18,87.72
2026-09-30,8059,87.0,99.0,17.1,17.08
2026-09-30,8064,2158.0,1664.0,149.98,148.76
2026-09-30,8066,7.0,7.0,14.97,14.98
2026-09-30,8067,5.0,5.0,12.35,12.35
2026-09-30,8068,62.0,60.0,17.76,17.71
2026-09-30,8069,1351.0,1625.0,144.73,144.6
2026-09-30,8071,197.0,215.0,21.93,21.92
2026-09-30,8074,151.0,122.0,51.39,51.38
2026-09-30,8076,334.0,291.0,21.66,21.65
2026-09-30,8077,10.0,10.0,42.24,42.24
2026-09-30,8080,11.0,11.0,27.75,27.75
2026-09-30,8083,21.0,21.0,155.93,155.79
2026-09-30,8084,453.0,935.0,26.85,26.85
2026-09-30,8085,108.0,110.0,14.28,14.27
2026-09-30,8086,1483.0,906.0,114.59,114.36
2026-09-30,8087,14.0,15.0,22.79,22.76
2026-09-30,8088,258.0,146.0,43.81,43.82
2026-09-30,8089,96.0,85.0,19.24,19.17
2026-09-30,8091,90.0,149.0,218.47,218.74
2026-09-30,8092,24.0,24.0,12.64,12.63
2026-09-30,8093,30.0,30.0,23.93,23.87
2026-09-30,8096,450.0,1094.0,89.28,89.29
2026-09-30,8097,88.0,82.0,48.64,48.59
2026-09-30,8099,32.0,33.0,59.44,59.36
2026-09-30,8102,8.0,8.0,59.79,59.1
2026-09-30,8107,51.0,60.0,12.0,11.99
2026-09-30,8109,149.0,112.0,134.98,134.89
2026-09-30,8111,988.0,831.0,80.06,79.91
2026-09-30,8121,366.0,394.0,31.5,31.49
2026-09-30,8147,358.0,287.0,156.38,156.97
2026-09-30,8155,309.0,438.0,310.43,308.15
2026-09-30,8171,139.0,127.0,20.68,20.67
2026-09-30,8176,67.0,72.0,9.73,9.71
2026-09-30,8182,224.0,122.0,41.56,41.6
2026-09-30,8227,509.0,271.0,370.5,370.5
2026-09-30,8234,113.0,100.0,62.56,62.48
2026-09-30,8240,945.0,446.0,56.06,55.81
2026-09-30,8255,400.0,274.0,147.1,147.19
2026-09-30,8272,4.0,4.0,63.8,63.8
2026-09-30,8277,138.0,138.0,15.31,15.3
2026-09-30,8279,10.0,10.0,78.27,78.27
2026-09-30,8284,43.0,44.0,67.51,67.43
2026-09-30,8289,172.0,108.0,46.46,46.35
2026-09-30,8291,43.0,46.0,28.82,28.72
2026-09-30,8299,734.0,671.0,2168.29,2162.7
2026-09-30,8342,1.0,1.0,83.5,83.5
2026-09-30,8349,122.0,83.0,39.91,39.87
2026-09-30,8354,16.0,16.0,16.85,16.86
2026-09-30,8358,600.0,1755.0,499.05,499.69
2026-09-30,8383,383.0,258.0,68.25,68.08
2026-09-30,8390,81.0,99.0,90.2,90.2
2026-09-30,8401,9.0,9.0,22.65,22.71
2026-09-30,8403,105.0,132.0,18.93,18.93
2026-09-30,8409,6.0,6.0,18.02,18.02
2026-09-30,8410,23.0,27.0,27.82,27.82
2026-09-30,8415,245.0,268.0,35.31,35.34
2026-09-30,8416,1.0,1.0,169.0,169.0
2026-09-30,8421,61.0,61.0,12.87,12.87
2026-09-30,8423,10.0,10.0,18.08,18.05
2026-09-30,8424,11.0,11.0,70.25,70.32
2026-09-30,8426,19.0,19.0,20.49,20.44
2026-09-30,8431,239.0,290.0,66.13,65.99
2026-09-30,8432,46.0,47.0,50.82,50.82
2026-09-30,8433,6.0,6.0,53.13,53.13
2026-09-30,8435,41.0,44.0,53.22,53.21
2026-09-30,8436,141.0,127.0,106.76,106.62
2026-09-30,8437,40.0,39.0,10.37,10.36
2026-09-30,8440,55.0,65.0,20.27,20.27
2026-09-30,8444,8.0,8.0,4.3,4.3
2026-09-30,8446,48.0,49.0,84.44,84.45
2026-09-30,8450,11.0,11.0,14.21,14.2
2026-09-30,8455,4.0,4.0,22.09,22.09
2026-09-30,8472,18.0,18.0,70.11,70.18
2026-09-30,8477,12.0,12.0,14.17,14.17
2026-09-30,8489,31.0,31.0,22.23,22.25
2026-09-30,8905,2.0,2.0,34.83,34.75
2026-09-30,8906,14.0,14.0,28.66,28.65
2026-09-30,8908,12.0,12.0,40.07,40.04
2026-09-30,8916,27.0,27.0,41.12,41.11
2026-09-30,8917,4.0,4.0,54.58,54.58
2026-09-30,8921,2.0,2.0,16.52,16.52
2026-09-30,8923,1.0,1.0,18.0,18.0
2026-09-30,8924,22.0,25.0,49.29,49.27
2026-09-30,8927,84.0,105.0,18.81,18.8
2026-09-30,8928,9.0,9.0,22.85,22.83
2026-09-30,8929,18.0,18.0,13.12,13.05
2026-09-30,8930,38.0,38.0,28.65,28.65
2026-09-30,8931,47.0,47.0,43.13,43.08
2026-09-30,8932,425.0,464.0,92.98,92.96
2026-09-30,8933,71.0,86.0,4.45,4.43
2026-09-30,8935,391.0,259.0,19.41,19.34
2026-09-30,8936,755.0,464.0,52.43,52.4
2026-09-30,8937,184.0,269.0,24.98,24.87
2026-09-30,8938,25.0,24.0,52.71,52.72
2026-09-30,8941,5.0,5.0,43.95,43.95
2026-09-30,8942,88.0,115.0,40.25,40.24
2026-09-30,9949,51.0,51.0,24.11,24.09
2026-09-30,9950,12.0,12.0,10.24,10.2
2026-09-30,9951,64.0,75.0,47.03,47.03
2026-09-30,9960,52.0,45.0,41.25,41.22
2026-09-30,9962,89.0,82.0,10.25,10.25
