date,time,news_id,code,name,kind,year,analysts,prev,value,chg_pct,high,low,target,bull,neutral,bear,close,url
2025-12-31,22:10,6295192,5347,世界,eps,2025,17,4.31,4.29,-0.46,4.97,4.15,100,,,,,https://news.cnyes.com/news/id/6295192
2025-12-31,22:10,6295191,8299,群聯,eps,2025,13,32.77,33.11,1.04,38.73,23.28,1450,,,,,https://news.cnyes.com/news/id/6295191
2025-12-31,12:10,6294469,1504,東元,tp,,8,116.5,106.5,-8.58,165,71,106.5,4,5,0,84.4,https://news.cnyes.com/news/id/6294469
2025-12-29,22:11,6292071,2610,華航,eps,2025,8,2.22,2.2,-0.9,2.5,2,22,,,,,https://news.cnyes.com/news/id/6292071
2025-12-29,22:11,6292070,1519,華城,eps,2025,10,14.01,14.29,2,17.37,13.07,911.5,,,,,https://news.cnyes.com/news/id/6292070
2025-12-29,22:11,6292069,9914,美利達,eps,2025,9,5.63,5.68,0.89,6.64,5.14,108,,,,,https://news.cnyes.com/news/id/6292069
2025-12-29,22:11,6292068,2882,國泰金,eps,2025,10,6.24,6.19,-0.8,7.25,5.11,70.5,,,,,https://news.cnyes.com/news/id/6292068
2025-12-29,22:10,6292067,2002,中鋼,eps,2025,9,-0.36,-0.35,2.78,-0.22,-0.48,20,,,,,https://news.cnyes.com/news/id/6292067
2025-12-29,22:10,6292066,1513,中興電,eps,2025,9,8.12,8.19,0.86,8.7,7.61,180,,,,,https://news.cnyes.com/news/id/6292066
2025-12-29,22:10,6292065,2603,長榮,eps,2025,9,31.21,30.31,-2.88,33.55,21.9,195,,,,,https://news.cnyes.com/news/id/6292065
2025-12-29,22:10,6292064,9921,巨大,eps,2025,8,3.26,3.33,2.15,6.09,3,112.5,,,,,https://news.cnyes.com/news/id/6292064
2025-12-29,22:10,6292063,1504,東元,eps,2025,8,2.51,2.56,1.99,3.1,2.37,116.5,,,,,https://news.cnyes.com/news/id/6292063
2025-12-29,22:10,6292062,2344,華邦電,eps,2025,8,0.91,0.94,3.3,1.26,-0.43,80,,,,,https://news.cnyes.com/news/id/6292062
2025-12-29,22:10,6292061,6279,胡連,eps,2025,9,9.75,9.87,1.23,11.56,9.11,155,,,,,https://news.cnyes.com/news/id/6292061
2025-12-29,22:10,6292060,3037,欣興,tp,,20,201.72,209.1,3.66,290,120.75,209.1,14,6,0,220.5,https://news.cnyes.com/news/id/6292060
2025-12-29,20:11,6291993,5347,世界,eps,2025,17,4.29,4.31,0.47,4.97,4.15,100,,,,,https://news.cnyes.com/news/id/6291993
2025-12-29,20:11,6291992,2357,華碩,eps,2025,16,54.73,54.36,-0.68,56.56,51.09,735,,,,,https://news.cnyes.com/news/id/6291992
2025-12-29,20:11,6291991,2379,瑞昱,eps,2025,19,29.53,29.7,0.58,31.85,28.44,590,,,,,https://news.cnyes.com/news/id/6291991
2025-12-29,18:11,6291781,6805,富世達,eps,2025,10,31.25,31.48,0.74,32.53,30.15,1800,,,,,https://news.cnyes.com/news/id/6291781
2025-12-29,18:10,6291780,3189,景碩,tp,,13,155,160,3.23,198,110,160,7,5,2,150.5,https://news.cnyes.com/news/id/6291780
2025-12-29,10:10,6291082,2458,義隆,eps,2025,8,7.59,7.7,1.45,7.79,7,136,,,,,https://news.cnyes.com/news/id/6291082
2025-12-26,14:10,6289264,1301,台塑,tp,,6,38.5,42,9.09,50,28,42,3,5,1,39.75,https://news.cnyes.com/news/id/6289264
2025-12-25,10:10,6288468,2618,長榮航,eps,2025,7,4.44,4.34,-2.25,4.62,4.15,44,,,,,https://news.cnyes.com/news/id/6288468
2025-12-24,22:10,6288273,2881,富邦金,eps,2025,11,7.97,7.85,-1.51,8.92,6.07,90.5,,,,,https://news.cnyes.com/news/id/6288273
2025-12-24,22:10,6288272,3105,穩懋,tp,,10,108.5,115,5.99,192,92,115,4,6,2,188,https://news.cnyes.com/news/id/6288272
2025-12-24,20:11,6288211,2376,技嘉,eps,2025,11,18.63,18.51,-0.64,20.37,17.73,320,,,,,https://news.cnyes.com/news/id/6288211
2025-12-23,22:10,6286859,8210,勤誠,eps,2025,9,28.09,27.87,-0.78,29.32,26.58,1162,,,,,https://news.cnyes.com/news/id/6286859
2025-12-23,18:11,6286513,2610,華航,eps,2025,8,2.2,2.22,0.91,2.5,2.1,22,,,,,https://news.cnyes.com/news/id/6286513
2025-12-23,18:11,6286512,1519,華城,eps,2025,10,14.29,14.01,-1.96,16.82,13.07,911.5,,,,,https://news.cnyes.com/news/id/6286512
2025-12-23,18:11,6286511,2002,中鋼,eps,2025,9,-0.35,-0.36,-2.86,-0.22,-0.48,20,,,,,https://news.cnyes.com/news/id/6286511
2025-12-23,18:11,6286510,1513,中興電,eps,2025,9,8.19,8.12,-0.85,8.26,7.61,180,,,,,https://news.cnyes.com/news/id/6286510
2025-12-23,18:11,6286509,2603,長榮,eps,2025,9,30.31,31.21,2.97,33.55,27.89,195,,,,,https://news.cnyes.com/news/id/6286509
2025-12-23,18:11,6286508,9921,巨大,eps,2025,8,3.33,3.26,-2.1,6.09,2.73,112.5,,,,,https://news.cnyes.com/news/id/6286508
2025-12-23,18:11,6286507,1504,東元,eps,2025,8,2.56,2.51,-1.95,2.94,2.37,116.5,,,,,https://news.cnyes.com/news/id/6286507
2025-12-23,18:11,6286506,6279,胡連,eps,2025,10,9.73,9.68,-0.51,10.2,9.11,155,,,,,https://news.cnyes.com/news/id/6286506
2025-12-23,16:11,6286252,4958,臻鼎-KY,eps,2025,11,7.91,7.75,-2.02,9.66,6.68,178.5,,,,,https://news.cnyes.com/news/id/6286252
2025-12-23,16:11,6286251,2882,國泰金,eps,2025,10,6.19,6.24,0.81,7.25,5.11,70.5,,,,,https://news.cnyes.com/news/id/6286251
2025-12-23,16:11,6286250,1477,聚陽,eps,2025,18,14.38,14.46,0.56,15,13.78,336.5,,,,,https://news.cnyes.com/news/id/6286250
2025-12-23,16:10,6286249,1477,聚陽,tp,,18,325,336.5,3.54,390,206,336.5,11,5,2,298.5,https://news.cnyes.com/news/id/6286249
2025-12-23,14:10,6286074,2357,華碩,eps,2025,16,54.36,54.73,0.68,57.2,51.09,735,,,,,https://news.cnyes.com/news/id/6286074
2025-12-23,12:10,6285966,2458,義隆,eps,2025,8,7.71,7.59,-1.56,7.79,7,136,,,,,https://news.cnyes.com/news/id/6285966
2025-12-23,10:10,6285788,9914,美利達,eps,2025,9,5.71,5.68,-0.53,6.64,5.14,108,,,,,https://news.cnyes.com/news/id/6285788
2025-12-22,20:13,6285146,2458,義隆,eps,2025,8,7.59,7.71,1.58,9.01,7,136,,,,,https://news.cnyes.com/news/id/6285146
2025-12-22,16:11,6284745,2891,中信金,eps,2025,11,3.7,3.73,0.81,4.07,3.35,48.25,,,,,https://news.cnyes.com/news/id/6284745
2025-12-22,08:10,6283806,3105,穩懋,tp,,10,102,108.5,6.37,130,92,108.5,4,6,2,174,https://news.cnyes.com/news/id/6283806
2025-12-20,08:10,6283099,2881,富邦金,eps,2025,11,8.14,7.97,-2.09,9.11,6.07,90.5,,,,,https://news.cnyes.com/news/id/6283099
2025-12-19,18:11,6282546,8210,勤誠,eps,2025,8,27.87,28.09,0.79,29.32,26.58,1136,,,,,https://news.cnyes.com/news/id/6282546
2025-12-19,18:10,6282545,2634,漢翔,tp,,5,60,55,-8.33,63,48,55,0,5,0,50.8,https://news.cnyes.com/news/id/6282545
2025-12-19,12:11,6281909,6415,矽力-KY,eps,2025,16,6.22,6.27,0.8,7.87,5.92,240,,,,,https://news.cnyes.com/news/id/6281909
2025-12-19,12:11,6281908,3376,新日興,eps,2025,7,1.71,1.7,-0.58,3.3,1.52,295,,,,,https://news.cnyes.com/news/id/6281908
2025-12-19,12:11,6281906,6415,矽力-KY,tp,,16,249,240,-3.61,504,160,240,6,7,2,195,https://news.cnyes.com/news/id/6281906
2025-12-19,12:10,6281905,3376,新日興,tp,,8,285,295,3.51,314,235,295,6,1,0,210.5,https://news.cnyes.com/news/id/6281905
2025-12-19,08:10,6281348,2408,南亞科,eps,2025,15,0.69,0.78,13.04,1.24,-0.65,180,,,,,https://news.cnyes.com/news/id/6281348
2025-12-18,18:11,6280859,3324,雙鴻,eps,2025,16,29.47,29.98,1.73,31.19,25.33,1252.5,,,,,https://news.cnyes.com/news/id/6280859
2025-12-18,12:10,6280205,3443,創意,eps,2025,16,27,26.86,-0.52,32.14,25.72,1825,,,,,https://news.cnyes.com/news/id/6280205
2025-12-18,08:10,6279735,8046,南電,tp,,15,328,310,-5.49,360,106,310,9,4,2,243.5,https://news.cnyes.com/news/id/6279735
2025-12-17,22:10,6279515,8464,億豐,eps,2025,10,22.2,22.07,-0.59,23.58,21.47,490,,,,,https://news.cnyes.com/news/id/6279515
2025-12-17,12:10,6278618,3491,昇達科,tp,,7,590,622.5,5.51,726,440,622.5,5,0,0,631,https://news.cnyes.com/news/id/6278618
2025-12-16,16:10,6277298,2344,華邦電,tp,,9,75,78,4,100,45.8,78,8,1,0,70.6,https://news.cnyes.com/news/id/6277298
2025-12-16,12:10,6277012,3324,雙鴻,eps,2025,16,29.06,29.47,1.41,31.19,25.33,1227.5,,,,,https://news.cnyes.com/news/id/6277012
2025-12-16,12:10,6277011,3376,新日興,eps,2025,8,2.24,1.71,-23.66,3.3,1.52,285,,,,,https://news.cnyes.com/news/id/6277011
2025-12-16,10:10,6276779,2002,中鋼,tp,,9,21,20,-4.76,22,18.5,20,4,6,0,18.6,https://news.cnyes.com/news/id/6276779
2025-12-15,20:11,6276094,2356,英業達,eps,2025,8,2.34,2.38,1.71,2.53,2.24,46.25,,,,,https://news.cnyes.com/news/id/6276094
2025-12-15,18:11,6275895,1519,華城,eps,2025,9,14.93,14.46,-3.15,16.82,12.68,845,,,,,https://news.cnyes.com/news/id/6275895
2025-12-15,10:10,6275119,2408,南亞科,eps,2025,15,0.42,0.69,64.29,1.24,-0.65,180,,,,,https://news.cnyes.com/news/id/6275119
2025-12-15,08:11,6274703,5871,中租-KY,eps,2025,7,11.45,11.51,0.52,12.87,11.26,119,,,,,https://news.cnyes.com/news/id/6274703
2025-12-15,08:10,6274702,3081,聯亞,eps,2025,11,4.19,4.16,-0.72,5.05,3.95,490,,,,,https://news.cnyes.com/news/id/6274702
2025-12-13,10:10,6274048,1519,華城,eps,2025,8,15.4,14.93,-3.05,16.82,12.68,822.5,,,,,https://news.cnyes.com/news/id/6274048
2025-12-13,08:10,6274013,8299,群聯,eps,2025,13,32.14,32.77,1.96,36,23.28,1310,,,,,https://news.cnyes.com/news/id/6274013
2025-12-12,14:10,6273046,2610,華航,eps,2025,8,2.2,2.22,0.91,2.5,2.1,22,,,,,https://news.cnyes.com/news/id/6273046
2025-12-12,14:10,6273045,1519,華城,eps,2025,9,15.62,15.4,-1.41,16.82,12.68,800,,,,,https://news.cnyes.com/news/id/6273045
2025-12-12,14:10,6273044,9914,美利達,eps,2025,11,5.68,5.63,-0.88,6.33,4.95,121,,,,,https://news.cnyes.com/news/id/6273044
2025-12-12,14:10,6273043,2002,中鋼,eps,2025,9,-0.35,-0.36,-2.86,0.23,-0.48,21,,,,,https://news.cnyes.com/news/id/6273043
2025-12-12,14:10,6273042,1513,中興電,eps,2025,8,8.16,8.02,-1.72,8.26,7.61,180.5,,,,,https://news.cnyes.com/news/id/6273042
2025-12-12,14:10,6273041,2603,長榮,eps,2025,9,30.31,31.21,2.97,33.55,27.89,195,,,,,https://news.cnyes.com/news/id/6273041
2025-12-12,14:10,6273040,9921,巨大,eps,2025,8,3.33,3.26,-2.1,6.09,2.73,112.5,,,,,https://news.cnyes.com/news/id/6273040
2025-12-12,14:10,6273039,1504,東元,eps,2025,8,2.55,2.51,-1.57,2.94,2.37,116.5,,,,,https://news.cnyes.com/news/id/6273039
2025-12-12,14:10,6273038,6279,胡連,eps,2025,10,9.73,9.68,-0.51,10.2,9.11,155,,,,,https://news.cnyes.com/news/id/6273038
2025-12-12,12:10,6272889,2882,國泰金,eps,2025,10,6.2,6.24,0.65,7.25,5.11,70,,,,,https://news.cnyes.com/news/id/6272889
2025-12-12,12:10,6272888,5347,世界,eps,2025,17,4.31,4.29,-0.46,4.97,4.15,100,,,,,https://news.cnyes.com/news/id/6272888
2025-12-12,08:10,6272409,2455,全新,eps,2025,11,3.05,2.96,-2.95,3.36,2.93,177.5,,,,,https://news.cnyes.com/news/id/6272409
2025-12-12,08:10,6272408,3189,景碩,eps,2025,14,3.39,3.48,2.65,3.75,2.46,155,,,,,https://news.cnyes.com/news/id/6272408
2025-12-12,08:10,6272407,2344,華邦電,tp,,9,72.8,75,3.02,88,45.8,75,8,1,0,68.4,https://news.cnyes.com/news/id/6272407
2025-12-11,18:11,6271843,2408,南亞科,eps,2025,15,0.37,0.42,13.51,1.23,-0.65,178,,,,,https://news.cnyes.com/news/id/6271843
2025-12-11,18:10,6271842,2408,南亞科,tp,,15,154,178,15.58,202,33,178,10,4,1,156,https://news.cnyes.com/news/id/6271842
2025-12-11,18:10,6271841,3042,晶技,tp,,5,94,90,-4.26,115,90,90,2,3,0,86.2,https://news.cnyes.com/news/id/6271841
2025-12-11,12:10,6271366,2356,英業達,eps,2025,7,2.42,2.34,-3.31,2.53,2.24,46.25,,,,,https://news.cnyes.com/news/id/6271366
2025-12-11,12:10,6271365,2881,富邦金,eps,2025,10,7.77,7.81,0.51,8.92,6.07,90,,,,,https://news.cnyes.com/news/id/6271365
2025-12-11,12:10,6271364,9910,豐泰,eps,2025,10,5.12,5.16,0.78,6.46,4.6,132.5,,,,,https://news.cnyes.com/news/id/6271364
2025-12-11,12:10,6271363,6472,保瑞,eps,2025,7,31.7,30.29,-4.45,41,26.74,675,,,,,https://news.cnyes.com/news/id/6271363
2025-12-11,12:10,6271362,6472,保瑞,tp,,8,707,675,-4.53,1060,530,675,4,3,0,507,https://news.cnyes.com/news/id/6271362
2025-12-11,08:10,6270819,5871,中租-KY,eps,2025,8,11.39,11.45,0.53,12.87,11.21,120,,,,,https://news.cnyes.com/news/id/6270819
2025-12-11,08:10,6270818,8210,勤誠,eps,2025,9,27.66,27.87,0.76,29.32,26.58,1110,,,,,https://news.cnyes.com/news/id/6270818
2025-12-10,18:11,6270227,6279,胡連,eps,2025,10,9.68,9.73,0.52,11.56,9.11,155,,,,,https://news.cnyes.com/news/id/6270227
2025-12-10,14:11,6269151,2610,華航,eps,2025,8,2.22,2.2,-0.9,2.5,2,22,,,,,https://news.cnyes.com/news/id/6269151
2025-12-10,14:11,6269150,1519,華城,eps,2025,9,15.4,15.62,1.43,16.84,14.04,800,,,,,https://news.cnyes.com/news/id/6269150
2025-12-10,14:10,6269149,9914,美利達,eps,2025,11,5.63,5.68,0.89,6.64,5.07,121,,,,,https://news.cnyes.com/news/id/6269149
2025-12-10,14:10,6269148,2882,國泰金,eps,2025,10,6.19,6.15,-0.65,7.25,4.93,68.5,,,,,https://news.cnyes.com/news/id/6269148
2025-12-10,14:10,6269147,1513,中興電,eps,2025,8,8.02,8.16,1.75,8.7,7.61,180.5,,,,,https://news.cnyes.com/news/id/6269147
2025-12-10,14:10,6269146,9921,巨大,eps,2025,8,3.26,3.33,2.15,6.09,3,112.5,,,,,https://news.cnyes.com/news/id/6269146
2025-12-10,14:10,6269145,1504,東元,eps,2025,9,2.55,2.57,0.78,3.1,2.37,116.5,,,,,https://news.cnyes.com/news/id/6269145
2025-12-10,14:10,6269142,2881,富邦金,eps,2025,11,7.85,7.77,-1.02,8.92,5.76,90,,,,,https://news.cnyes.com/news/id/6269142
2025-12-10,12:14,6268991,2379,瑞昱,eps,2025,19,29.84,29.53,-1.04,33.54,28.44,587.5,,,,,https://news.cnyes.com/news/id/6268991
2025-12-10,12:14,6268990,2458,義隆,eps,2025,8,7.71,7.59,-1.56,7.79,7,136,,,,,https://news.cnyes.com/news/id/6268990
2025-12-10,08:10,6268409,3406,玉晶光,eps,2025,8,31.21,31.43,0.7,32.57,30.03,496,,,,,https://news.cnyes.com/news/id/6268409
2025-12-09,22:10,6268188,1326,台化,tp,,5,25.5,28.15,10.39,36,18,28.15,3,3,2,32.5,https://news.cnyes.com/news/id/6268188
2025-12-09,22:10,6268187,1301,台塑,tp,,5,35,38.5,10,50,28,38.5,2,4,1,40.3,https://news.cnyes.com/news/id/6268187
2025-12-09,12:11,6266868,6415,矽力-KY,eps,2025,17,6.27,6.22,-0.8,7.87,5.92,249,,,,,https://news.cnyes.com/news/id/6266868
2025-12-09,12:11,6266867,3491,昇達科,tp,,7,561,590,5.17,655,440,590,7,0,0,588,https://news.cnyes.com/news/id/6266867
2025-12-09,10:10,6266595,3105,穩懋,eps,2025,7,2.54,2.56,0.79,2.58,2.23,100.5,,,,,https://news.cnyes.com/news/id/6266595
2025-12-09,08:10,6266261,3529,力旺,eps,2025,7,26.23,25.65,-2.21,32.87,24.79,2630,,,,,https://news.cnyes.com/news/id/6266261
2025-12-08,16:10,6265322,6274,台燿,tp,,14,470.75,485,3.03,565,310,485,13,1,0,421,https://news.cnyes.com/news/id/6265322
2025-12-08,10:11,6264549,1477,聚陽,eps,2025,18,14.29,14.38,0.63,15.71,13.17,320,,,,,https://news.cnyes.com/news/id/6264549
2025-12-08,10:11,6264548,2356,英業達,eps,2025,8,2.34,2.42,3.42,2.53,2.24,46.25,,,,,https://news.cnyes.com/news/id/6264548
2025-12-08,10:11,6264547,4938,和碩,eps,2025,9,4.83,4.76,-1.45,5.3,3.86,72,,,,,https://news.cnyes.com/news/id/6264547
2025-12-08,08:11,6264031,1560,中砂,eps,2025,8,8.75,8.7,-0.57,9,7.97,380,,,,,https://news.cnyes.com/news/id/6264031
2025-12-08,08:11,6264030,5388,中磊,eps,2025,7,5.14,4.57,-11.09,9.1,4.42,115,,,,,https://news.cnyes.com/news/id/6264030
2025-12-08,08:10,6264029,1326,台化,tp,,6,27.7,25.5,-7.94,36,18,25.5,2,3,2,33.85,https://news.cnyes.com/news/id/6264029
2025-12-05,18:11,6262803,8086,宏捷科,eps,2025,8,2.95,3.09,4.75,3.23,2.5,140,,,,,https://news.cnyes.com/news/id/6262803
2025-12-05,16:11,6262379,6279,胡連,eps,2025,10,9.62,9.73,1.14,11.56,9.11,155,,,,,https://news.cnyes.com/news/id/6262379
2025-12-05,12:10,6261940,6279,胡連,tp,,11,165,155,-6.06,190,133,155,6,5,0,129.5,https://news.cnyes.com/news/id/6261940
2025-12-04,18:14,6260726,6491,晶碩,eps,2025,8,21.63,21.47,-0.74,22.34,20.72,365,,,,,https://news.cnyes.com/news/id/6260726
2025-12-04,12:10,6260618,6415,矽力-KY,eps,2025,18,6.32,6.27,-0.79,7.87,5.92,255,,,,,https://news.cnyes.com/news/id/6260618
2025-12-04,12:10,6260617,2408,南亞科,eps,2025,15,0.26,0.37,42.31,1.23,-0.65,154,,,,,https://news.cnyes.com/news/id/6260617
2025-12-04,12:10,6260616,5871,中租-KY,eps,2025,7,11.55,11.39,-1.39,12.87,11.21,122,,,,,https://news.cnyes.com/news/id/6260616
2025-12-04,12:10,6260615,2353,﻿宏碁,tp,,7,26,28,7.69,35,20,28,1,2,3,27.55,https://news.cnyes.com/news/id/6260615
2025-12-04,08:10,6260388,6415,矽力-KY,eps,2025,18,6.32,6.27,-0.79,7.87,5.92,255,,,,,https://news.cnyes.com/news/id/6260388
2025-12-04,08:10,6260387,2610,華航,eps,2025,8,2.22,2.2,-0.9,2.5,2,22,,,,,https://news.cnyes.com/news/id/6260387
2025-12-03,12:10,6260070,2881,富邦金,eps,2025,11,7.35,7.71,4.9,8.92,5.65,90,,,,,https://news.cnyes.com/news/id/6260070
2025-12-03,12:10,6260069,1795,美時,tp,,9,331,360.5,8.91,600,273,360.5,7,2,0,299.5,https://news.cnyes.com/news/id/6260069
2025-12-03,12:10,6260068,6505,台塑化,tp,,6,52.5,55,4.76,63,35,55,3,3,0,53.7,https://news.cnyes.com/news/id/6260068
2025-12-02,20:11,6259693,3037,欣興,eps,2025,19,3.45,3.42,-0.87,3.97,3.04,194.25,,,,,https://news.cnyes.com/news/id/6259693
2025-12-02,20:10,6259690,2605,新興,tp,,5,29,30,3.45,32.3,28,30,4,1,0,28.2,https://news.cnyes.com/news/id/6259690
2025-12-02,18:11,6259666,3189,景碩,eps,2025,14,3.49,3.39,-2.87,3.75,2.46,155,,,,,https://news.cnyes.com/news/id/6259666
2025-12-02,18:11,6259665,2881,富邦金,eps,2025,12,6.99,7.35,5.15,8.92,5.65,90,,,,,https://news.cnyes.com/news/id/6259665
2025-12-02,08:10,6259168,6782,視陽,eps,2025,8,13.68,13.91,1.68,14.39,12.61,234.5,,,,,https://news.cnyes.com/news/id/6259168
2025-12-02,08:10,6259167,3443,創意,eps,2025,18,26.93,27.08,0.56,32.14,25.72,1790,,,,,https://news.cnyes.com/news/id/6259167
2025-12-02,08:10,6259166,3036,文曄,eps,2025,8,11.46,11.38,-0.7,11.9,9.67,180,,,,,https://news.cnyes.com/news/id/6259166
2025-12-02,08:10,6259165,1303,南亞,tp,,5,45,67,48.89,70,30,67,3,3,0,61.1,https://news.cnyes.com/news/id/6259165
2025-12-01,22:10,6258470,1303,南亞,tp,,5,40,45,12.5,70,30,45,3,3,0,61.1,https://news.cnyes.com/news/id/6258470
2025-12-01,12:10,6257808,2408,南亞科,tp,,15,140,150,7.14,202,33,150,10,4,1,148,https://news.cnyes.com/news/id/6257808
2025-12-01,08:10,6257060,2002,中鋼,eps,2025,9,-0.36,-0.36,0,0.23,-0.48,21,,,,,https://news.cnyes.com/news/id/6257060
2025-12-01,08:10,6257059,4938,和碩,eps,2025,10,4.9,4.83,-1.43,5.3,3.86,72,,,,,https://news.cnyes.com/news/id/6257059
2025-11-29,08:10,6256397,3036,文曄,eps,2025,8,11.38,11.46,0.7,11.9,9.67,177.5,,,,,https://news.cnyes.com/news/id/6256397
2025-11-28,12:10,6255451,9921,巨大,eps,2025,8,3.2,3.33,4.06,6.09,3,112.5,,,,,https://news.cnyes.com/news/id/6255451
2025-11-28,08:13,6254825,2368,金像電,eps,2025,11,19.28,19.04,-1.24,19.54,15.56,700,,,,,https://news.cnyes.com/news/id/6254825
2025-11-27,14:10,6253984,2891,中信金,eps,2025,13,3.66,3.7,1.09,4.03,3.23,48,,,,,https://news.cnyes.com/news/id/6253984
2025-11-27,12:10,6253838,2881,富邦金,eps,2025,13,7.4,6.99,-5.54,9.11,5.65,87.8,,,,,https://news.cnyes.com/news/id/6253838
2025-11-27,12:10,6253837,2368,金像電,tp,,11,577,669,15.94,725,480,669,12,0,0,625,https://news.cnyes.com/news/id/6253837
2025-11-27,08:11,6253258,2618,長榮航,eps,2025,8,4.55,4.44,-2.42,5,4.15,44,,,,,https://news.cnyes.com/news/id/6253258
2025-11-27,08:11,6253257,3105,穩懋,eps,2025,8,2.52,2.54,0.79,2.58,0.67,99,,,,,https://news.cnyes.com/news/id/6253257
2025-11-27,08:11,6253256,2610,華航,eps,2025,8,2.22,2.2,-0.9,2.5,2,22,,,,,https://news.cnyes.com/news/id/6253256
2025-11-27,08:11,6253255,6782,視陽,eps,2025,8,13.77,13.68,-0.65,14.39,12.61,235.5,,,,,https://news.cnyes.com/news/id/6253255
2025-11-27,08:11,6253254,2409,友達,eps,2025,10,0.47,0.43,-8.51,1.16,0.21,13,,,,,https://news.cnyes.com/news/id/6253254
2025-11-27,08:11,6253253,6526,達發,eps,2025,7,18.05,17.64,-2.27,19.2,15.99,568,,,,,https://news.cnyes.com/news/id/6253253
2025-11-27,08:10,6253252,2882,國泰金,eps,2025,12,5.22,5.34,2.3,7.27,4.06,67.3,,,,,https://news.cnyes.com/news/id/6253252
2025-11-27,08:10,6253251,3533,嘉澤,eps,2025,18,68.18,67.76,-0.62,80.67,65.22,1565,,,,,https://news.cnyes.com/news/id/6253251
2025-11-27,08:10,6253250,1795,美時,eps,2025,8,18.71,18.28,-2.3,20.03,16.39,327,,,,,https://news.cnyes.com/news/id/6253250
2025-11-27,08:10,6253249,1513,中興電,eps,2025,8,8.01,8.16,1.87,8.7,7.61,180.5,,,,,https://news.cnyes.com/news/id/6253249
2025-11-27,08:10,6253248,2603,長榮,eps,2025,9,31.21,30.31,-2.88,33.55,21.9,195,,,,,https://news.cnyes.com/news/id/6253248
2025-11-27,08:10,6253247,2891,中信金,eps,2025,13,3.6,3.66,1.67,4.03,3.23,48,,,,,https://news.cnyes.com/news/id/6253247
2025-11-27,08:10,6253246,9921,巨大,eps,2025,9,3.07,3.2,4.23,6.09,2.78,112,,,,,https://news.cnyes.com/news/id/6253246
2025-11-27,08:10,6253245,5347,世界,eps,2025,17,4.29,4.31,0.47,4.97,4.15,100,,,,,https://news.cnyes.com/news/id/6253245
2025-11-27,08:10,6253244,3131,弘塑,eps,2025,10,37.4,37.82,1.12,42.5,37.04,1800,,,,,https://news.cnyes.com/news/id/6253244
2025-11-27,08:10,6253243,3376,新日興,eps,2025,8,2.49,2.24,-10.04,3.3,1.52,287.5,,,,,https://news.cnyes.com/news/id/6253243
2025-11-27,08:10,6253242,6505,台塑化,eps,2025,7,1.19,1.27,6.72,3.05,0.63,56.5,,,,,https://news.cnyes.com/news/id/6253242
2025-11-27,08:10,6253241,2344,華邦電,eps,2025,8,0.89,0.91,2.25,1.26,-0.43,72.8,,,,,https://news.cnyes.com/news/id/6253241
2025-11-27,08:10,6253240,5388,中磊,eps,2025,8,5.7,5.14,-9.82,9.1,4.42,116.5,,,,,https://news.cnyes.com/news/id/6253240
2025-11-27,08:10,6253239,3376,新日興,tp,,8,300,287.5,-4.17,314,235,287.5,6,2,0,192,https://news.cnyes.com/news/id/6253239
2025-11-26,16:11,6252591,2379,瑞昱,eps,2025,19,29.53,29.84,1.05,33.54,28.44,587.5,,,,,https://news.cnyes.com/news/id/6252591
2025-11-26,16:11,6252590,2458,義隆,eps,2025,8,7.59,7.71,1.58,9.01,6.53,138,,,,,https://news.cnyes.com/news/id/6252590
2025-11-26,16:11,6252589,2002,中鋼,eps,2025,9,-0.27,-0.35,-29.63,0.23,-0.48,21.3,,,,,https://news.cnyes.com/news/id/6252589
2025-11-26,16:11,6252588,3529,力旺,eps,2025,8,25.63,26.23,2.34,32.87,24.79,2630,,,,,https://news.cnyes.com/news/id/6252588
2025-11-26,12:10,6252255,2376,技嘉,eps,2025,13,18.51,18.63,0.65,20.37,17.73,322.5,,,,,https://news.cnyes.com/news/id/6252255
2025-11-26,12:10,6252254,3037,欣興,eps,2025,18,3.48,3.45,-0.86,3.94,3.07,193.49,,,,,https://news.cnyes.com/news/id/6252254
2025-11-26,12:10,6252253,2353,﻿宏碁,eps,2025,7,1.35,1.31,-2.96,1.76,1.21,26,,,,,https://news.cnyes.com/news/id/6252253
2025-11-26,12:10,6252252,6472,保瑞,eps,2025,8,33.1,31.7,-4.23,41,26.74,707,,,,,https://news.cnyes.com/news/id/6252252
2025-11-26,12:10,6252250,6472,保瑞,tp,,9,739,707,-4.33,1060,530,707,5,3,0,551,https://news.cnyes.com/news/id/6252250
2025-11-25,18:11,6251163,2881,富邦金,eps,2025,13,6.8,7.4,8.82,9.11,5.65,87.8,,,,,https://news.cnyes.com/news/id/6251163
2025-11-25,18:11,6251162,5274,信驊,eps,2025,15,96.3,97.18,0.91,101.43,92.12,7200,,,,,https://news.cnyes.com/news/id/6251162
2025-11-25,16:11,6250924,9914,美利達,eps,2025,12,5.65,5.61,-0.71,6.33,4.45,116.5,,,,,https://news.cnyes.com/news/id/6250924
2025-11-25,16:11,6250923,2002,中鋼,eps,2025,9,-0.25,-0.27,-8,0.23,-0.38,21.3,,,,,https://news.cnyes.com/news/id/6250923
2025-11-25,12:10,6250621,6505,台塑化,tp,,6,52.5,56.5,7.62,63,35,56.5,4,3,0,51.6,https://news.cnyes.com/news/id/6250621
2025-11-24,22:10,6249772,1216,統一,eps,2025,9,3.73,3.63,-2.68,4.51,3.45,90.5,,,,,https://news.cnyes.com/news/id/6249772
2025-11-24,12:10,6248981,2324,仁寶,eps,2025,7,1.46,1.45,-0.68,1.71,1.42,30.5,,,,,https://news.cnyes.com/news/id/6248981
2025-11-24,10:10,6248768,6213,聯茂,eps,2025,11,4.12,3.99,-3.16,5.56,3.82,111,,,,,https://news.cnyes.com/news/id/6248768
2025-11-24,08:10,6248332,4958,臻鼎-KY,tp,,11,172,178.5,3.78,200,150,178.5,8,2,1,141,https://news.cnyes.com/news/id/6248332
2025-11-22,08:10,6247643,9914,美利達,eps,2025,12,5.69,5.65,-0.7,6.82,4.45,116.5,,,,,https://news.cnyes.com/news/id/6247643
2025-11-22,08:10,6247642,2002,中鋼,eps,2025,9,-0.25,-0.22,12,0.8,-0.38,21.6,,,,,https://news.cnyes.com/news/id/6247642
2025-11-22,08:10,6247641,3376,新日興,eps,2025,8,2.78,2.49,-10.43,3.3,1.6,300,,,,,https://news.cnyes.com/news/id/6247641
2025-11-22,08:10,6247640,6472,保瑞,tp,,9,800,739,-7.63,1060,530,739,6,3,0,521,https://news.cnyes.com/news/id/6247640
2025-11-21,22:10,6247403,1319,東陽,eps,2025,9,6.05,5.99,-0.99,6.38,5.49,115,,,,,https://news.cnyes.com/news/id/6247403
2025-11-21,20:11,6247290,1504,東元,eps,2025,9,2.55,2.57,0.78,3.3,2.2,116.5,,,,,https://news.cnyes.com/news/id/6247290
2025-11-21,14:10,6246678,4958,臻鼎-KY,eps,2025,11,7.96,7.91,-0.63,9.66,6.68,172,,,,,https://news.cnyes.com/news/id/6246678
2025-11-21,14:10,6246677,8069,元太,tp,,17,290,281,-3.1,355,205,281,12,3,0,196.5,https://news.cnyes.com/news/id/6246677
2025-11-21,12:10,6246551,2313,華通,eps,2025,7,5.14,5.25,2.14,5.37,4.95,100,,,,,https://news.cnyes.com/news/id/6246551
2025-11-21,12:10,6246550,3491,昇達科,eps,2025,7,8.2,8.25,0.61,8.76,7.58,561,,,,,https://news.cnyes.com/news/id/6246550
2025-11-21,12:10,6246549,6414,樺漢,tp,,6,350,330,-5.71,435,310,330,5,1,0,287.5,https://news.cnyes.com/news/id/6246549
2025-11-21,12:10,6246548,6770,力積電,tp,,6,29.15,31.35,7.55,41,10.5,31.35,2,4,0,33.2,https://news.cnyes.com/news/id/6246548
2025-11-21,08:10,6245904,8086,宏捷科,eps,2025,8,2.86,2.95,3.15,3.23,2.5,140,,,,,https://news.cnyes.com/news/id/6245904
2025-11-21,08:10,6245903,3491,昇達科,eps,2025,8,8.31,8.2,-1.32,8.76,6.69,553,,,,,https://news.cnyes.com/news/id/6245903
2025-11-21,08:10,6245901,5871,中租-KY,eps,2025,11,11.66,11.55,-0.94,12.87,11.19,120.5,,,,,https://news.cnyes.com/news/id/6245901
2025-11-21,08:10,6245900,3491,昇達科,tp,,8,532.5,553,3.85,581,395,553,8,0,0,461,https://news.cnyes.com/news/id/6245900
2025-11-20,22:10,6245654,8086,宏捷科,eps,2025,8,2.86,2.95,3.15,3.23,2.5,140,,,,,https://news.cnyes.com/news/id/6245654
2025-11-20,22:10,6245652,6472,保瑞,tp,,8,800,745,-6.87,1060,585,745,7,2,0,526,https://news.cnyes.com/news/id/6245652
2025-11-20,20:11,6245547,1216,統一,eps,2025,10,3.82,3.73,-2.36,4.51,3.45,90,,,,,https://news.cnyes.com/news/id/6245547
2025-11-20,20:11,6245546,6274,台燿,eps,2025,15,12.18,12.26,0.66,13.01,11.33,453.25,,,,,https://news.cnyes.com/news/id/6245546
2025-11-20,20:10,6245543,6274,台燿,tp,,13,440,453.25,3.01,500,310,453.25,12,1,0,416,https://news.cnyes.com/news/id/6245543
2025-11-20,12:10,6244846,4958,臻鼎-KY,eps,2025,12,8.21,8.02,-2.31,10.51,7.16,178.5,,,,,https://news.cnyes.com/news/id/6244846
2025-11-20,12:10,6244845,1477,聚陽,eps,2025,19,14.22,14.15,-0.49,14.85,13.17,310,,,,,https://news.cnyes.com/news/id/6244845
2025-11-20,12:10,6244844,2912,統一超,eps,2025,7,11,10.91,-0.82,11.7,10.69,291.5,,,,,https://news.cnyes.com/news/id/6244844
2025-11-20,12:10,6244843,3406,玉晶光,eps,2025,7,30.76,31.21,1.46,32.57,30.03,498,,,,,https://news.cnyes.com/news/id/6244843
2025-11-20,12:10,6244842,6472,保瑞,eps,2025,8,40.03,39.03,-2.5,41,26.74,828.5,,,,,https://news.cnyes.com/news/id/6244842
2025-11-20,08:10,6244240,8069,元太,tp,,17,325,293,-9.85,410,254,293,14,3,0,169,https://news.cnyes.com/news/id/6244240
2025-11-20,08:10,6244239,6505,台塑化,tp,,6,46,52.5,14.13,63,35,52.5,4,3,0,53.5,https://news.cnyes.com/news/id/6244239
2025-11-19,16:11,6243569,2360,致茂,eps,2025,12,26.15,26.01,-0.54,28.15,18.52,910,,,,,https://news.cnyes.com/news/id/6243569
2025-11-19,14:10,6243370,2353,﻿宏碁,eps,2025,7,1.67,1.46,-12.57,1.76,1.21,26,,,,,https://news.cnyes.com/news/id/6243370
2025-11-19,12:10,6243260,2884,玉山金,eps,2025,10,2.05,2.08,1.46,2.19,1.9,34,,,,,https://news.cnyes.com/news/id/6243260
2025-11-19,12:10,6243259,2912,統一超,eps,2025,8,11.15,11,-1.35,11.7,10.69,293,,,,,https://news.cnyes.com/news/id/6243259
2025-11-19,12:10,6243258,1216,統一,eps,2025,9,3.87,3.82,-1.29,4.51,3.45,90.5,,,,,https://news.cnyes.com/news/id/6243258
2025-11-19,12:10,6243257,3044,健鼎,eps,2025,10,19.96,20.1,0.7,20.36,19,369,,,,,https://news.cnyes.com/news/id/6243257
2025-11-19,08:10,6242746,3443,創意,eps,2025,18,26.72,26.94,0.82,32.14,25.72,1700,,,,,https://news.cnyes.com/news/id/6242746
2025-11-19,08:10,6242745,2353,﻿宏碁,tp,,6,30,26,-13.33,36,20,26,1,2,3,27.8,https://news.cnyes.com/news/id/6242745
2025-11-18,22:10,6242519,8069,元太,eps,2025,17,10.13,10.2,0.69,11.45,9.24,325,,,,,https://news.cnyes.com/news/id/6242519
2025-11-18,20:11,6242441,5269,祥碩,eps,2025,11,70.99,71.34,0.49,82.39,66.16,2050,,,,,https://news.cnyes.com/news/id/6242441
2025-11-18,18:13,6242336,2027,大成鋼,tp,,5,50,48.5,-3,55,45,48.5,5,0,0,36.9,https://news.cnyes.com/news/id/6242336
2025-11-18,12:10,6241708,9921,巨大,eps,2025,9,3.28,3.45,5.18,6.09,2.78,109,,,,,https://news.cnyes.com/news/id/6241708
2025-11-18,12:10,6241707,8046,南電,tp,,14,310,328,5.81,360,115,328,9,4,2,263.5,https://news.cnyes.com/news/id/6241707
2025-11-18,10:10,6241469,2368,金像電,eps,2025,11,18.73,19.04,1.66,19.47,15.56,550,,,,,https://news.cnyes.com/news/id/6241469
2025-11-18,10:10,6241468,6415,矽力-KY,tp,,17,295,258,-12.54,504,180,258,6,9,3,194.5,https://news.cnyes.com/news/id/6241468
2025-11-18,08:10,6241124,2618,長榮航,eps,2025,8,4.62,4.58,-0.87,5,4.19,44,,,,,https://news.cnyes.com/news/id/6241124
2025-11-18,08:10,6241123,6415,矽力-KY,eps,2025,18,6.52,6.42,-1.53,7.94,5.92,295,,,,,https://news.cnyes.com/news/id/6241123
2025-11-18,08:10,6241122,2049,上銀,eps,2025,18,4.23,4.32,2.13,7.03,3.35,214.5,,,,,https://news.cnyes.com/news/id/6241122
2025-11-18,08:10,6241121,2891,中信金,eps,2025,12,3.5,3.51,0.29,4.03,3.26,48,,,,,https://news.cnyes.com/news/id/6241121
2025-11-17,22:10,6240907,9914,美利達,eps,2025,12,5.99,5.82,-2.84,6.82,4.45,122.5,,,,,https://news.cnyes.com/news/id/6240907
2025-11-17,22:10,6240906,5274,信驊,eps,2025,13,92.43,96.3,4.19,101.37,83.57,6450,,,,,https://news.cnyes.com/news/id/6240906
2025-11-17,18:11,6240649,5871,中租-KY,eps,2025,10,11.84,11.61,-1.94,12.96,11.1,122.75,,,,,https://news.cnyes.com/news/id/6240649
2025-11-17,18:10,6240648,5871,中租-KY,tp,,10,127.5,122.75,-3.73,148,104,122.75,4,6,0,100.5,https://news.cnyes.com/news/id/6240648
2025-11-17,12:10,6240126,6409,旭隼,eps,2025,7,44.68,44.05,-1.41,48.46,43.05,1390,,,,,https://news.cnyes.com/news/id/6240126
2025-11-17,12:10,6240125,6414,樺漢,tp,,6,367.5,352.5,-4.08,435,321,352.5,4,2,0,299,https://news.cnyes.com/news/id/6240125
2025-11-17,10:11,6239953,4938,和碩,eps,2025,11,4.76,4.9,2.94,5.43,3.86,73,,,,,https://news.cnyes.com/news/id/6239953
2025-11-17,10:10,6239951,2353,﻿宏碁,tp,,6,34,30,-11.76,36,23.7,30,1,2,2,28.9,https://news.cnyes.com/news/id/6239951
2025-11-17,08:11,6239547,2376,技嘉,eps,2025,13,19.74,19.41,-1.67,22.22,17.26,350,,,,,https://news.cnyes.com/news/id/6239547
2025-11-17,08:11,6239546,8086,宏捷科,eps,2025,8,2.82,2.86,1.42,3.23,2.5,140,,,,,https://news.cnyes.com/news/id/6239546
2025-11-17,08:11,6239545,1319,東陽,eps,2025,8,6.1,6.05,-0.82,6.38,5.77,115,,,,,https://news.cnyes.com/news/id/6239545
2025-11-17,08:11,6239544,3324,雙鴻,eps,2025,14,29.13,28.87,-0.89,31.19,21.39,1165,,,,,https://news.cnyes.com/news/id/6239544
2025-11-17,08:11,6239543,2345,智邦,eps,2025,10,43.97,44.27,0.68,46.08,42.6,1350,,,,,https://news.cnyes.com/news/id/6239543
2025-11-17,08:11,6239542,3044,健鼎,eps,2025,10,19.79,19.96,0.86,20.36,19,369,,,,,https://news.cnyes.com/news/id/6239542
2025-11-17,08:10,6239541,1326,台化,tp,,7,29.9,27.7,-7.36,36,18,27.7,2,3,2,34,https://news.cnyes.com/news/id/6239541
2025-11-17,08:10,6239540,1301,台塑,tp,,6,38.5,35,-9.09,50,28,35,2,4,1,42.55,https://news.cnyes.com/news/id/6239540
2025-11-17,08:10,6239539,6505,台塑化,tp,,7,44,46,4.55,63,35,46,4,3,0,53.2,https://news.cnyes.com/news/id/6239539
2025-11-17,08:10,6239538,3036,文曄,tp,,9,165,170,3.03,186,148,170,7,1,0,147,https://news.cnyes.com/news/id/6239538
2025-11-17,08:10,6239537,2353,﻿宏碁,tp,,6,31.5,34,7.94,36,23.7,34,1,2,2,29.05,https://news.cnyes.com/news/id/6239537
2025-11-15,08:10,6238891,6415,矽力-KY,eps,2025,18,6.6,6.55,-0.76,7.94,6.04,330,,,,,https://news.cnyes.com/news/id/6238891
2025-11-15,08:10,6238890,2610,華航,eps,2025,8,2.35,2.22,-5.53,2.5,2.1,22,,,,,https://news.cnyes.com/news/id/6238890
2025-11-15,08:10,6238889,3529,力旺,eps,2025,8,26.47,26.18,-1.1,30.12,24.79,2670,,,,,https://news.cnyes.com/news/id/6238889
2025-11-15,08:10,6238888,3324,雙鴻,eps,2025,14,28.36,29.13,2.72,31.19,21.39,1150,,,,,https://news.cnyes.com/news/id/6238888
2025-11-15,08:10,6238887,3529,力旺,tp,,7,2800,2670,-4.64,4000,2500,2670,7,0,0,1955,https://news.cnyes.com/news/id/6238887
2025-11-14,22:10,6238683,5871,中租-KY,eps,2025,10,12.02,11.84,-1.5,12.96,11.1,127.5,,,,,https://news.cnyes.com/news/id/6238683
2025-11-14,16:11,6238159,6669,緯穎,eps,2025,20,258.93,262.08,1.22,278.15,171.37,5250,,,,,https://news.cnyes.com/news/id/6238159
2025-11-14,16:11,6238158,6472,保瑞,eps,2025,9,40.91,40.07,-2.05,52.76,30.59,833,,,,,https://news.cnyes.com/news/id/6238158
2025-11-14,12:11,6237729,4958,臻鼎-KY,eps,2025,14,9.09,9,-0.99,10.51,7.5,183.5,,,,,https://news.cnyes.com/news/id/6237729
2025-11-14,12:11,6237728,2409,友達,eps,2025,10,0.49,0.47,-4.08,1.16,0.37,13,,,,,https://news.cnyes.com/news/id/6237728
2025-11-14,12:11,6237727,1476,儒鴻,eps,2025,20,18.74,19.14,2.13,21.11,18.03,489,,,,,https://news.cnyes.com/news/id/6237727
2025-11-14,12:11,6237726,1504,東元,eps,2025,9,2.64,2.57,-2.65,3.3,2.2,116.5,,,,,https://news.cnyes.com/news/id/6237726
2025-11-14,12:11,6237725,4938,和碩,eps,2025,11,4.99,4.76,-4.61,5.43,3.86,73,,,,,https://news.cnyes.com/news/id/6237725
2025-11-14,12:11,6237724,8464,億豐,eps,2025,11,22.99,22.47,-2.26,24.3,21.47,500,,,,,https://news.cnyes.com/news/id/6237724
2025-11-14,12:10,6237723,4958,臻鼎-KY,tp,,14,176,183.5,4.26,208,128.5,183.5,9,4,1,141.5,https://news.cnyes.com/news/id/6237723
2025-11-14,12:10,6237722,3034,聯詠,tp,,18,420,400,-4.76,520,300,400,1,15,3,390,https://news.cnyes.com/news/id/6237722
2025-11-14,12:10,6237721,2385,群光,tp,,8,149.5,154,3.01,175,135,154,3,5,0,128,https://news.cnyes.com/news/id/6237721
2025-11-14,12:10,6237720,1476,儒鴻,tp,,20,474,489,3.16,630,341,489,11,8,1,455,https://news.cnyes.com/news/id/6237720
2025-11-14,12:10,6237719,1477,聚陽,tp,,17,300,310,3.33,375,185,310,7,6,4,309.5,https://news.cnyes.com/news/id/6237719
2025-11-14,12:10,6237718,1504,東元,tp,,8,98,116.5,18.88,165,55,116.5,5,4,0,100.5,https://news.cnyes.com/news/id/6237718
2025-11-14,08:10,6237119,2455,全新,eps,2025,11,3.08,3.05,-0.97,3.84,2.93,185,,,,,https://news.cnyes.com/news/id/6237119
2025-11-14,08:10,6237118,2377,微星,tp,,6,142.5,132.5,-7.02,165,110,132.5,0,6,0,109.5,https://news.cnyes.com/news/id/6237118
2025-11-13,22:10,6236865,2603,長榮,tp,,8,185,192.5,4.05,320,165,192.5,1,4,3,187.5,https://news.cnyes.com/news/id/6236865
2025-11-13,20:11,6236710,3533,嘉澤,eps,2025,18,68.53,68.17,-0.53,80.67,65.22,1600,,,,,https://news.cnyes.com/news/id/6236710
2025-11-13,18:11,6236525,2049,上銀,eps,2025,17,4.34,4.23,-2.53,7.03,3.35,215,,,,,https://news.cnyes.com/news/id/6236525
2025-11-13,14:10,6235797,5347,世界,eps,2025,17,4.31,4.29,-0.46,4.97,4.15,100,,,,,https://news.cnyes.com/news/id/6235797
2025-11-13,12:11,6235667,2376,技嘉,eps,2025,11,20.18,19.74,-2.18,21.53,17.26,350,,,,,https://news.cnyes.com/news/id/6235667
2025-11-13,12:11,6235666,3231,緯創,eps,2025,17,8.84,8.93,1.02,10.25,6.92,180,,,,,https://news.cnyes.com/news/id/6235666
2025-11-13,12:11,6235665,2385,群光,eps,2025,8,10.37,10.27,-0.96,10.95,10,149.5,,,,,https://news.cnyes.com/news/id/6235665
2025-11-13,12:10,6235664,2317,鴻海,eps,2025,23,14.14,14.37,1.63,15.43,13,300,,,,,https://news.cnyes.com/news/id/6235664
2025-11-13,12:10,6235663,6488,環球晶,eps,2025,12,15.21,15.04,-1.12,18.06,13.8,533,,,,,https://news.cnyes.com/news/id/6235663
2025-11-13,12:10,6235662,6187,萬潤,tp,,5,450,420,-6.67,475,420,420,3,2,0,336,https://news.cnyes.com/news/id/6235662
2025-11-13,12:10,6235661,2317,鴻海,tp,,23,285,300,5.26,400,220,300,22,3,0,250.5,https://news.cnyes.com/news/id/6235661
2025-11-13,10:10,6235422,3231,緯創,eps,2025,17,8.83,8.93,1.13,10.25,6.92,180,,,,,https://news.cnyes.com/news/id/6235422
2025-11-13,10:10,6235421,6274,台燿,eps,2025,14,12.08,12.18,0.83,13.31,11.33,390,,,,,https://news.cnyes.com/news/id/6235421
2025-11-13,08:10,6235038,2382,廣達,eps,2025,20,17.58,17.87,1.65,19.5,16.53,352.5,,,,,https://news.cnyes.com/news/id/6235038
2025-11-13,08:10,6235037,3017,奇鋐,eps,2025,18,47.68,48.34,1.38,50.26,41.76,1700,,,,,https://news.cnyes.com/news/id/6235037
2025-11-13,08:10,6235036,2317,鴻海,eps,2025,23,14.01,14.34,2.36,15.43,13,300,,,,,https://news.cnyes.com/news/id/6235036
2025-11-13,08:10,6235035,8464,億豐,eps,2025,12,23.57,22.99,-2.46,25.2,21.47,500,,,,,https://news.cnyes.com/news/id/6235035
2025-11-13,08:10,6235034,6279,胡連,eps,2025,11,9.94,9.62,-3.22,12.12,9.11,170.26,,,,,https://news.cnyes.com/news/id/6235034
2025-11-13,08:10,6235033,3231,緯創,tp,,17,165,180,9.09,218,130,180,14,2,0,139,https://news.cnyes.com/news/id/6235033
2025-11-13,08:10,6235032,3017,奇鋐,tp,,18,1627.5,1700,4.45,1875,1200,1700,18,0,0,1505,https://news.cnyes.com/news/id/6235032
2025-11-13,08:10,6235031,3406,玉晶光,tp,,6,502.5,525,4.48,560,400,525,4,2,0,415,https://news.cnyes.com/news/id/6235031
2025-11-13,08:10,6235030,2317,鴻海,tp,,23,270,300,11.11,400,220,300,22,3,0,251,https://news.cnyes.com/news/id/6235030
2025-11-12,20:10,6234686,6526,達發,tp,,6,584,564,-3.42,605,491,564,3,3,0,469,https://news.cnyes.com/news/id/6234686
2025-11-12,18:10,6234293,4551,智伸科,tp,,7,188,180,-4.26,211,100,180,6,1,0,120,https://news.cnyes.com/news/id/6234293
2025-11-12,16:11,6233949,2357,華碩,eps,2025,17,53.78,54.31,0.99,58.76,49,735,,,,,https://news.cnyes.com/news/id/6233949
2025-11-12,16:10,6233948,3533,嘉澤,tp,,16,1700,1615,-5,2000,1400,1615,10,7,0,1250,https://news.cnyes.com/news/id/6233948
2025-11-12,12:10,6233469,6782,視陽,eps,2025,7,13.62,13.7,0.59,14.39,12.71,240,,,,,https://news.cnyes.com/news/id/6233469
2025-11-12,12:10,6233468,2645,長榮航太,eps,2025,8,5.46,5.57,2.01,5.97,4.88,190,,,,,https://news.cnyes.com/news/id/6233468
2025-11-12,12:10,6233467,2603,長榮,eps,2025,8,29.92,30.41,1.64,33.08,26.52,185,,,,,https://news.cnyes.com/news/id/6233467
2025-11-12,12:10,6233464,3491,昇達科,tp,,8,456.5,480,5.15,581,395,480,8,0,0,463.5,https://news.cnyes.com/news/id/6233464
2025-11-12,12:10,6233463,2353,﻿宏碁,tp,,7,29,31.5,8.62,36,23.7,31.5,1,2,3,30.1,https://news.cnyes.com/news/id/6233463
2025-11-12,10:10,6233206,3105,穩懋,eps,2025,9,2.49,2.52,1.2,2.58,0.08,99,,,,,https://news.cnyes.com/news/id/6233206
2025-11-12,10:10,6233205,4958,臻鼎-KY,eps,2025,14,9.55,9.35,-2.09,11.95,7.61,176,,,,,https://news.cnyes.com/news/id/6233205
2025-11-12,10:10,6233204,3533,嘉澤,eps,2025,17,71.34,68.53,-3.94,80.67,65.09,1680,,,,,https://news.cnyes.com/news/id/6233204
2025-11-12,10:10,6233203,2049,上銀,eps,2025,15,4.85,4.75,-2.06,7.03,3.35,219,,,,,https://news.cnyes.com/news/id/6233203
2025-11-12,10:10,6233202,2368,金像電,eps,2025,12,17.86,18.73,4.87,19.47,15.56,547.5,,,,,https://news.cnyes.com/news/id/6233202
2025-11-12,10:10,6233201,1301,台塑,tp,,5,42,38.5,-8.33,50,28,38.5,3,4,1,40.75,https://news.cnyes.com/news/id/6233201
2025-11-12,10:10,6233200,6505,台塑化,tp,,6,47,44,-6.38,63,35,44,5,3,0,53.4,https://news.cnyes.com/news/id/6233200
2025-11-12,08:10,6232798,5269,祥碩,eps,2025,12,72.92,72.24,-0.93,82.39,63.9,2200,,,,,https://news.cnyes.com/news/id/6232798
2025-11-12,08:10,6232797,3376,新日興,eps,2025,8,2.92,2.89,-1.03,3.3,1.6,304,,,,,https://news.cnyes.com/news/id/6232797
2025-11-12,08:10,6232796,3034,聯詠,tp,,18,440,420,-4.55,530,300,420,1,15,3,389.5,https://news.cnyes.com/news/id/6232796
2025-11-12,08:10,6232795,2368,金像電,tp,,12,500,547.5,9.5,650,455,547.5,13,0,0,498.5,https://news.cnyes.com/news/id/6232795
2025-11-11,20:11,6232429,3105,穩懋,eps,2025,8,2.46,2.49,1.22,2.57,0.08,99,,,,,https://news.cnyes.com/news/id/6232429
2025-11-11,18:10,6232071,2645,長榮航太,tp,,7,200,190,-5,230,186,190,6,2,0,142,https://news.cnyes.com/news/id/6232071
2025-11-11,16:11,6231555,2455,全新,eps,2025,9,3.23,3.1,-4.02,3.84,2.94,180,,,,,https://news.cnyes.com/news/id/6231555
2025-11-11,12:10,6231143,2059,川湖,eps,2025,11,92.92,93.74,0.88,96.66,86.61,4700,,,,,https://news.cnyes.com/news/id/6231143
2025-11-11,12:10,6231141,2059,川湖,tp,,12,4535,4700,3.64,4930,3390,4700,12,0,0,4270,https://news.cnyes.com/news/id/6231141
2025-11-11,08:10,6230508,2884,玉山金,eps,2025,12,1.98,2.03,2.53,2.18,1.77,36,,,,,https://news.cnyes.com/news/id/6230508
2025-11-11,08:10,6230507,3533,嘉澤,eps,2025,16,71.78,71.34,-0.61,80.67,65.09,1700,,,,,https://news.cnyes.com/news/id/6230507
2025-11-11,08:10,6230506,2368,金像電,eps,2025,12,17.86,18.03,0.95,19.04,15.56,500,,,,,https://news.cnyes.com/news/id/6230506
2025-11-11,08:10,6230505,3131,弘塑,eps,2025,10,38.74,38.54,-0.52,42.5,36.27,1800,,,,,https://news.cnyes.com/news/id/6230505
2025-11-11,08:10,6230504,3037,欣興,eps,2025,19,3.49,3.51,0.57,5,3.09,195,,,,,https://news.cnyes.com/news/id/6230504
2025-11-10,20:11,6230136,3665,貿聯-KY,eps,2025,16,44.58,45.53,2.13,48.02,37.03,1800,,,,,https://news.cnyes.com/news/id/6230136
2025-11-10,20:11,6230135,3044,健鼎,eps,2025,11,19.6,19.79,0.97,20.36,18.49,368,,,,,https://news.cnyes.com/news/id/6230135
2025-11-10,16:11,6228835,6669,緯穎,eps,2025,20,252.57,254.21,0.65,278.15,171.37,5150,,,,,https://news.cnyes.com/news/id/6228835
2025-11-10,12:10,6227955,2379,瑞昱,eps,2025,17,29.63,29.41,-0.74,33.54,28.44,590,,,,,https://news.cnyes.com/news/id/6227955
2025-11-10,12:10,6227954,2458,義隆,eps,2025,8,7.34,7.43,1.23,7.79,6.53,140,,,,,https://news.cnyes.com/news/id/6227954
2025-11-10,12:10,6227953,3443,創意,eps,2025,16,27.36,26.94,-1.54,32.14,25.72,1665,,,,,https://news.cnyes.com/news/id/6227953
2025-11-10,12:10,6227952,3037,欣興,eps,2025,18,3.55,3.51,-1.13,5,3.09,195,,,,,https://news.cnyes.com/news/id/6227952
2025-11-10,12:10,6227950,2449,京元電子,tp,,13,220,227,3.18,271,140,227,10,4,0,217.5,https://news.cnyes.com/news/id/6227950
2025-11-10,12:10,6227949,3443,創意,tp,,21,1600,1665,4.06,1850,930,1665,11,3,2,1890,https://news.cnyes.com/news/id/6227949
2025-11-10,08:11,6227205,2379,瑞昱,eps,2025,18,29.84,29.63,-0.7,33.54,27.08,600,,,,,https://news.cnyes.com/news/id/6227205
2025-11-10,08:11,6227204,2368,金像電,eps,2025,12,17.69,17.86,0.96,19.04,15.56,500,,,,,https://news.cnyes.com/news/id/6227204
2025-11-10,08:11,6227203,3037,欣興,eps,2025,19,3.51,3.55,1.14,5.33,3.09,195,,,,,https://news.cnyes.com/news/id/6227203
2025-11-10,08:11,6227202,3481,群創,eps,2025,8,-0.16,-0.16,0,0.13,-0.69,12.75,,,,,https://news.cnyes.com/news/id/6227202
2025-11-10,08:10,6227201,3081,聯亞,eps,2025,9,4.25,4.2,-1.18,5.05,4.06,475,,,,,https://news.cnyes.com/news/id/6227201
2025-11-10,08:10,6227200,3665,貿聯-KY,tp,,14,1413.5,1488.5,5.31,1950,1100,1488.5,13,1,1,1415,https://news.cnyes.com/news/id/6227200
2025-11-10,08:10,6227199,2377,微星,tp,,6,154.5,146,-5.5,183,130,146,0,5,0,113.5,https://news.cnyes.com/news/id/6227199
2025-11-10,08:10,6227198,2059,川湖,tp,,12,3665,4285,16.92,4930,3300,4285,12,0,0,4080,https://news.cnyes.com/news/id/6227198
2025-11-10,08:10,6227197,2449,京元電子,tp,,13,220,227,3.18,271,140,227,10,4,0,213.5,https://news.cnyes.com/news/id/6227197
2025-11-10,08:10,6227196,3081,聯亞,tp,,10,450,475,5.56,678,260,475,3,5,1,419.5,https://news.cnyes.com/news/id/6227196
2025-11-10,08:10,6227195,8299,群聯,tp,,11,1000,1100,10,1500,588,1100,9,3,0,1155,https://news.cnyes.com/news/id/6227195
2025-11-08,08:10,6226503,2059,川湖,eps,2025,11,88.39,89.06,0.76,95.28,85.4,3665,,,,,https://news.cnyes.com/news/id/6226503
2025-11-08,08:10,6226502,2449,京元電子,eps,2025,14,8.43,8.83,4.74,9.12,8.28,217,,,,,https://news.cnyes.com/news/id/6226502
2025-11-08,08:10,6226501,6213,聯茂,eps,2025,12,4.6,4.58,-0.43,5.56,3.82,105.5,,,,,https://news.cnyes.com/news/id/6226501
2025-11-08,08:10,6226500,6669,緯穎,eps,2025,20,243.45,247.38,1.61,266.46,171.37,4760,,,,,https://news.cnyes.com/news/id/6226500
2025-11-08,08:10,6226499,8299,群聯,eps,2025,12,28.88,29.76,3.05,38.85,23.28,1026,,,,,https://news.cnyes.com/news/id/6226499
2025-11-08,08:10,6226498,2344,華邦電,tp,,7,64,66.5,3.91,72,45.8,66.5,7,1,0,58.1,https://news.cnyes.com/news/id/6226498
2025-11-07,22:10,6226255,2408,南亞科,eps,2025,15,0.05,0.04,-20,1.26,-0.65,125,,,,,https://news.cnyes.com/news/id/6226255
2025-11-07,22:10,6226254,9914,美利達,eps,2025,12,5.89,5.99,1.7,6.93,4.45,129,,,,,https://news.cnyes.com/news/id/6226254
2025-11-07,22:10,6226253,9921,巨大,eps,2025,10,3.5,3.58,2.29,6.09,2.78,113,,,,,https://news.cnyes.com/news/id/6226253
2025-11-07,22:10,6226252,9910,豐泰,eps,2025,10,5.04,5.07,0.6,5.49,4.6,124,,,,,https://news.cnyes.com/news/id/6226252
2025-11-07,22:10,6226251,2395,研華,eps,2025,18,11.4,11.48,0.7,13.47,10.3,365,,,,,https://news.cnyes.com/news/id/6226251
2025-11-07,22:10,6226250,2449,京元電子,tp,,13,164,180,9.76,243,140,180,10,4,0,213.5,https://news.cnyes.com/news/id/6226250
2025-11-07,16:11,6224472,8210,勤誠,eps,2025,8,26.64,27.32,2.55,29.32,24.79,820,,,,,https://news.cnyes.com/news/id/6224472
2025-11-07,12:10,6224018,3105,穩懋,eps,2025,8,0.08,0.09,12.5,0.72,-0.12,97,,,,,https://news.cnyes.com/news/id/6224018
2025-11-07,12:10,6224017,6409,旭隼,eps,2025,7,44.94,44.68,-0.58,48.46,41.99,1390,,,,,https://news.cnyes.com/news/id/6224017
2025-11-07,12:10,6224016,6446,藥華藥,eps,2025,7,14.77,13.92,-5.75,15.07,10.8,610,,,,,https://news.cnyes.com/news/id/6224016
2025-11-07,12:10,6224015,2912,統一超,eps,2025,7,11.19,11.1,-0.8,11.7,10.69,290,,,,,https://news.cnyes.com/news/id/6224015
2025-11-07,12:10,6224014,3324,雙鴻,eps,2025,14,27.77,28.36,2.12,30.78,21.39,1130,,,,,https://news.cnyes.com/news/id/6224014
2025-11-07,12:10,6224013,6285,啟碁,eps,2025,8,7.01,6.57,-6.28,7.67,5.98,140,,,,,https://news.cnyes.com/news/id/6224013
2025-11-07,12:10,6224012,3037,欣興,eps,2025,20,3.46,3.51,1.45,5.33,3.09,190,,,,,https://news.cnyes.com/news/id/6224012
2025-11-07,12:10,6224011,2345,智邦,eps,2025,10,43.96,44.2,0.55,45.72,37.34,1245,,,,,https://news.cnyes.com/news/id/6224011
2025-11-07,12:10,6224010,1216,統一,eps,2025,7,3.92,3.87,-1.28,4.31,3.45,90.5,,,,,https://news.cnyes.com/news/id/6224010
2025-11-07,12:10,6224009,3081,聯亞,eps,2025,11,4.29,4.25,-0.93,5.05,4.06,450,,,,,https://news.cnyes.com/news/id/6224009
2025-11-07,12:10,6224008,1504,東元,tp,,9,88,98,11.36,165,55,98,6,3,0,108.5,https://news.cnyes.com/news/id/6224008
2025-11-07,12:10,6224007,3324,雙鴻,tp,,15,1030,1130,9.71,1380,777,1130,11,3,0,1050,https://news.cnyes.com/news/id/6224007
2025-11-07,10:10,6223785,1216,統一,eps,2025,7,3.92,3.87,-1.28,4.31,3.45,90.5,,,,,https://news.cnyes.com/news/id/6223785
2025-11-07,08:11,6223407,3034,聯詠,eps,2025,19,26.52,26.16,-1.36,31.33,25.29,449,,,,,https://news.cnyes.com/news/id/6223407
2025-11-07,08:11,6223406,6526,達發,eps,2025,8,17.35,17.83,2.77,19.44,15.99,602.5,,,,,https://news.cnyes.com/news/id/6223406
2025-11-07,08:11,6223405,3661,世芯-KY,eps,2025,17,69,67.8,-1.74,78.08,63.35,4675,,,,,https://news.cnyes.com/news/id/6223405
2025-11-07,08:11,6223404,3324,雙鴻,eps,2025,14,27.49,28.36,3.16,30.78,21.39,1130,,,,,https://news.cnyes.com/news/id/6223404
2025-11-07,08:11,6223403,6285,啟碁,eps,2025,8,7.2,6.79,-5.69,7.67,5.98,140,,,,,https://news.cnyes.com/news/id/6223403
2025-11-07,08:11,6223402,2345,智邦,eps,2025,10,43.83,44.2,0.84,45.72,37.34,1245,,,,,https://news.cnyes.com/news/id/6223402
2025-11-07,08:11,6223401,3324,雙鴻,tp,,15,1000,1130,13,1380,777,1130,11,3,0,1070,https://news.cnyes.com/news/id/6223401
2025-11-07,08:10,6223400,2421,建準,tp,,6,151,159,5.3,168,132,159,4,2,0,153.5,https://news.cnyes.com/news/id/6223400
2025-11-06,22:10,6223157,8046,南電,eps,2025,15,2.5,2.38,-4.8,3.37,1.85,318,,,,,https://news.cnyes.com/news/id/6223157
2025-11-06,12:10,6221564,2455,全新,eps,2025,8,3.23,3.26,0.93,3.84,2.94,185,,,,,https://news.cnyes.com/news/id/6221564
2025-11-06,12:10,6221563,5347,世界,eps,2025,14,4.31,4.29,-0.46,4.97,4.15,100,,,,,https://news.cnyes.com/news/id/6221563
2025-11-06,12:10,6221562,3131,弘塑,eps,2025,9,38.92,38.56,-0.92,42.5,36.27,1827,,,,,https://news.cnyes.com/news/id/6221562
2025-11-06,12:10,6221561,5274,信驊,tp,,15,6100,6350,4.1,6750,5486,6350,15,0,0,5810,https://news.cnyes.com/news/id/6221561
2025-11-06,10:10,6221335,3131,弘塑,eps,2025,9,38.92,38.56,-0.92,42.5,36.27,1827,,,,,https://news.cnyes.com/news/id/6221335
2025-11-06,08:10,6220957,2368,金像電,eps,2025,12,17.69,17.86,0.96,19.04,15.56,500,,,,,https://news.cnyes.com/news/id/6220957
2025-11-06,08:10,6220956,5274,信驊,eps,2025,15,88.87,92.12,3.66,101.37,83.57,6200,,,,,https://news.cnyes.com/news/id/6220956
2025-11-06,08:10,6220955,2344,華邦電,eps,2025,7,0.3,0.67,123.33,1.14,-0.43,64,,,,,https://news.cnyes.com/news/id/6220955
2025-11-06,08:10,6220954,2345,智邦,eps,2025,10,43.44,43.83,0.9,45.72,37.34,1245,,,,,https://news.cnyes.com/news/id/6220954
2025-11-06,08:10,6220953,2395,研華,eps,2025,18,11.6,11.4,-1.72,13.47,10.3,375,,,,,https://news.cnyes.com/news/id/6220953
2025-11-06,08:10,6220952,8046,南電,tp,,13,260,318,22.31,360,115,318,8,5,2,272,https://news.cnyes.com/news/id/6220952
2025-11-06,08:10,6220951,2344,華邦電,tp,,7,62,64,3.23,65,45.8,64,6,1,0,56,https://news.cnyes.com/news/id/6220951
2025-11-05,22:11,6220715,2408,南亞科,eps,2025,14,0.03,0.05,66.67,1.26,-0.33,127.5,,,,,https://news.cnyes.com/news/id/6220715
2025-11-05,22:10,6220714,2408,南亞科,tp,,14,122.5,127.5,4.08,180,86,127.5,10,4,0,138,https://news.cnyes.com/news/id/6220714
2025-11-05,22:10,6220713,6643,M31,tp,,7,550,505,-8.18,600,440,505,3,4,0,398.5,https://news.cnyes.com/news/id/6220713
2025-11-05,18:11,6220236,5347,世界,eps,2025,17,4.34,4.31,-0.69,4.97,4.15,100,,,,,https://news.cnyes.com/news/id/6220236
2025-11-05,18:11,6220235,3036,文曄,eps,2025,9,10.6,11.34,6.98,11.78,9.86,165,,,,,https://news.cnyes.com/news/id/6220235
2025-11-05,18:10,6220234,3036,文曄,tp,,8,155,165,6.45,165,148,165,7,2,0,158,https://news.cnyes.com/news/id/6220234
2025-11-05,12:10,6219373,2376,技嘉,eps,2025,12,19.74,20.18,2.23,21.53,17.26,350,,,,,https://news.cnyes.com/news/id/6219373
2025-11-05,12:10,6219372,3017,奇鋐,eps,2025,18,46.73,47.47,1.58,51.14,41.76,1508,,,,,https://news.cnyes.com/news/id/6219372
2025-11-05,12:10,6219371,6488,環球晶,eps,2025,13,16.47,16.34,-0.79,19.28,13.8,500,,,,,https://news.cnyes.com/news/id/6219371
2025-11-05,12:10,6219369,9910,豐泰,eps,2025,9,5.07,5.04,-0.59,5.49,4.6,118,,,,,https://news.cnyes.com/news/id/6219369
2025-11-05,12:10,6219368,3023,信邦,tp,,8,264.5,254.5,-3.78,285,200,254.5,5,1,0,217.5,https://news.cnyes.com/news/id/6219368
2025-11-05,12:10,6219367,5347,世界,tp,,17,97,100,3.09,116,82.5,100,4,12,1,95.4,https://news.cnyes.com/news/id/6219367
2025-11-05,08:10,6218842,3034,聯詠,eps,2025,19,26.77,26.52,-0.93,31.33,24.97,459,,,,,https://news.cnyes.com/news/id/6218842
2025-11-05,08:10,6218841,3017,奇鋐,eps,2025,18,46.73,47.47,1.58,51.14,41.76,1508,,,,,https://news.cnyes.com/news/id/6218841
2025-11-05,08:10,6218840,2886,兆豐金,eps,2025,10,2.27,2.26,-0.44,2.47,1.93,41.4,,,,,https://news.cnyes.com/news/id/6218840
2025-11-05,08:10,6218839,3131,弘塑,eps,2025,9,39.3,38.92,-0.97,42.5,36.27,1800,,,,,https://news.cnyes.com/news/id/6218839
2025-11-05,08:10,6218838,8210,勤誠,eps,2025,8,26.39,26.64,0.95,28.06,24.79,820,,,,,https://news.cnyes.com/news/id/6218838
2025-11-05,08:10,6218837,8210,勤誠,tp,,8,730,820,12.33,1022,670,820,6,2,0,975,https://news.cnyes.com/news/id/6218837
2025-11-04,18:10,6218179,5371,中光電,tp,,5,101,110,8.91,115,88,110,3,2,0,95.2,https://news.cnyes.com/news/id/6218179
2025-11-04,18:10,6218178,6239,力成,tp,,11,146,193,32.19,220,109,193,6,3,2,174,https://news.cnyes.com/news/id/6218178
2025-11-04,08:10,6216767,3596,智易,eps,2025,7,12.73,12.63,-0.79,13.15,12.3,245,,,,,https://news.cnyes.com/news/id/6216767
2025-11-04,08:10,6216766,3596,智易,tp,,8,253,245,-3.16,271,240,245,4,2,0,202,https://news.cnyes.com/news/id/6216766
2025-11-03,22:10,6216537,3105,穩懋,eps,2025,10,0.08,0.07,-12.5,0.72,-0.29,95,,,,,https://news.cnyes.com/news/id/6216537
2025-11-03,14:10,6215535,2303,聯電,eps,2025,23,3.29,3.31,0.61,3.43,2.72,45.75,,,,,https://news.cnyes.com/news/id/6215535
2025-11-03,14:10,6215534,2344,華邦電,tp,,7,55,62,12.73,65,38,62,6,1,0,56.6,https://news.cnyes.com/news/id/6215534
2025-11-03,12:10,6215393,2455,全新,eps,2025,9,3.26,3.28,0.61,3.84,2.94,180,,,,,https://news.cnyes.com/news/id/6215393
2025-11-03,12:10,6215392,3231,緯創,eps,2025,15,8.93,8.84,-1.01,10.25,6.92,165,,,,,https://news.cnyes.com/news/id/6215392
2025-11-03,12:10,6215391,2002,中鋼,eps,2025,8,-0.04,-0.12,-200,0.8,-0.38,21.6,,,,,https://news.cnyes.com/news/id/6215391
2025-11-03,12:10,6215390,3017,奇鋐,eps,2025,18,45.65,46.25,1.31,51.14,40.52,1500,,,,,https://news.cnyes.com/news/id/6215390
2025-11-03,12:10,6215389,3324,雙鴻,eps,2025,14,26.66,27.49,3.11,29.97,21.39,1000,,,,,https://news.cnyes.com/news/id/6215389
2025-11-03,10:13,6215152,3443,創意,tp,,21,1500,1580,5.33,1850,930,1580,13,5,2,1580,https://news.cnyes.com/news/id/6215152
2025-11-03,08:11,6214725,2455,全新,eps,2025,10,3.23,3.26,0.93,3.84,2.94,180,,,,,https://news.cnyes.com/news/id/6214725
2025-11-03,08:10,6214724,2409,友達,eps,2025,11,0.67,0.6,-10.45,1.16,0.37,13,,,,,https://news.cnyes.com/news/id/6214724
2025-11-01,08:12,6214068,2454,聯發科,eps,2025,26,66.41,66.78,0.56,71.52,63.13,1600,,,,,https://news.cnyes.com/news/id/6214068
2025-11-01,08:12,6214067,3324,雙鴻,eps,2025,14,25.85,26.66,3.13,29.97,21.39,1000,,,,,https://news.cnyes.com/news/id/6214067
2025-11-01,08:12,6214066,9910,豐泰,eps,2025,10,5.04,5.07,0.6,5.61,4.6,124,,,,,https://news.cnyes.com/news/id/6214066
2025-11-01,08:12,6214065,6271,同欣電,eps,2025,7,6.69,6.8,1.64,7.18,6.04,110,,,,,https://news.cnyes.com/news/id/6214065
2025-10-31,22:10,6213864,3105,穩懋,tp,,17,90,95,5.56,102,69,95,1,13,4,107.5,https://news.cnyes.com/news/id/6213864
2025-10-31,20:11,6213700,2409,友達,eps,2025,11,0.72,0.71,-1.39,1.19,0.37,13,,,,,https://news.cnyes.com/news/id/6213700
2025-10-31,20:10,6213699,2301,光寶科,tp,,12,197.5,207.5,5.06,245,117,207.5,8,5,0,179.5,https://news.cnyes.com/news/id/6213699
2025-10-31,12:10,6212765,2383,台光電,eps,2025,16,43.51,43.28,-0.53,46.46,40.73,1405,,,,,https://news.cnyes.com/news/id/6212765
2025-10-31,12:10,6212764,2408,南亞科,eps,2025,14,0.01,0.03,200,1.26,-0.33,116,,,,,https://news.cnyes.com/news/id/6212764
2025-10-31,12:10,6212763,3443,創意,eps,2025,21,28.24,27.91,-1.17,32.14,25.44,1500,,,,,https://news.cnyes.com/news/id/6212763
2025-10-31,12:10,6212762,2360,致茂,eps,2025,12,22.46,24.65,9.75,26.67,18.49,880,,,,,https://news.cnyes.com/news/id/6212762
2025-10-31,12:10,6212761,2308,台達電,eps,2025,21,23.25,23.68,1.85,25.72,17.87,1200,,,,,https://news.cnyes.com/news/id/6212761
2025-10-31,12:10,6212760,2408,南亞科,tp,,15,112,116,3.57,150,50,116,11,3,0,131.5,https://news.cnyes.com/news/id/6212760
2025-10-31,12:10,6212759,2324,仁寶,tp,,6,30.25,31.75,4.96,36.6,28.4,31.75,0,5,1,33.3,https://news.cnyes.com/news/id/6212759
2025-10-31,12:10,6212758,2327,國巨,tp,,15,221,252,14.03,295,150,252,13,2,0,250,https://news.cnyes.com/news/id/6212758
2025-10-31,12:10,6212757,2360,致茂,tp,,11,750,880,17.33,1000,460,880,10,1,0,832,https://news.cnyes.com/news/id/6212757
2025-10-31,08:10,6212153,3105,穩懋,eps,2025,13,0.07,0.08,14.29,0.72,-0.45,90,,,,,https://news.cnyes.com/news/id/6212153
2025-10-31,08:10,6212152,2383,台光電,eps,2025,16,43.85,43.47,-0.87,46.46,40.73,1380,,,,,https://news.cnyes.com/news/id/6212152
2025-10-31,08:10,6212151,2327,國巨,eps,2025,15,10.84,10.96,1.11,12.3,10.04,221,,,,,https://news.cnyes.com/news/id/6212151
2025-10-31,08:10,6212150,3443,創意,eps,2025,21,28.24,27.91,-1.17,32.14,25.44,1500,,,,,https://news.cnyes.com/news/id/6212150
2025-10-31,08:10,6212149,2308,台達電,eps,2025,21,23.15,23.69,2.33,25.72,17.87,1200,,,,,https://news.cnyes.com/news/id/6212149
2025-10-31,08:10,6212148,3711,日月光投控,eps,2025,19,7.85,8.08,2.93,8.89,7.29,204.5,,,,,https://news.cnyes.com/news/id/6212148
2025-10-31,08:10,6212147,2383,台光電,tp,,15,1300,1380,6.15,1530,1080,1380,14,1,0,1275,https://news.cnyes.com/news/id/6212147
2025-10-31,08:10,6212146,2327,國巨,tp,,14,162.63,221,35.9,295,142.5,221,13,2,0,249,https://news.cnyes.com/news/id/6212146
2025-10-31,08:10,6212145,1590,亞德客-KY,tp,,20,1030,1072.5,4.13,1200,904,1072.5,17,5,0,904,https://news.cnyes.com/news/id/6212145
2025-10-31,08:10,6212144,2308,台達電,tp,,21,1130,1200,6.19,1400,535,1200,20,1,1,1010,https://news.cnyes.com/news/id/6212144
2025-10-31,08:10,6212143,3711,日月光投控,tp,,20,179,204.5,14.25,240,150,204.5,16,4,0,225,https://news.cnyes.com/news/id/6212143
2025-10-31,08:10,6212142,3037,欣興,tp,,20,170,180,5.88,225,122,180,14,6,1,160,https://news.cnyes.com/news/id/6212142
2025-10-30,22:10,6211914,2360,致茂,eps,2025,12,18.94,19.23,1.53,25.97,18.37,750,,,,,https://news.cnyes.com/news/id/6211914
2025-10-30,22:10,6211913,2360,致茂,tp,,11,580,750,29.31,1000,460,750,10,1,0,804,https://news.cnyes.com/news/id/6211913
2025-10-30,20:11,6211744,3189,景碩,eps,2025,14,3.53,3.5,-0.85,4.39,2.46,150,,,,,https://news.cnyes.com/news/id/6211744
2025-10-30,20:11,6211743,6510,精測,eps,2025,9,27.89,28.25,1.29,29.94,25.34,990,,,,,https://news.cnyes.com/news/id/6211743
2025-10-30,20:10,6211740,8046,南電,tp,,13,210,260,23.81,345,115,260,8,5,2,282,https://news.cnyes.com/news/id/6211740
2025-10-30,20:10,6211739,3189,景碩,tp,,13,137.5,150,9.09,198,95,150,6,5,2,137.5,https://news.cnyes.com/news/id/6211739
2025-10-30,16:10,6211073,2337,旺宏,tp,,5,24,35,45.83,40,22,35,1,3,1,34.65,https://news.cnyes.com/news/id/6211073
2025-10-30,14:10,6210813,1560,中砂,tp,,7,400,380,-5,400,360,380,7,1,0,309,https://news.cnyes.com/news/id/6210813
2025-10-30,12:10,6210634,2382,廣達,eps,2025,21,17.92,17.61,-1.73,19.5,16.23,350,,,,,https://news.cnyes.com/news/id/6210634
2025-10-30,12:10,6210633,6768,志強-KY,eps,2025,7,7.53,7.31,-2.92,12.93,7.1,135,,,,,https://news.cnyes.com/news/id/6210633
2025-10-30,12:10,6210632,3017,奇鋐,eps,2025,18,44.85,45.65,1.78,50.01,40.52,1475,,,,,https://news.cnyes.com/news/id/6210632
2025-10-30,12:10,6210631,6491,晶碩,tp,,6,347.5,365,5.04,382,320,365,6,3,0,333,https://news.cnyes.com/news/id/6210631
2025-10-30,10:10,6210405,2303,聯電,eps,2025,22,2.88,2.91,1.04,3.43,2.63,45.4,,,,,https://news.cnyes.com/news/id/6210405
2025-10-30,08:10,6209977,2379,瑞昱,eps,2025,19,30.1,29.9,-0.66,33.54,27.08,600,,,,,https://news.cnyes.com/news/id/6209977
2025-10-30,08:10,6209976,2357,華碩,eps,2025,17,52.79,53.69,1.7,58.76,49,730,,,,,https://news.cnyes.com/news/id/6209976
2025-10-30,08:10,6209975,4966,譜瑞-KY,eps,2025,18,37.46,36.65,-2.16,41.55,34.96,780,,,,,https://news.cnyes.com/news/id/6209975
2025-10-30,08:10,6209974,3036,文曄,eps,2025,8,10.34,10.6,2.51,11.68,9.86,155,,,,,https://news.cnyes.com/news/id/6209974
2025-10-30,08:10,6209973,2301,光寶科,eps,2025,13,6.5,6.54,0.62,6.98,5.97,184.5,,,,,https://news.cnyes.com/news/id/6209973
2025-10-30,08:10,6209972,2303,聯電,eps,2025,22,2.88,2.91,1.04,3.43,2.63,45.4,,,,,https://news.cnyes.com/news/id/6209972
2025-10-30,08:10,6209971,3081,聯亞,eps,2025,12,4.56,4.51,-1.1,5.05,4.15,432,,,,,https://news.cnyes.com/news/id/6209971
2025-10-30,08:10,6209969,5371,中光電,tp,,5,96,101,5.21,150,88,101,5,0,0,88.9,https://news.cnyes.com/news/id/6209969
2025-10-30,08:10,6209968,2301,光寶科,tp,,12,168,184.5,9.82,210,117,184.5,8,5,0,195,https://news.cnyes.com/news/id/6209968
2025-10-29,12:10,6208773,2912,統一超,eps,2025,8,11.31,11.25,-0.53,11.88,11.04,303,,,,,https://news.cnyes.com/news/id/6208773
2025-10-29,12:10,6208772,6239,力成,eps,2025,11,7.57,7.36,-2.77,9.63,6.61,146,,,,,https://news.cnyes.com/news/id/6208772
2025-10-29,12:10,6208771,6239,力成,tp,,10,141.5,146,3.18,205,109,146,6,3,2,184.5,https://news.cnyes.com/news/id/6208771
2025-10-29,10:13,6208626,6415,矽力-KY,eps,2025,18,6.86,6.78,-1.17,8.8,6.07,344.5,,,,,https://news.cnyes.com/news/id/6208626
2025-10-29,10:13,6208624,3037,欣興,eps,2025,22,3.56,3.48,-2.25,5.33,2.09,167.5,,,,,https://news.cnyes.com/news/id/6208624
2025-10-29,08:10,6208379,2454,聯發科,eps,2025,26,65.96,66.41,0.68,71.52,63.13,1615,,,,,https://news.cnyes.com/news/id/6208379
2025-10-29,08:10,6208378,4915,致伸,eps,2025,7,6.12,6.21,1.47,6.58,5.77,88.9,,,,,https://news.cnyes.com/news/id/6208378
2025-10-29,08:10,6208377,3035,智原,eps,2025,13,2.57,2.47,-3.89,2.78,1.23,172.5,,,,,https://news.cnyes.com/news/id/6208377
2025-10-29,08:10,6208376,6805,富世達,eps,2025,11,30.43,31.02,1.94,32.58,28.33,1583,,,,,https://news.cnyes.com/news/id/6208376
2025-10-29,08:10,6208375,2409,友達,eps,2025,11,0.81,0.72,-11.11,1.19,0.57,13,,,,,https://news.cnyes.com/news/id/6208375
2025-10-29,08:10,6208374,2002,中鋼,eps,2025,8,-0.05,-0.04,20,0.8,-0.38,21.6,,,,,https://news.cnyes.com/news/id/6208374
2025-10-29,08:10,6208373,1560,中砂,eps,2025,8,9.01,8.89,-1.33,9.16,7.89,395,,,,,https://news.cnyes.com/news/id/6208373
2025-10-29,08:10,6208372,3189,景碩,eps,2025,14,3.58,3.53,-1.4,4.39,2.46,137.5,,,,,https://news.cnyes.com/news/id/6208372
2025-10-29,08:10,6208371,3481,群創,eps,2025,9,-0.16,-0.16,0,0.13,-0.69,12.5,,,,,https://news.cnyes.com/news/id/6208371
2025-10-29,08:10,6208370,4915,致伸,tp,,6,84.9,88.9,4.71,95,75,88.9,3,3,0,79.6,https://news.cnyes.com/news/id/6208370
2025-10-29,08:10,6208368,3189,景碩,tp,,13,130,137.5,5.77,198,95,137.5,6,5,2,137.5,https://news.cnyes.com/news/id/6208368
2025-10-28,22:10,6208168,3037,欣興,eps,2025,22,3.54,3.61,1.98,5.33,2.09,165,,,,,https://news.cnyes.com/news/id/6208168
2025-10-28,12:10,6207209,2344,華邦電,eps,2025,7,0.22,0.3,36.36,1.01,-0.43,55,,,,,https://news.cnyes.com/news/id/6207209
2025-10-28,12:10,6207207,2344,華邦電,tp,,7,50.5,55,8.91,65,38,55,5,2,0,52.2,https://news.cnyes.com/news/id/6207207
2025-10-28,08:10,6206648,2360,致茂,eps,2025,12,18.78,18.94,0.85,24.62,17.77,570,,,,,https://news.cnyes.com/news/id/6206648
2025-10-28,08:10,6206647,2308,台達電,eps,2025,21,22.88,23.15,1.18,25.72,17.68,1130,,,,,https://news.cnyes.com/news/id/6206647
2025-10-28,08:10,6206646,8210,勤誠,eps,2025,8,26.21,26.39,0.69,28.06,24.79,730,,,,,https://news.cnyes.com/news/id/6206646
2025-10-28,08:10,6206645,2360,致茂,tp,,11,550,570,3.64,1000,460,570,10,1,0,738,https://news.cnyes.com/news/id/6206645
2025-10-28,08:10,6206644,8299,群聯,tp,,11,970,1000,3.09,1100,588,1000,9,3,0,968,https://news.cnyes.com/news/id/6206644
2025-10-27,18:10,6206184,6669,緯穎,tp,,20,4080,4315,5.76,6000,2930,4315,19,1,0,4055,https://news.cnyes.com/news/id/6206184
2025-10-24,20:11,6204051,2308,台達電,eps,2025,21,22.33,22.88,2.46,25.72,17.68,1130,,,,,https://news.cnyes.com/news/id/6204051
2025-10-24,20:11,6204050,2301,光寶科,eps,2025,13,6.4,6.5,1.56,6.97,5.97,168,,,,,https://news.cnyes.com/news/id/6204050
2025-10-24,12:10,6203642,2344,華邦電,tp,,7,48,50,4.17,62,25.5,50,5,2,0,46.3,https://news.cnyes.com/news/id/6203642
2025-10-24,10:10,6203502,8299,群聯,eps,2025,12,27.91,28.88,3.48,38.85,23.28,970,,,,,https://news.cnyes.com/news/id/6203502
2025-10-24,10:10,6203501,2337,旺宏,tp,,5,22,23.5,6.82,29,16,23.5,2,1,2,30.15,https://news.cnyes.com/news/id/6203501
2025-10-24,10:10,6203500,6239,力成,tp,,10,134.5,139.5,3.72,165,109,139.5,4,4,2,150,https://news.cnyes.com/news/id/6203500
2025-10-24,08:10,6203319,6768,志強-KY,eps,2025,7,8.4,7.53,-10.36,12.93,7.1,135,,,,,https://news.cnyes.com/news/id/6203319
2025-10-24,08:10,6203318,2327,國巨,eps,2025,13,10.74,10.81,0.65,12.3,10.04,161,,,,,https://news.cnyes.com/news/id/6203318
2025-10-24,08:10,6203317,6669,緯穎,eps,2025,20,237.84,239.25,0.59,255.83,171.37,4080,,,,,https://news.cnyes.com/news/id/6203317
2025-10-23,22:10,6203084,3023,信邦,eps,2025,7,13.64,13.43,-1.54,13.98,12.49,264.5,,,,,https://news.cnyes.com/news/id/6203084
2025-10-23,16:11,6202569,2382,廣達,eps,2025,22,18.26,17.9,-1.97,19.5,16.23,350,,,,,https://news.cnyes.com/news/id/6202569
2025-10-23,12:10,6202233,3105,穩懋,eps,2025,14,0.08,0.07,-12.5,0.72,-0.5,90,,,,,https://news.cnyes.com/news/id/6202233
2025-10-23,12:10,6202232,6782,視陽,eps,2025,8,13.53,13.62,0.67,14.39,11.48,240,,,,,https://news.cnyes.com/news/id/6202232
2025-10-23,12:10,6202231,6805,富世達,eps,2025,11,29.88,30.1,0.74,32.29,28.33,1380,,,,,https://news.cnyes.com/news/id/6202231
2025-10-23,12:10,6202230,1319,東陽,eps,2025,9,6.19,6.1,-1.45,8.73,5.77,116.5,,,,,https://news.cnyes.com/news/id/6202230
2025-10-23,12:10,6202229,6491,晶碩,tp,,7,362,347.5,-4.01,382,320,347.5,4,4,0,318,https://news.cnyes.com/news/id/6202229
2025-10-23,12:10,6202228,6176,瑞儀,tp,,7,153,161.5,5.56,175,144,161.5,1,6,0,132,https://news.cnyes.com/news/id/6202228
2025-10-23,08:11,6201735,1319,東陽,eps,2025,10,6.33,6.19,-2.21,8.73,5.77,118,,,,,https://news.cnyes.com/news/id/6201735
2025-10-23,08:10,6201734,3711,日月光投控,eps,2025,19,7.72,7.79,0.91,8.67,7.29,179,,,,,https://news.cnyes.com/news/id/6201734
2025-10-23,08:10,6201733,8299,群聯,eps,2025,12,27.03,27.37,1.26,38.85,22.67,960,,,,,https://news.cnyes.com/news/id/6201733
2025-10-23,08:10,6201732,6415,矽力-KY,tp,,18,357,344.5,-3.5,504,240,344.5,8,8,2,243,https://news.cnyes.com/news/id/6201732
2025-10-23,08:10,6201731,8299,群聯,tp,,11,780,960,23.08,1060,588,960,8,3,0,869,https://news.cnyes.com/news/id/6201731
2025-10-22,22:10,6201477,6770,力積電,tp,,5,25.5,27.65,8.43,30,10.5,27.65,0,4,1,28,https://news.cnyes.com/news/id/6201477
2025-10-22,20:11,6201354,3231,緯創,eps,2025,16,8.84,8.93,1.02,10.25,6.92,165,,,,,https://news.cnyes.com/news/id/6201354
2025-10-22,12:10,6200663,6533,晶心科,tp,,6,359.31,346.92,-3.45,601.42,287.44,346.92,3,2,0,278.5,https://news.cnyes.com/news/id/6200663
2025-10-22,12:10,6200662,2360,致茂,tp,,11,515,550,6.8,770,460,550,10,1,0,693,https://news.cnyes.com/news/id/6200662
2025-10-22,08:10,6200100,6526,達發,eps,2025,8,17.09,17.35,1.52,19.44,15.61,607.5,,,,,https://news.cnyes.com/news/id/6200100
2025-10-22,08:10,6200099,3189,景碩,tp,,12,117.5,122.5,4.26,188,80,122.5,5,7,1,150,https://news.cnyes.com/news/id/6200099
2025-10-22,08:10,6200098,6770,力積電,tp,,5,16,24,50,30,10.5,24,0,4,1,30.7,https://news.cnyes.com/news/id/6200098
2025-10-21,22:10,6199888,8299,群聯,tp,,11,710,780,9.86,1000,540,780,7,4,0,868,https://news.cnyes.com/news/id/6199888
2025-10-21,12:10,6199125,6782,視陽,eps,2025,9,13.44,13.53,0.67,14.39,10.94,240,,,,,https://news.cnyes.com/news/id/6199125
2025-10-21,12:10,6199124,3491,昇達科,eps,2025,8,8.53,8.39,-1.64,8.94,6.69,456.5,,,,,https://news.cnyes.com/news/id/6199124
2025-10-21,08:10,6198523,6805,富世達,eps,2025,11,29.47,29.88,1.39,32.29,28.33,1355,,,,,https://news.cnyes.com/news/id/6198523
2025-10-20,20:10,6198213,2327,國巨,eps,2025,13,10.68,10.74,0.56,12.3,10.04,160,,,,,https://news.cnyes.com/news/id/6198213
2025-10-20,19:36,6197990,2408,南亞科,eps,2025,15,-0.07,-0.07,0,1.26,-1.94,110,,,,,https://news.cnyes.com/news/id/6197990
2025-10-20,19:36,6197989,1301,台塑,eps,2025,7,-0.66,-0.68,-3.03,0.83,-1.18,42,,,,,https://news.cnyes.com/news/id/6197989
2025-10-20,19:36,6197988,6505,台塑化,eps,2025,7,0.89,1.02,14.61,1.7,0.33,46,,,,,https://news.cnyes.com/news/id/6197988
2025-10-20,19:35,6197986,1301,台塑,tp,,5,38.5,42,9.09,50,28,42,3,3,1,38.9,https://news.cnyes.com/news/id/6197986
2025-10-20,19:35,6197985,6505,台塑化,tp,,9,44,46,4.55,50,34,46,5,2,0,43.75,https://news.cnyes.com/news/id/6197985
2025-10-18,08:10,6196540,1504,東元,eps,2025,8,2.64,2.6,-1.52,2.97,2.4,98,,,,,https://news.cnyes.com/news/id/6196540
2025-10-18,08:10,6196539,1504,東元,tp,,7,88,98,11.36,128,55,98,4,3,0,109,https://news.cnyes.com/news/id/6196539
2025-10-17,18:11,6196121,3231,緯創,eps,2025,15,8.78,8.83,0.57,10.25,6.92,165,,,,,https://news.cnyes.com/news/id/6196121
2025-10-17,08:10,6194998,6415,矽力-KY,eps,2025,18,6.78,6.86,1.18,8.8,6.07,357,,,,,https://news.cnyes.com/news/id/6194998
2025-10-17,08:10,6194997,1326,台化,eps,2025,10,-1.01,-0.99,1.98,0.99,-1.39,29.9,,,,,https://news.cnyes.com/news/id/6194997
2025-10-17,08:10,6194996,2383,台光電,eps,2025,16,44.38,44.16,-0.5,46.46,40.73,1320,,,,,https://news.cnyes.com/news/id/6194996
2025-10-17,08:10,6194995,3231,緯創,eps,2025,14,8.84,8.78,-0.68,10.25,6.92,165,,,,,https://news.cnyes.com/news/id/6194995
2025-10-17,08:10,6194994,8046,南電,eps,2025,15,2.38,2.49,4.62,3.36,1.75,210,,,,,https://news.cnyes.com/news/id/6194994
2025-10-17,08:10,6194993,2330,台積電,eps,2025,43,60.28,61.26,1.63,65.7,56,1646,,,,,https://news.cnyes.com/news/id/6194993
2025-10-17,08:10,6194992,2330,台積電,tp,,36,1579,1646,4.24,2100,1160,1646,46,2,0,1485,https://news.cnyes.com/news/id/6194992
2025-10-16,20:11,6194669,3017,奇鋐,eps,2025,18,43.62,44.15,1.22,50.01,40.52,1332,,,,,https://news.cnyes.com/news/id/6194669
2025-10-16,20:10,6194668,3324,雙鴻,tp,,14,962.5,991.5,3.01,1150,630,991.5,10,3,0,995,https://news.cnyes.com/news/id/6194668
2025-10-16,08:10,6193417,1319,東陽,eps,2025,10,6.76,6.57,-2.81,8.73,5.87,120,,,,,https://news.cnyes.com/news/id/6193417
2025-10-15,20:11,6193081,9958,世紀鋼,eps,2025,7,8.85,8.71,-1.58,15.5,8.3,246,,,,,https://news.cnyes.com/news/id/6193081
2025-10-15,20:11,6193080,9921,巨大,eps,2025,9,3.1,3.5,12.9,5.15,2.78,113,,,,,https://news.cnyes.com/news/id/6193080
2025-10-15,20:11,6193079,2395,研華,eps,2025,17,11.56,11.66,0.87,13.47,10.54,372.5,,,,,https://news.cnyes.com/news/id/6193079
2025-10-15,18:11,6192925,9938,百和,eps,2025,8,4.47,4.51,0.89,8.08,4.21,64.3,,,,,https://news.cnyes.com/news/id/6192925
2025-10-15,18:10,6192924,1301,台塑,tp,,8,40.5,38.5,-4.94,51,28,38.5,4,4,2,37,https://news.cnyes.com/news/id/6192924
2025-10-15,16:10,6192711,6491,晶碩,tp,,8,346,362,4.62,382,296,362,5,4,0,299.5,https://news.cnyes.com/news/id/6192711
2025-10-15,12:10,6192315,3189,景碩,eps,2025,13,3.54,3.6,1.69,4.08,2.56,110,,,,,https://news.cnyes.com/news/id/6192315
2025-10-15,08:10,6191732,1326,台化,eps,2025,10,-1,-1.01,-1,0.99,-1.39,29.9,,,,,https://news.cnyes.com/news/id/6191732
2025-10-15,08:10,6191731,3189,景碩,eps,2025,14,3.41,3.54,3.81,4.08,2.56,110,,,,,https://news.cnyes.com/news/id/6191731
2025-10-15,08:10,6191730,1301,台塑,eps,2025,10,-0.65,-0.66,-1.54,0.83,-1.09,40.5,,,,,https://news.cnyes.com/news/id/6191730
2025-10-15,08:10,6191729,6669,緯穎,eps,2025,21,232.42,235.57,1.36,255.6,171.37,3930,,,,,https://news.cnyes.com/news/id/6191729
2025-10-15,08:10,6191728,2313,華通,tp,,7,92,95,3.26,105,68,95,6,1,0,84,https://news.cnyes.com/news/id/6191728
2025-10-14,16:11,6191025,2882,國泰金,eps,2025,12,5.14,5.22,1.56,6.75,4.72,67.3,,,,,https://news.cnyes.com/news/id/6191025
2025-10-14,12:10,6190652,2408,南亞科,eps,2025,15,-0.21,-0.07,66.67,3.56,-2.11,84.55,,,,,https://news.cnyes.com/news/id/6190652
2025-10-14,12:10,6190651,9910,豐泰,eps,2025,11,5,5.04,0.8,5.61,4.6,135,,,,,https://news.cnyes.com/news/id/6190651
2025-10-14,12:10,6190650,2408,南亞科,tp,,14,80.05,84.55,5.62,110,28,84.55,7,6,1,91.4,https://news.cnyes.com/news/id/6190650
2025-10-14,08:10,6190055,2308,台達電,eps,2025,21,21.83,22,0.78,24.6,17.68,1060,,,,,https://news.cnyes.com/news/id/6190055
2025-10-14,08:10,6190054,1795,美時,tp,,9,311,325,4.5,600,202,325,8,1,0,284.5,https://news.cnyes.com/news/id/6190054
2025-10-13,20:10,6189682,4958,臻鼎-KY,tp,,14,183.5,176,-4.09,220,128.5,176,9,4,1,159.5,https://news.cnyes.com/news/id/6189682
2025-10-13,18:11,6189456,2408,南亞科,eps,2025,14,-0.65,-0.38,41.54,3.56,-2.11,69.6,,,,,https://news.cnyes.com/news/id/6189456
2025-10-13,18:11,6189455,1795,美時,eps,2025,8,18.52,18.78,1.4,20.03,17.04,315,,,,,https://news.cnyes.com/news/id/6189455
2025-10-13,18:10,6189454,2408,南亞科,tp,,14,59.6,69.6,16.78,110,28,69.6,7,6,1,95.6,https://news.cnyes.com/news/id/6189454
2025-10-13,18:10,6189453,2344,華邦電,tp,,6,38,41.9,10.26,50.5,24,41.9,4,2,0,43,https://news.cnyes.com/news/id/6189453
2025-10-13,12:10,6188641,3131,弘塑,eps,2025,9,40,39.3,-1.75,42.5,36.27,1791.5,,,,,https://news.cnyes.com/news/id/6188641
2025-10-13,12:10,6188640,6414,樺漢,tp,,7,335,367.5,9.7,435,320,367.5,4,2,0,288.5,https://news.cnyes.com/news/id/6188640
2025-10-13,08:11,6187878,3008,大立光,eps,2025,22,158.83,157.6,-0.77,185.28,132.02,2575,,,,,https://news.cnyes.com/news/id/6187878
2025-10-13,08:11,6187877,3034,聯詠,eps,2025,19,27.19,26.77,-1.54,31.33,24.97,459,,,,,https://news.cnyes.com/news/id/6187877
2025-10-13,08:11,6187876,2002,中鋼,eps,2025,8,-0.05,-0.07,-40,0.23,-0.38,21,,,,,https://news.cnyes.com/news/id/6187876
2025-10-13,08:11,6187875,6491,晶碩,eps,2025,8,21.57,21.37,-0.93,23.05,20.16,330,,,,,https://news.cnyes.com/news/id/6187875
2025-10-13,08:11,6187874,3481,群創,eps,2025,7,-0.16,-0.16,0,0.13,-0.28,12.45,,,,,https://news.cnyes.com/news/id/6187874
2025-10-13,08:11,6187873,6491,晶碩,tp,,8,343.5,330,-3.93,382,296,330,4,4,0,309.5,https://news.cnyes.com/news/id/6187873
2025-10-11,08:10,6186968,4958,臻鼎-KY,eps,2025,14,9.55,9.36,-1.99,11.95,7.61,183.5,,,,,https://news.cnyes.com/news/id/6186968
2025-10-10,12:10,6186062,6526,達發,eps,2025,7,17.41,17.09,-1.84,19.44,15.61,610,,,,,https://news.cnyes.com/news/id/6186062
2025-10-10,12:10,6186061,6526,達發,tp,,8,630,610,-3.17,730,551,610,5,2,0,519,https://news.cnyes.com/news/id/6186061
2025-10-10,12:10,6186060,6491,晶碩,tp,,9,330,343.5,4.09,382,296,343.5,5,4,0,309.5,https://news.cnyes.com/news/id/6186060
2025-10-10,08:10,6185702,2379,瑞昱,eps,2025,19,30.57,30.1,-1.54,33.54,27.08,600,,,,,https://news.cnyes.com/news/id/6185702
2025-10-10,08:10,6185701,3017,奇鋐,eps,2025,18,43.24,43.47,0.53,50.01,40.03,1324,,,,,https://news.cnyes.com/news/id/6185701
2025-10-10,08:10,6185700,2313,華通,eps,2025,7,4.99,5.02,0.6,5.39,4.68,92,,,,,https://news.cnyes.com/news/id/6185700
2025-10-10,08:10,6185699,2313,華通,tp,,7,80,92,15,95,68,92,5,2,0,87,https://news.cnyes.com/news/id/6185699
2025-10-09,18:10,6185149,3231,緯創,tp,,15,160,165,3.13,210,128,165,13,2,0,151,https://news.cnyes.com/news/id/6185149
2025-10-09,18:10,6185148,2449,京元電子,tp,,13,150,157,4.67,200,140,157,10,4,0,176,https://news.cnyes.com/news/id/6185148
2025-10-09,18:10,6185147,2301,光寶科,tp,,12,153,168,9.8,210,109,168,8,5,0,171,https://news.cnyes.com/news/id/6185147
2025-10-09,10:10,6183221,2395,研華,eps,2025,17,11.66,11.56,-0.86,13.47,10.54,372.5,,,,,https://news.cnyes.com/news/id/6183221
2025-10-09,08:10,6182900,5274,信驊,eps,2025,15,88.08,88.87,0.9,92.43,83.57,6100,,,,,https://news.cnyes.com/news/id/6182900
2025-10-09,08:10,6182899,6669,緯穎,eps,2025,20,226.81,232.03,2.3,252.81,147.7,3915,,,,,https://news.cnyes.com/news/id/6182899
2025-10-09,08:10,6182898,3036,文曄,eps,2025,8,10.1,10.34,2.38,11.68,9.78,155,,,,,https://news.cnyes.com/news/id/6182898
2025-10-09,08:10,6182897,2345,智邦,eps,2025,10,43.06,43.44,0.88,45.72,37.34,1215,,,,,https://news.cnyes.com/news/id/6182897
2025-10-09,08:10,6182896,6274,台燿,tp,,13,372,384,3.23,410,310,384,12,1,0,335,https://news.cnyes.com/news/id/6182896
2025-10-08,18:10,6182361,2301,光寶科,tp,,12,145,153,5.52,190,109,153,8,5,0,172,https://news.cnyes.com/news/id/6182361
2025-10-08,10:10,6181345,2049,上銀,eps,2025,14,5.15,5,-2.91,5.79,3.48,215,,,,,https://news.cnyes.com/news/id/6181345
2025-10-08,10:10,6181344,6505,台塑化,eps,2025,9,0.7,0.63,-10,1.69,0.25,42,,,,,https://news.cnyes.com/news/id/6181344
2025-10-08,08:10,6181048,2059,川湖,eps,2025,11,87.42,88.23,0.93,90.86,84.77,3565,,,,,https://news.cnyes.com/news/id/6181048
2025-10-08,08:10,6181047,3324,雙鴻,eps,2025,13,25.21,25.85,2.54,29.97,21.39,910,,,,,https://news.cnyes.com/news/id/6181047
2025-10-08,08:10,6181046,2317,鴻海,eps,2025,23,13.85,13.97,0.87,15.43,12.96,245,,,,,https://news.cnyes.com/news/id/6181046
2025-10-08,08:10,6181045,6274,台燿,eps,2025,13,11.98,12.08,0.83,13.31,11.33,372,,,,,https://news.cnyes.com/news/id/6181045
2025-10-08,08:10,6181044,3324,雙鴻,tp,,14,875,910,4,1150,630,910,11,2,0,913,https://news.cnyes.com/news/id/6181044
2025-10-07,18:10,6180573,6446,藥華藥,tp,,7,587.53,610,3.82,750,549.68,610,5,2,0,554,https://news.cnyes.com/news/id/6180573
2025-10-07,12:10,6179956,2313,華通,tp,,8,77.5,80,3.23,95,68,80,5,2,0,80.8,https://news.cnyes.com/news/id/6179956
2025-10-06,18:11,6179240,5274,信驊,eps,2025,15,87.04,88.08,1.19,92.43,83.57,6000,,,,,https://news.cnyes.com/news/id/6179240
2025-10-06,12:10,6179008,1795,美時,tp,,8,296,311,5.07,392,202,311,7,2,0,266,https://news.cnyes.com/news/id/6179008
2025-10-06,08:11,6178723,1301,台塑,eps,2025,10,-0.63,-0.65,-3.17,0.83,-1.06,40.5,,,,,https://news.cnyes.com/news/id/6178723
2025-10-06,08:11,6178722,8210,勤誠,eps,2025,8,25.7,26,1.17,26.98,24.79,705,,,,,https://news.cnyes.com/news/id/6178722
2025-10-06,08:10,6178721,1301,台塑,tp,,9,36,40.5,12.5,51,28,40.5,4,4,2,36.65,https://news.cnyes.com/news/id/6178721
2025-10-06,08:10,6178720,2634,漢翔,tp,,6,48.5,50,3.09,63,39.4,50,1,4,0,57.6,https://news.cnyes.com/news/id/6178720
2025-10-06,08:10,6178719,2408,南亞科,tp,,15,55,59.6,8.36,101,28,59.6,7,6,1,83,https://news.cnyes.com/news/id/6178719
2025-10-03,12:10,6177118,2458,義隆,eps,2025,8,7.43,7.34,-1.21,8.21,6.53,140,,,,,https://news.cnyes.com/news/id/6177118
2025-10-03,12:10,6177117,3481,群創,eps,2025,8,-0.16,-0.16,0,0.13,-0.28,12.5,,,,,https://news.cnyes.com/news/id/6177117
2025-10-03,12:10,6177116,4966,譜瑞-KY,tp,,18,765,790,3.27,900,618,790,7,9,1,777,https://news.cnyes.com/news/id/6177116
2025-10-03,08:10,6176684,6510,精測,eps,2025,8,27.16,27.89,2.69,29.02,25.34,969.5,,,,,https://news.cnyes.com/news/id/6176684
2025-10-02,12:10,6175778,6213,聯茂,eps,2025,12,4.56,4.59,0.66,5.56,4.16,105,,,,,https://news.cnyes.com/news/id/6175778
2025-10-02,12:10,6175777,6239,力成,eps,2025,10,7.43,7.54,1.48,9.63,6.61,134.5,,,,,https://news.cnyes.com/news/id/6175777
2025-10-02,12:10,6175776,6271,同欣電,eps,2025,8,6.75,6.6,-2.22,7,4.98,110,,,,,https://news.cnyes.com/news/id/6175776
2025-10-02,12:10,6175775,3481,群創,eps,2025,9,-0.16,-0.16,0,0.13,-0.47,12.5,,,,,https://news.cnyes.com/news/id/6175775
2025-10-02,12:10,6175774,6274,台燿,eps,2025,13,12.08,11.98,-0.83,13.31,11.33,370,,,,,https://news.cnyes.com/news/id/6175774
2025-10-02,12:10,6175773,4958,臻鼎-KY,tp,,13,170,182,7.06,220,128.5,182,9,4,0,160,https://news.cnyes.com/news/id/6175773
2025-10-02,08:10,6175137,1519,華城,eps,2025,7,15.94,15.7,-1.51,16.82,14.08,740,,,,,https://news.cnyes.com/news/id/6175137
2025-10-02,08:10,6175136,2002,中鋼,eps,2025,9,-0.03,-0.05,-66.67,0.23,-0.38,21,,,,,https://news.cnyes.com/news/id/6175136
2025-10-02,08:10,6175135,2327,國巨,eps,2025,12,10.73,10.68,-0.47,11.31,10.01,155.13,,,,,https://news.cnyes.com/news/id/6175135
2025-10-02,08:10,6175134,1504,東元,eps,2025,7,2.73,2.64,-3.3,2.97,2.45,75.5,,,,,https://news.cnyes.com/news/id/6175134
2025-10-02,08:10,6175133,5269,祥碩,eps,2025,11,72.24,72.83,0.82,82.39,63.5,2225,,,,,https://news.cnyes.com/news/id/6175133
2025-10-02,08:10,6175132,2313,華通,eps,2025,8,5.06,5.01,-0.99,5.39,4.68,77.5,,,,,https://news.cnyes.com/news/id/6175132
2025-10-02,08:10,6175131,3008,大立光,eps,2025,22,159.68,158.77,-0.57,185.28,132.02,2575,,,,,https://news.cnyes.com/news/id/6175131
2025-10-02,08:10,6175130,6669,緯穎,eps,2025,20,222.37,226.81,2,252.81,147.7,3915,,,,,https://news.cnyes.com/news/id/6175130
2025-10-02,08:10,6175129,2301,光寶科,eps,2025,13,6.26,6.4,2.24,6.97,6.01,145,,,,,https://news.cnyes.com/news/id/6175129
2025-10-02,08:10,6175128,3481,群創,eps,2025,10,-0.18,-0.16,11.11,0.13,-0.47,12.75,,,,,https://news.cnyes.com/news/id/6175128
2025-10-02,08:10,6175127,8299,群聯,eps,2025,11,26.36,27.02,2.5,38.85,22.67,694.5,,,,,https://news.cnyes.com/news/id/6175127
2025-10-02,08:10,6175126,5269,祥碩,tp,,9,2330,2225,-4.51,2780,1600,2225,7,4,0,1470,https://news.cnyes.com/news/id/6175126
2025-10-01,22:10,6174903,3231,緯創,tp,,15,153,160,4.58,180,128,160,13,2,0,146,https://news.cnyes.com/news/id/6174903
2025-10-01,12:10,6174283,1477,聚陽,tp,,16,285.5,297,4.03,375,185,297,5,8,4,284,https://news.cnyes.com/news/id/6174283
