date,time,news_id,broker,code,name,action,rating,target,prev_target,title,url
2026-10-06,13:26,6622648,外資,2383,台光電,up,,10000,,009828頻創新高還能追？外資預告PCB未來三年迎最強成長期,https://news.cnyes.com/news/id/6622648
2026-10-06,09:20,6622317,高盛,2330,台積電,up,買進,3300,3100,3100→3300！高盛調高台積電目標價6.5%  看好AI帶動業績強勁成長,https://news.cnyes.com/news/id/6622317
2026-10-06,09:20,6622299,高盛,2330,台積電,up,買進,3300,3100,高盛上調台積電目標價至3300元 看好AI需求續強,https://news.cnyes.com/news/id/6622299
2026-10-02,14:11,6620346,高盛,6274,台燿,up,買進,3010,,ABF、CCL行情還沒走完？009828直接買整條供應鏈 續創掛牌新高,https://news.cnyes.com/news/id/6620346
2026-10-02,14:11,6620346,高盛,2383,台光電,up,買進,10200,,ABF、CCL行情還沒走完？009828直接買整條供應鏈 續創掛牌新高,https://news.cnyes.com/news/id/6620346
2026-09-26,09:50,6615247,歐系外資,2454,聯發科,up,買進,7300,6500,未來3個月可優先觀察的6大族群重點分析、以及該注意提防的風險,https://news.cnyes.com/news/id/6615247
2026-09-26,09:50,6615247,歐系外資,2308,台達電,up,,2750,,未來3個月可優先觀察的6大族群重點分析、以及該注意提防的風險,https://news.cnyes.com/news/id/6615247
2026-09-25,08:40,6615142,瑞銀,2454,聯發科,up,,7300,,AI還沒漲完！缺貨潮才剛開始 下一波看這裡,https://news.cnyes.com/news/id/6615142
2026-09-15,19:41,6607142,外資,3045,台灣大,up,,124,,外資券商調高台灣大目標價 股價衝124元創高,https://news.cnyes.com/news/id/6607142
2026-09-11,06:20,6603670,高盛,2330,台積電,maintain,買進,3100,,AI大趨勢尚處極早期！台積電高盛大會最新研判：智能體將把算力需求擴至CPU  N3、CoWoS產能仍非常吃緊,https://news.cnyes.com/news/id/6603670
2026-09-08,13:47,6600355,外資,1303,南亞,up,,395.5,,〈焦點股〉外資上修目標價+電子材料需求熱夯 南亞股價堅挺上揚,https://news.cnyes.com/news/id/6600355
2026-09-07,13:30,6599232,瑞銀,3008,大立光,down,,5000,,【台股盤中速報】台股漲逾700點！AI資金鎖定產能吃緊股 聯電、尖點漲停 CPO逆勢重挫,https://news.cnyes.com/news/id/6599232
2026-09-01,17:00,6594134,摩根大通,2454,聯發科,up,,5600,5300,法人最新看法出爐！輝達35億美元入股聯發科，AI ASIC成長預期再升溫,https://news.cnyes.com/news/id/6594134
2026-08-31,19:50,6593015,外資,4991,環宇-KY,,,710,,環宇-KY自結7月虧損0.18元 外資仍喊買看好光通訊發展,https://news.cnyes.com/news/id/6593015
2026-08-13,10:42,6574869,花旗,2317,鴻海,up,買進,400,360,鴻海AI需求續強 法說會後美系、日系外資齊升目標價4字頭起跳,https://news.cnyes.com/news/id/6574869
2026-08-13,10:42,6574869,日系外資,2317,鴻海,up,買進,435,352,鴻海AI需求續強 法說會後美系、日系外資齊升目標價4字頭起跳,https://news.cnyes.com/news/id/6574869
2026-08-10,17:09,6568191,外資,2308,台達電,,,2988,,台股還能漲多少？4萬6千點前，我只盯這4大主流,https://news.cnyes.com/news/id/6568191
2026-08-06,16:51,6562374,摩根士丹利,2049,上銀,,加碼,,,上銀7月營收26.8億元創近4年新高 大銀微系統續寫單月新高,https://news.cnyes.com/news/id/6562374
2026-08-05,14:30,6560311,日系外資,6805,富世達,up,買進,2615,2600,"日系外資看好富世達AI伺服器商機 上調目標價至2,615元",https://news.cnyes.com/news/id/6560311
2026-08-04,11:52,6558451,美系外資,6669,緯穎,up,,6385,,〈焦點股〉緯穎AI伺服器看旺獲外資喊高目標價 股價衝破6300元飆天價,https://news.cnyes.com/news/id/6558451
2026-07-28,10:44,6547816,美系外資,5904,寶雅,up,買進,630,,〈焦點股〉寶雅Q2獲優預期 外資目標價升至7字頭 一度飆漲7%,https://news.cnyes.com/news/id/6547816
2026-07-26,15:01,6545955,美系外資,2327,國巨,maintain,加碼,,,國巨*7/29法說登場 市場聚焦這五大重點,https://news.cnyes.com/news/id/6545955
2026-07-23,12:05,6543739,外資,6505,台塑化,up,,93.05,,〈焦點股〉川普放話回擊油價大漲 台塑三寶亮燈漲停帶頭衝,https://news.cnyes.com/news/id/6543739
2026-07-18,12:16,6539250,摩根士丹利,2330,台積電,up,加碼,2988,2888,大摩調升台積電目標價！AI擴產能否撐住毛利率？,https://news.cnyes.com/news/id/6539250
2026-07-17,12:31,6538243,外資,2330,台積電,up,,4200,,台積電法說後多家外資上調目標價 最高飆到4200元,https://news.cnyes.com/news/id/6538243
2026-07-16,21:38,6537278,花旗,2330,台積電,up,,3800,2875,AI浪潮助攻 多家機構看好台積電 目標價頻創新高,https://news.cnyes.com/news/id/6537278
2026-07-16,21:38,6537278,美銀,2330,台積電,up,買進,3100,,AI浪潮助攻 多家機構看好台積電 目標價頻創新高,https://news.cnyes.com/news/id/6537278
2026-07-15,17:49,6535952,外資,2330,台積電,up,,3800,,【量大強漲股整理】【獨家揭秘】 抓出下一波主升段！冠軍股【1303南亞】、【3374精材】、【5351鈺創】+167%暴賺秘辛大公開... 2026下半年「四大選股方向」你跟上了嗎？！,https://news.cnyes.com/news/id/6535952
2026-07-14,17:26,6534495,外資,2330,台積電,up,,3800,,【量大強漲股整理】破解韓國暴跌的恐怖秘密！【8033雷虎】再創新高，【3374精材】+74%會員賺翻後，接棒的主流?!,https://news.cnyes.com/news/id/6534495
2026-07-13,13:44,6532284,摩根大通,6505,台塑化,up,加碼,65,,〈焦點股〉小摩調升台塑集團目標價 激勵三寶亮燈漲停,https://news.cnyes.com/news/id/6532284
2026-07-13,13:44,6532284,摩根大通,1326,台化,up,加碼,60,,〈焦點股〉小摩調升台塑集團目標價 激勵三寶亮燈漲停,https://news.cnyes.com/news/id/6532284
2026-07-13,13:44,6532284,摩根大通,1303,南亞,up,加碼,200,,〈焦點股〉小摩調升台塑集團目標價 激勵三寶亮燈漲停,https://news.cnyes.com/news/id/6532284
2026-07-13,13:44,6532284,摩根大通,1301,台塑,up,加碼,60,,〈焦點股〉小摩調升台塑集團目標價 激勵三寶亮燈漲停,https://news.cnyes.com/news/id/6532284
2026-07-13,12:30,6532182,美系外資,2330,台積電,up,,3800,,外資普遍看好台積電法說 目標價最高喊到3800元,https://news.cnyes.com/news/id/6532182
2026-07-09,18:14,6529612,外資,2454,聯發科,up,,10000,,【量大強漲股整理】台股大怒神來了？錯過【6182合晶】+329%別灰心！下周台積電法說藏玄機，資金狂潮正悄悄湧向新黑馬族群?!,https://news.cnyes.com/news/id/6529612
2026-07-09,18:14,6529612,花旗,2330,台積電,up,買進,3800,2875,【量大強漲股整理】台股大怒神來了？錯過【6182合晶】+329%別灰心！下周台積電法說藏玄機，資金狂潮正悄悄湧向新黑馬族群?!,https://news.cnyes.com/news/id/6529612
2026-07-08,13:31,6526963,外資,3363,上詮,up,,600,,〈焦點股〉光通訊股抱團跌深反彈 聯亞、上詮聯袂亮燈漲停,https://news.cnyes.com/news/id/6526963
2026-07-08,10:40,6526586,摩根大通,2330,台積電,up,加碼,3100,,〈台積電法說前瞻〉小摩：被AI擠爆的贏家 Q2毛利近七成 三年EPS連跳至170元 目標價3100元,https://news.cnyes.com/news/id/6526586
2026-07-07,17:16,6525646,外資,2454,聯發科,up,,10000,,【量大強漲股整理】今天是跌假的嗎？！散戶還在逃，【5351鈺創】狂飆+80%！破解台股5大選股密碼！,https://news.cnyes.com/news/id/6525646
2026-07-07,17:16,6525646,花旗,2330,台積電,up,買進,3800,2875,【量大強漲股整理】今天是跌假的嗎？！散戶還在逃，【5351鈺創】狂飆+80%！破解台股5大選股密碼！,https://news.cnyes.com/news/id/6525646
2026-07-06,17:35,6524042,花旗,2330,台積電,up,買進,3800,2875,【量大強漲股整理】【台股震撼彈】【2305全友】+70%漲完換誰？驚見下一檔噴發神股在哪?!接棒訊號已出現?!,https://news.cnyes.com/news/id/6524042
2026-07-03,17:52,6522038,瑞銀,2330,台積電,up,買進,3400,3000,【量大強漲股整理】台股五萬點四大族群曝光複製密碼!,https://news.cnyes.com/news/id/6522038
2026-07-02,10:46,6519263,美系外資,2330,台積電,up,,2888,,台積電強勢站穩重要均線 法人看好11檔高含積量ETF波段行情啟動,https://news.cnyes.com/news/id/6519263
2026-06-28,10:40,6514953,外資,1303,南亞,up,,200,,〈熱門股〉南亞獲外資看好營運三動能 創歷史新高價後高檔整理,https://news.cnyes.com/news/id/6514953
2026-06-27,10:20,6514481,外資,8046,南電,up,,1145,,〈熱門股〉IC載板下半年漲幅高預期 南電獲法人站隊逆風周漲29%創高,https://news.cnyes.com/news/id/6514481
2026-06-25,17:51,6512212,麥格理,2330,台積電,up,加碼,3380,,【量大強漲股整理】集團作帳行情已經啟動?主流股呼之欲出? 選股冠軍來告訴你致勝關鍵!!,https://news.cnyes.com/news/id/6512212
2026-06-23,12:10,6508183,高盛,2330,台積電,,買進,,,「反指標女神」巴逆逆也出手！台灣人借錢買股暴增160%逼近網路泡沫高點隱憂,https://news.cnyes.com/news/id/6508183
2026-06-22,10:50,6506879,外資,2330,台積電,up,,3500,,外資喊出台積電3500元！AI供應鏈下一批飆股即將誕生,https://news.cnyes.com/news/id/6506879
2026-06-18,10:35,6504197,花旗,2327,國巨,up,,1500,,台灣GDP挑戰10％！AI黃金年代來了，下一波飆股在哪裡？,https://news.cnyes.com/news/id/6504197
2026-06-17,13:00,6502737,港系外資,8996,高力,up,,1680,,不只受惠液冷散熱 這家AI基建股再搭電力商機 外資喊出67%上漲空間,https://news.cnyes.com/news/id/6502737
2026-06-17,12:30,6502710,港系外資,8996,高力,up,,1680,,高力(8996)受外資大幅調升目標價激勵 盤中亮燈漲停 AI散熱與燃料電池題材同步發酵,https://news.cnyes.com/news/id/6502710
2026-06-16,13:12,6500944,外資,2408,南亞科,up,,432.5,,〈焦點股〉DRAM下半年傳再漲40-45% 南亞科、華邦電雙創新高價,https://news.cnyes.com/news/id/6500944
2026-06-15,13:21,6499553,摩根士丹利,2327,國巨,maintain,買進,,,國巨翻身掌握定價權獲外資喊高 股價漲停挑戰千元關 市值邁向2兆元,https://news.cnyes.com/news/id/6499553
2026-06-10,17:38,6493679,美系外資,2308,台達電,up,買進,4500,,【量大強漲股整理】台股暴漲暴跌之下，今天大跌別急著砍股票！下一個引爆台股的關鍵事件來了!!潛力股何處尋?!,https://news.cnyes.com/news/id/6493679
2026-06-01,17:34,6479469,美系外資,2454,聯發科,up,買進,5000,,【量大強漲股整理】 GTC 驚天解密：代理式 AI 時代來臨！，四大題材股報你知!,https://news.cnyes.com/news/id/6479469
2026-05-19,05:10,6462655,外資,1435,中福,up,,650,,〈台股盤前要聞〉外資賣超452億元 台股回測月線守住、  5檔「璞玉」股出列,https://news.cnyes.com/news/id/6462655
2026-05-18,15:52,6462237,美系外資,6415,矽力-KY,up,買進,650,310,矽力*-KY兩大業務看旺 外資目標價喊高至650元,https://news.cnyes.com/news/id/6462237
2026-05-07,21:57,6448059,外資,2454,聯發科,up,,3000,,00878規模衝破5000億元寫新里程碑 坐領68億元金融股息,https://news.cnyes.com/news/id/6448059
2026-05-05,14:45,6442826,外資,2454,聯發科,up,,5000,,〈台股盤後〉台積電稍息 強勢股各擁題材多點開花 漲64點再創收盤新高,https://news.cnyes.com/news/id/6442826
2026-05-04,22:21,6442041,外資,2455,全新,up,,290,,全新獲外資提高目標價 傳Q2啟動成本轉嫁,https://news.cnyes.com/news/id/6442041
2026-04-25,10:42,6432516,外資,3044,健鼎,up,,666,,〈熱門股〉健鼎獲外資喊高目標價 滾量創天價497.5元周漲16%,https://news.cnyes.com/news/id/6432516
2026-04-17,12:37,6422903,外資,3081,聯亞,up,,3165,,〈焦點股〉聯亞擁三大成長動能獲外資按讚 6檔光通訊股同飆漲停,https://news.cnyes.com/news/id/6422903
2026-04-09,17:41,6413969,高盛,2330,台積電,up,,2750,,不要浪費每一次的拉回、旺宏、臻鼎、大銀微⊕、聯茂⊕,https://news.cnyes.com/news/id/6413969
2026-04-01,17:39,6404612,外資,2330,台積電,up,,3030,,不是漲停!就在漲停的路上!!鈦昇⊕、旺宏⊕、華通⊕、臻鼎、【四月神奇寶貝】開放免費索取,https://news.cnyes.com/news/id/6404612
2026-03-31,12:33,6402328,花旗,6515,穎崴,up,,10000,,〈焦點股〉殺盤取量千金股遭殃 股后穎崴跌停推骨牌 半數跌幅逾5%,https://news.cnyes.com/news/id/6402328
2026-03-30,12:30,6401135,花旗,2330,台積電,up,,2800,,花旗：台積電未來兩年收入成長料將更加強勁 目標價上調至2800元,https://news.cnyes.com/news/id/6401135
2026-03-27,10:43,6397924,美系外資,6285,啟碁,up,,214,,〈焦點股〉SpaceX史上最大IPO拚6月掛牌 帶飛台網通廠衛星供應鏈股價,https://news.cnyes.com/news/id/6397924
2026-03-25,10:05,6396684,外資,3715,定穎投控,,,215,,定穎完成發債及現增在台籌資案募集近24億元 衝刺高階產能,https://news.cnyes.com/news/id/6396684
2026-03-23,18:11,6394511,外資,2383,台光電,up,,3500,3200,【量大強漲股整理】台股震盪回檔下，選股操作策略為何?,https://news.cnyes.com/news/id/6394511
2026-03-18,10:14,6388637,外資,3715,定穎投控,,,215,,〈焦點股〉定穎樂觀下半年營運成長首獲外資追蹤 股價創新天價,https://news.cnyes.com/news/id/6388637
2026-03-11,17:45,6378423,里昂,2330,台積電,up,,3030,,至尊無上「至上」⊕、畢卡索「三福化」⊕、下一支「萬里長城」請務必跟上,https://news.cnyes.com/news/id/6378423
2026-03-11,17:45,6378423,摩根士丹利,2330,台積電,up,,3030,,至尊無上「至上」⊕、畢卡索「三福化」⊕、下一支「萬里長城」請務必跟上,https://news.cnyes.com/news/id/6378423
2026-02-24,13:50,6350599,外資,2330,台積電,up,,2000,,CPO多檔漲停，先進製程供應鏈接力演出，三大選股方向，你跟上了嗎？,https://news.cnyes.com/news/id/6350599
2026-02-23,17:42,6349455,外資,2330,台積電,,,1935,,【量大強漲股整理】台股再刷歷史新高紀錄，未來有機會續航嗎?關鍵看甚麼?,https://news.cnyes.com/news/id/6349455
2026-02-03,06:10,6329387,花旗,2330,台積電,,加碼,,,AI熱潮推升台灣權重！MSCI新興市場指數近20年首度超中國,https://news.cnyes.com/news/id/6329387
2026-01-30,17:40,6327594,外資,8046,南電,up,買進,480,,【量大強漲股整理】記憶體漲翻天，指標股看誰表現?SanDisk財報公布，潛力股鎖定誰?,https://news.cnyes.com/news/id/6327594
2026-01-30,17:40,6327594,外資,3189,景碩,up,買進,405,,【量大強漲股整理】記憶體漲翻天，指標股看誰表現?SanDisk財報公布，潛力股鎖定誰?,https://news.cnyes.com/news/id/6327594
2026-01-30,17:40,6327594,外資,3037,欣興,up,買進,250,,【量大強漲股整理】記憶體漲翻天，指標股看誰表現?SanDisk財報公布，潛力股鎖定誰?,https://news.cnyes.com/news/id/6327594
2026-01-30,11:26,6327066,外資,1590,亞德客-KY,up,,1140,,〈焦點股〉亞德客-KY去年財報驚艷、2026展望正向 直奔漲停登20個月新高,https://news.cnyes.com/news/id/6327066
2026-01-29,17:40,6326122,里昂,2330,台積電,up,,3030,,主流大挪移正在劇烈上演中、華邦電、華通、力積電、至上,https://news.cnyes.com/news/id/6326122
2026-01-29,17:40,6326122,瑞銀,2330,台積電,up,,3030,,主流大挪移正在劇烈上演中、華邦電、華通、力積電、至上,https://news.cnyes.com/news/id/6326122
2026-01-28,11:25,6324345,外資,6442,光聖,up,,3000,,〈焦點股〉矽光子再發光! 光聖、波若威、眾達-KY連袂亮燈再漲停,https://news.cnyes.com/news/id/6324345
2026-01-27,18:08,6323517,外資,6442,光聖,up,,3000,,創高行情不再齊漲，台股高檔行情進入耐心考驗期：聯發科、聯電、聯鈞,https://news.cnyes.com/news/id/6323517
2026-01-27,13:34,6323224,外資,6442,光聖,up,買進,3000,,〈焦點股〉黃仁勳來台前矽光子先熱身 光聖領3檔光通訊股齊登漲停,https://news.cnyes.com/news/id/6323224
2026-01-26,11:05,6321993,外資,2454,聯發科,down,,1588,,Google TPU產量傳上調 聯發科再攻漲停板、市值衝破2.8兆元,https://news.cnyes.com/news/id/6321993
2026-01-23,18:52,6320606,外資,5274,信驊,up,,10000,7500,信驊挑戰「萬金股」衝9175元再刷台股天價紀錄 千金股飆出31檔,https://news.cnyes.com/news/id/6320606
2026-01-21,17:34,6317822,外資,3081,聯亞,up,,830,,【量大強漲股整理】台股震盪回檔下，【這族群】相對抗跌，會是下一波主角嗎?,https://news.cnyes.com/news/id/6317822
2026-01-20,19:00,6315671,德意志,2330,台積電,up,,2200,,德銀上調台積電目標價到至2200台幣！AI需求爆發、3奈米滿載至2027年,https://news.cnyes.com/news/id/6315671
2026-01-16,11:11,6312820,高盛,2330,台積電,up,,2600,,台積電法說太驚喜 高盛再度調升目標價至2600元,https://news.cnyes.com/news/id/6312820
2026-01-15,11:40,6311466,外資,2330,台積電,up,,2000,,抓住紅包行情，先掌握資金輪動！建榮漲停！！下個轉折股？,https://news.cnyes.com/news/id/6311466
2026-01-15,11:35,6311462,摩根士丹利,2330,台積電,,,1988,,台股站上三萬點後，聰明錢已經換邊,https://news.cnyes.com/news/id/6311462
2026-01-14,18:18,6310661,麥格理,2330,台積電,up,,2150,,【量大強漲股整理】元月紅包行情啟動，下一波表現的主流是誰?,https://news.cnyes.com/news/id/6310661
2026-01-12,12:00,6307306,高盛,3081,聯亞,,買進,,,〈焦點股〉外資叫好、營收亮眼 全新、聯亞聯袂亮燈漲停,https://news.cnyes.com/news/id/6307306
2026-01-12,12:00,6307306,高盛,2455,全新,,買進,,,〈焦點股〉外資叫好、營收亮眼 全新、聯亞聯袂亮燈漲停,https://news.cnyes.com/news/id/6307306
2026-01-08,17:23,6303195,麥格理,2330,台積電,up,,2000,1710,【量大強漲股整理】CES展後五大選股關鍵以及六大明星產業股大公開?!,https://news.cnyes.com/news/id/6303195
2026-01-08,17:23,6303195,高盛,2330,台積電,up,,2000,1710,【量大強漲股整理】CES展後五大選股關鍵以及六大明星產業股大公開?!,https://news.cnyes.com/news/id/6303195
2026-01-08,17:23,6303195,瑞穗,2330,台積電,up,,2000,1710,【量大強漲股整理】CES展後五大選股關鍵以及六大明星產業股大公開?!,https://news.cnyes.com/news/id/6303195
2026-01-08,17:23,6303195,摩根大通,2330,台積電,up,,2000,1710,【量大強漲股整理】CES展後五大選股關鍵以及六大明星產業股大公開?!,https://news.cnyes.com/news/id/6303195
2026-01-07,11:02,6300881,摩根大通,2330,台積電,up,,2100,,華爾街紛紛追價！小摩調升台積電目標價至2100元、毛利率達60%,https://news.cnyes.com/news/id/6300881
2026-01-07,06:00,6299981,高盛,2330,台積電,,,2330,,高盛預測台積電未來三年將投資1500億美元！擴大AI晶片先進製程、目標價2330元,https://news.cnyes.com/news/id/6299981
2026-01-06,11:07,6299538,高盛,2330,台積電,up,,2330,,借錢也要上車！台股狂熱 槓桿水位攀上2008年來新高,https://news.cnyes.com/news/id/6299538
2026-01-05,11:50,6298301,外資,2330,台積電,,,2000,,12月預測再次驗證！台積電大漲，中小型股拉回，後續該怎麼做？,https://news.cnyes.com/news/id/6298301
