etf,name,issuer,issuer_name,kind
0050,元大台灣50,yuanta,元大,passive
0056,元大高股息,yuanta,元大,passive
00713,元大台灣高息低波,yuanta,元大,passive
00850,元大臺灣ESG永續,yuanta,元大,passive
00940,元大台灣價值高息,yuanta,元大,passive
006208,富邦台50,fubon,富邦,passive
00692,富邦公司治理,fubon,富邦,passive
00892,富邦台灣半導體,fubon,富邦,passive
00900,富邦特選高股息30,fubon,富邦,passive
00878,國泰永續高股息,cathay,國泰,passive
00881,國泰台灣科技龍頭,cathay,國泰,passive
00919,群益台灣精選高息,capital,群益,passive
00927,群益半導體收益,capital,群益,passive
00946,群益科技高息成長,capital,群益,passive
00929,復華台灣科技優息,fuhhwa,復華,passive
00891,中信關鍵半導體,ctbc,中信,passive
00915,凱基優選高股息30,kgi,凱基,passive
00935,野村臺灣新科技50,nomura,野村,passive
00939,統一台灣高息動能,president,統一,passive
009816,凱基台灣TOP50,kgi,凱基,passive
0052,富邦科技,fubon,富邦,passive
00922,國泰台灣領袖50,cathay,國泰,passive
00923,群益台ESG低碳50,capital,群益,passive
00896,中信綠能及電動車,ctbc,中信,passive
00934,中信成長高股息,ctbc,中信,passive
00947,台新臺灣IC設計,taishin,台新,passive
009802,富邦旗艦50,fubon,富邦,passive
00894,中信小資高價30,ctbc,中信,passive
00701,國泰股利精選30,cathay,國泰,passive
00904,台新臺灣半導體30,taishin,台新,passive
00952,凱基台灣AI50,kgi,凱基,passive
00733,富邦臺灣中小,fubon,富邦,passive
0055,元大MSCI金融,yuanta,元大,passive
00936,台新永續高息中小,taishin,台新,passive
00930,永豐ESG低碳高息,sinopac,永豐,passive
0051,元大中型100,yuanta,元大,passive
00901,永豐智能車供應鏈,sinopac,永豐,passive
00938,凱基優選30,kgi,凱基,passive
00728,第一金工業30,firstsec,第一金,passive
00907,永豐優息存股,sinopac,永豐,passive
0053,元大電子,yuanta,元大,passive
00912,中信臺灣智慧50,ctbc,中信,passive
006203,元大MSCI台灣,yuanta,元大,passive
00730,富邦臺灣優質高息,fubon,富邦,passive
00731,復華富時高息低波,fuhhwa,復華,passive
00962,台新AI優息動能,taishin,台新,passive
00944,野村趨勢動能高息,nomura,野村,passive
009809,富邦淨零ESG50,fubon,富邦,passive
0057,富邦摩台,fubon,富邦,passive
006204,永豐臺灣加權,sinopac,永豐,passive
00888,永豐台灣ESG,sinopac,永豐,passive
00928,中信上櫃ESG 30,ctbc,中信,passive
006201,元大富櫃50,yuanta,元大,passive
00918,大華優利高填息30,uob,大華銀,passive
00961,FT臺灣永續高息,franklin,富蘭克林華美,passive
00905,FT臺灣Smart,franklin,富蘭克林華美,passive
009803,玉山市值動能50,esun,玉山,passive
009804,聯邦台精彩50,union,聯邦,passive
009808,華南永昌優選50,hnitc,華南永昌,passive
00400A,主動國泰動能高息,cathay,國泰,active
00401A,主動摩根台灣鑫收,jpmorgan,摩根,active
00402A,主動安聯美國科技,allianz,安聯,active
00403A,主動統一升級50,president,統一,active
00404A,主動聯博動能50,ab,聯博,active
00405A,主動富邦台灣龍耀,fubon,富邦,active
00406A,主動中信台灣收益,ctbc,中信,active
00407A,主動凱基台灣,kgi,凱基,active
00408A,主動第一金優股息,firstsec,第一金,active
00409A,主動復華全球50,fuhhwa,復華,active
00410A,主動永豐科技趨勢,sinopac,永豐,active
00411A,主動統一前沿科技,president,統一,active
00980A,主動野村臺灣優選,nomura,野村,active
00981A,主動統一台股增長,president,統一,active
00982A,主動群益台灣強棒,capital,群益,active
00983A,主動中信ARK創新,ctbc,中信,active
00984A,主動安聯台灣高息,allianz,安聯,active
00985A,主動野村台灣50,nomura,野村,active
00986A,主動台新龍頭成長,taishin,台新,active
00987A,主動台新優勢成長,taishin,台新,active
00988A,主動統一全球創新,president,統一,active
00989A,主動摩根美國科技,jpmorgan,摩根,active
00990A,主動元大AI新經濟,yuanta,元大,active
00991A,主動復華未來50,fuhhwa,復華,active
00992A,主動群益科技創新,capital,群益,active
00993A,主動安聯台灣,allianz,安聯,active
00994A,主動第一金台股優,firstsec,第一金,active
00995A,主動中信台灣卓越,ctbc,中信,active
00997A,主動群益美國增長,capital,群益,active
00998A,主動復華金融股息,fuhhwa,復華,active
00999A,主動野村臺灣高息,nomura,野村,active
