date,etf,aum,units,nav,holdings,fetched_at
2026-09-24,00401A,,,,56,2026-09-29 16:45
2026-09-24,00402A,6320727742.0,627127000.0,10.08,50,2026-09-30 13:40
2026-09-24,00404A,4304563031.0,434295000.0,9.91,53,2026-09-29 16:45
2026-09-24,00405A,26395325524.0,2790745000.0,9.46,46,2026-09-29 16:43
2026-09-24,00407A,,,,50,2026-09-30 13:40
2026-09-24,00408A,,,,50,2026-09-29 16:45
2026-09-24,00409A,16636907250.0,1629948000.0,10.21,50,2026-09-30 02:40
2026-09-24,00411A,,,,31,2026-09-30 13:40
2026-09-24,0050,2480056582663.0,22078000000.0,112.33,50,2026-09-29 15:37
2026-09-24,0056,797788347246.0,14089034000.0,56.62,50,2026-09-29 16:42
2026-09-24,006208,478793858229.0,1860540000.0,257.34,50,2026-09-29 15:37
2026-09-24,00878,655644874925.0,18796790000.0,34.88,29,2026-09-29 16:48
2026-09-24,00891,,,,30,2026-09-29 16:45
2026-09-24,00915,,,,30,2026-09-30 13:40
2026-09-24,00919,607539829146.0,19129135000.0,31.76,40,2026-09-29 16:48
2026-09-24,00929,155339045757.0,5315139000.0,29.23,50,2026-09-29 16:48
2026-09-24,00938,,,,30,2026-09-30 13:54
2026-09-24,00939,,,,40,2026-09-29 16:45
2026-09-24,00940,66981264022.0,5078865000.0,13.19,50,2026-09-29 16:42
2026-09-24,00952,,,,50,2026-09-30 13:54
2026-09-24,009816,,,,50,2026-09-30 13:54
2026-09-24,00983A,,,,43,2026-09-30 02:40
2026-09-24,00984A,9823948033.0,626458000.0,15.68,97,2026-09-29 16:45
2026-09-24,00986A,,,,36,2026-09-30 13:40
2026-09-24,00987A,,,,29,2026-09-29 16:46
2026-09-24,00988A,,,,41,2026-09-30 13:40
2026-09-24,00989A,,,,68,2026-09-30 02:40
2026-09-24,00990A,37857623675.0,2357522000.0,16.06,48,2026-09-30 13:40
2026-09-24,00993A,10327099254.0,736591000.0,14.02,53,2026-09-29 16:45
2026-09-24,00997A,12893849707.0,1101877000.0,11.7,52,2026-09-30 13:40
2026-09-24,00998A,5457314107.0,329109000.0,16.58,52,2026-09-30 02:40
2026-09-29,00400A,28736342771.0,1857640000.0,15.47,47,2026-09-30 13:40
2026-09-29,00401A,,,,56,2026-09-30 13:40
2026-09-29,00403A,,,,50,2026-09-30 13:40
2026-09-29,00404A,4247511120.0,434295000.0,9.78,52,2026-09-30 13:40
2026-09-29,00405A,25840222272.0,2788745000.0,9.27,46,2026-09-30 13:40
2026-09-29,00406A,,,,62,2026-09-30 13:40
2026-09-29,00408A,,,,50,2026-09-30 13:40
2026-09-29,00409A,16415602201.0,1620948000.0,10.13,50,2026-09-30 13:40
2026-09-29,00410A,,,,29,2026-09-30 13:40
2026-09-29,0050,2460073629004.0,22115500000.0,111.24,50,2026-09-30 13:40
2026-09-29,0051,3646424487.0,25000000.0,145.86,100,2026-09-30 13:54
2026-09-29,0052,164925570631.0,2542000000.0,64.88,72,2026-09-30 13:54
2026-09-29,0053,2622914481.0,10488000.0,250.09,237,2026-09-30 13:54
2026-09-29,0055,4354269299.0,88654000.0,49.12,15,2026-09-30 13:54
2026-09-29,0056,795387096243.0,14112534000.0,56.36,50,2026-09-30 13:40
2026-09-29,0057,504871361.0,1527000.0,330.63,74,2026-09-30 13:54
2026-09-29,006201,1057468243.0,22946000.0,46.09,50,2026-09-30 13:54
2026-09-29,006203,2058849235.0,10218000.0,201.49,74,2026-09-30 13:54
2026-09-29,006204,,,,277,2026-09-30 13:54
2026-09-29,006208,474129578651.0,1860540000.0,254.83,50,2026-09-30 13:40
2026-09-29,00692,58760532168.0,612780000.0,95.89,100,2026-09-30 13:40
2026-09-29,00701,6987437244.0,168891000.0,41.37,30,2026-09-30 13:54
2026-09-29,00713,106467001840.0,1700012000.0,62.63,50,2026-09-30 13:40
2026-09-29,00728,,,,31,2026-09-30 13:54
2026-09-29,00730,2027873344.0,69044000.0,29.37,30,2026-09-30 13:54
2026-09-29,00731,1968920364.0,20100000.0,97.96,35,2026-09-30 13:54
2026-09-29,00733,4431142685.0,62966000.0,70.37,49,2026-09-30 13:54
2026-09-29,00850,39520400183.0,413944000.0,95.47,110,2026-09-30 13:40
2026-09-29,00878,652907591089.0,18799290000.0,34.73,29,2026-09-30 13:40
2026-09-29,00881,154020026838.0,2972903000.0,51.81,30,2026-09-30 13:40
2026-09-29,00888,,,,56,2026-09-30 13:54
2026-09-29,00891,,,,30,2026-09-30 13:40
2026-09-29,00892,13665853945.0,318792000.0,42.87,30,2026-09-30 13:40
2026-09-29,00894,,,,30,2026-09-30 13:54
2026-09-29,00896,,,,50,2026-09-30 13:54
2026-09-29,00900,29209893671.0,1503525000.0,19.43,30,2026-09-30 13:40
2026-09-29,00901,,,,50,2026-09-30 13:54
2026-09-29,00904,,,,30,2026-09-30 13:54
2026-09-29,00905,9850085353.0,359827000.0,27.37,139,2026-09-30 13:54
2026-09-29,00907,,,,30,2026-09-30 13:54
2026-09-29,00912,,,,50,2026-09-30 13:54
2026-09-29,00918,,4687764000.0,,30,2026-09-30 13:54
2026-09-29,00919,607315193018.0,19135635000.0,31.74,40,2026-09-30 13:40
2026-09-29,00922,93964950652.0,2173686000.0,43.23,49,2026-09-30 13:54
2026-09-29,00923,39244048834.0,951423000.0,41.25,50,2026-09-30 13:54
2026-09-29,00927,52596697970.0,1339397000.0,39.27,30,2026-09-30 13:40
2026-09-29,00928,,,,30,2026-09-30 13:54
2026-09-29,00929,154567747423.0,5315139000.0,29.08,50,2026-09-30 13:40
2026-09-29,00930,,,,40,2026-09-30 13:54
2026-09-29,00934,,,,52,2026-09-30 13:54
2026-09-29,00935,52516320183.0,873004000.0,60.16,50,2026-09-30 13:40
2026-09-29,00936,,,,30,2026-09-30 13:54
2026-09-29,00939,,,,40,2026-09-30 13:40
2026-09-29,00940,66431715724.0,5073365000.0,13.09,50,2026-09-30 13:40
2026-09-29,00944,1159013029.0,53081000.0,21.83,50,2026-09-30 13:54
2026-09-29,00946,6719625835.0,435746000.0,15.42,50,2026-09-30 13:40
2026-09-29,00947,,,,50,2026-09-30 13:54
2026-09-29,00961,15101506726.0,1147511000.0,13.16,30,2026-09-30 13:54
2026-09-29,00962,,,,50,2026-09-30 13:54
2026-09-29,009802,10735039317.0,537495000.0,19.97,51,2026-09-30 13:54
2026-09-29,009803,6182735005.0,288328000.0,21.44,50,2026-09-30 13:54
2026-09-29,009804,,,,50,2026-09-30 13:54
2026-09-29,009808,1244421939.0,39011000.0,31.9,50,2026-09-30 13:54
2026-09-29,009809,616302928.0,33363000.0,18.47,35,2026-09-30 13:54
2026-09-29,00980A,19909224592.0,786230000.0,25.32,50,2026-09-30 13:40
2026-09-29,00981A,,,,50,2026-09-30 13:40
2026-09-29,00982A,49645915966.0,2175436000.0,22.82,57,2026-09-30 13:40
2026-09-29,00983A,,,,43,2026-09-30 13:40
2026-09-29,00984A,9790647891.0,626458000.0,15.63,97,2026-09-30 13:40
2026-09-29,00985A,10547596270.0,451289000.0,23.37,50,2026-09-30 13:40
2026-09-29,00987A,,,,29,2026-09-30 13:40
2026-09-29,00989A,,,,68,2026-09-30 13:40
2026-09-29,00991A,77461542687.0,4319416000.0,17.93,50,2026-09-30 13:40
2026-09-29,00992A,41602243157.0,2226455000.0,18.69,42,2026-09-30 13:40
2026-09-29,00993A,10123505245.0,736591000.0,13.74,53,2026-09-30 13:40
2026-09-29,00994A,,,,37,2026-09-30 13:40
2026-09-29,00995A,,,,55,2026-09-30 13:40
2026-09-29,00998A,5519790649.0,331109000.0,16.67,52,2026-09-30 13:40
2026-09-29,00999A,11467581509.0,1018517000.0,11.26,55,2026-09-30 13:40
