date,code,name,shares,weight
2025-09-01,1785,光洋應用材料科技,504100,4.05
2025-09-01,3105,穩懋半導體,108370,1.33
2025-09-01,3211,順達科技,93000,4.44
2025-09-01,3227,原相科技,31680,0.83
2025-09-01,3260,威剛科技,70134,0.96
2025-09-01,3264,欣銓科技,95560,0.94
2025-09-01,3374,精材科技,38000,0.68
2025-09-01,3491,昇達科技,38000,1.99
2025-09-01,3529,力旺電子,13220,4.06
2025-09-01,3680,家登精密工業,18500,0.78
2025-09-01,5274,信驊科技,6870,4.66
2025-09-01,5289,宜鼎國際,71746,2.74
2025-09-01,5347,世界先進積體電路,280404,3.45
2025-09-01,5425,台灣半導體,50310,0.34
2025-09-01,5483,中美矽晶製品,159100,2.19
2025-09-01,5536,聖暉工程科技,114300,15.19
2025-09-01,5904,寶雅國際,51659,3.24
2025-09-01,6121,新普科技,163090,8.64
2025-09-01,6147,頎邦科技,161490,1.17
2025-09-01,6182,合晶科技,131043,0.42
2025-09-01,6187,萬潤科技,12882,0.67
2025-09-01,6223,旺矽科技,13300,2.5
2025-09-01,6274,台燿科技,206470,9.53
2025-09-01,6488,環球晶圓,69210,3.41
2025-09-01,6510,中華精測科技,3900,0.64
2025-09-01,6643,元星科技,4400,0.3
2025-09-01,8069,元太科技工業,407910,14.25
2025-09-01,8086,宏捷科技,26780,0.41
2025-09-01,8299,群聯電子,45530,2.98
2025-09-01,8936,國統國際,123280,0.93
2025-09-08,1785,光洋應用材料科技,497100,3.95
2025-09-08,3105,穩懋半導體,107370,1.34
2025-09-08,3211,順達科技,92000,5.07
2025-09-08,3227,原相科技,31680,0.88
2025-09-08,3260,威剛科技,69134,1.04
2025-09-08,3264,欣銓科技,94560,1.07
2025-09-08,3374,精材科技,37000,0.71
2025-09-08,3491,昇達科技,38000,2.23
2025-09-08,3529,力旺電子,13220,4.23
2025-09-08,3680,家登精密工業,17500,0.75
2025-09-08,5274,信驊科技,6870,4.54
2025-09-08,5289,宜鼎國際,70746,2.94
2025-09-08,5347,世界先進積體電路,277404,3.47
2025-09-08,5425,台灣半導體,49310,0.36
2025-09-08,5483,中美矽晶製品,157100,2.23
2025-09-08,5536,聖暉工程科技,112300,14.68
2025-09-08,5904,寶雅國際,50659,3.17
2025-09-08,6121,新普科技,161090,8.48
2025-09-08,6147,頎邦科技,159490,1.19
2025-09-08,6182,合晶科技,130043,0.46
2025-09-08,6187,萬潤科技,12882,0.71
2025-09-08,6223,旺矽科技,13300,2.76
2025-09-08,6274,台燿科技,203470,8.51
2025-09-08,6488,環球晶圓,68210,3.49
2025-09-08,6510,中華精測科技,3900,0.77
2025-09-08,6643,元星科技,4400,0.3
2025-09-08,8069,元太科技工業,401910,13.77
2025-09-08,8086,宏捷科技,26780,0.43
2025-09-08,8299,群聯電子,45530,3.34
2025-09-08,8936,國統國際,122280,0.9
2025-09-15,1785,光洋應用材料科技,478100,3.9
2025-09-15,3105,穩懋半導體,103370,1.35
2025-09-15,3211,順達科技,88000,4.87
2025-09-15,3227,原相科技,30680,0.97
2025-09-15,3260,威剛科技,67134,1.25
2025-09-15,3264,欣銓科技,90560,1.12
2025-09-15,3374,精材科技,36000,0.76
2025-09-15,3491,昇達科技,36000,2.24
2025-09-15,3529,力旺電子,13020,4.06
2025-09-15,3680,家登精密工業,17500,0.79
2025-09-15,5274,信驊科技,6570,4.63
2025-09-15,5289,宜鼎國際,67746,3.42
2025-09-15,5347,世界先進積體電路,266404,3.46
2025-09-15,5425,台灣半導體,47310,0.37
2025-09-15,5483,中美矽晶製品,151100,2.38
2025-09-15,5536,聖暉工程科技,108300,13.3
2025-09-15,5904,寶雅國際,48659,3.18
2025-09-15,6121,新普科技,155090,8.33
2025-09-15,6147,頎邦科技,153490,1.18
2025-09-15,6182,合晶科技,125043,0.54
2025-09-15,6187,萬潤科技,11882,0.62
2025-09-15,6223,旺矽科技,13100,2.71
2025-09-15,6274,台燿科技,196470,8.52
2025-09-15,6488,環球晶圓,65210,3.87
2025-09-15,6510,中華精測科技,3900,0.79
2025-09-15,6643,元星科技,4400,0.31
2025-09-15,8069,元太科技工業,386910,13.33
2025-09-15,8086,宏捷科技,25780,0.41
2025-09-15,8299,群聯電子,43530,4.2
2025-09-15,8936,國統國際,117280,0.89
2025-09-17,1785,光洋應用材料科技,478100,4.14
2025-09-17,3105,穩懋半導體,103370,1.39
2025-09-17,3211,順達科技,88000,4.63
2025-09-17,3227,原相科技,30680,1.0
2025-09-17,3260,威剛科技,67134,1.31
2025-09-17,3264,欣銓科技,90560,1.1
2025-09-17,3374,精材科技,36000,0.76
2025-09-17,3491,昇達科技,36000,2.26
2025-09-17,3529,力旺電子,13020,3.95
2025-09-17,3680,家登精密工業,17500,0.8
2025-09-17,5274,信驊科技,6570,4.77
2025-09-17,5289,宜鼎國際,67746,3.36
2025-09-17,5347,世界先進積體電路,266404,3.56
2025-09-17,5425,台灣半導體,47310,0.37
2025-09-17,5483,中美矽晶製品,151100,2.52
2025-09-17,5536,聖暉工程科技,108300,12.25
2025-09-17,5904,寶雅國際,48659,3.17
2025-09-17,6121,新普科技,155090,8.29
2025-09-17,6147,頎邦科技,153490,1.2
2025-09-17,6182,合晶科技,125043,0.6
2025-09-17,6187,萬潤科技,11882,0.62
2025-09-17,6223,旺矽科技,13100,2.84
2025-09-17,6274,台燿科技,196470,8.4
2025-09-17,6488,環球晶圓,65210,4.22
2025-09-17,6510,中華精測科技,3900,0.79
2025-09-17,6643,元星科技,4400,0.31
2025-09-17,8069,元太科技工業,386910,13.49
2025-09-17,8086,宏捷科技,25780,0.41
2025-09-17,8299,群聯電子,43530,4.35
2025-09-17,8936,國統國際,117280,0.89
2025-09-18,1785,光洋應用材料科技,478100,4.1
2025-09-18,3105,穩懋半導體,103370,1.41
2025-09-18,3211,順達科技,88000,4.58
2025-09-18,3227,原相科技,30680,1.03
2025-09-18,3260,威剛科技,67134,1.31
2025-09-18,3264,欣銓科技,90560,1.09
2025-09-18,3374,精材科技,36000,0.75
2025-09-18,3491,昇達科技,36000,2.19
2025-09-18,3529,力旺電子,13020,3.86
2025-09-18,3680,家登精密工業,17500,0.79
2025-09-18,5274,信驊科技,6570,4.81
2025-09-18,5289,宜鼎國際,67746,3.4
2025-09-18,5347,世界先進積體電路,266404,3.57
2025-09-18,5425,台灣半導體,47310,0.39
2025-09-18,5483,中美矽晶製品,151100,2.67
2025-09-18,5536,聖暉工程科技,108300,12.24
2025-09-18,5904,寶雅國際,48659,3.15
2025-09-18,6121,新普科技,155090,8.18
2025-09-18,6147,頎邦科技,153490,1.2
2025-09-18,6182,合晶科技,125043,0.59
2025-09-18,6187,萬潤科技,11882,0.63
2025-09-18,6223,旺矽科技,13100,2.89
2025-09-18,6274,台燿科技,196470,8.37
2025-09-18,6488,環球晶圓,65210,4.54
2025-09-18,6510,中華精測科技,3900,0.81
2025-09-18,6643,元星科技,4400,0.31
2025-09-18,8069,元太科技工業,386910,13.19
2025-09-18,8086,宏捷科技,25780,0.41
2025-09-18,8299,群聯電子,43530,4.46
2025-09-18,8936,國統國際,117280,0.87
2025-09-19,1785,光洋應用材料科技,478100,4.11
2025-09-19,3105,穩懋半導體,103370,1.4
2025-09-19,3211,順達科技,88000,4.4
2025-09-19,3227,原相科技,30680,1.07
2025-09-19,3260,威剛科技,67134,1.32
2025-09-19,3264,欣銓科技,90560,1.09
2025-09-19,3374,精材科技,36000,0.74
2025-09-19,3491,昇達科技,36000,2.23
2025-09-19,3529,力旺電子,13020,3.89
2025-09-19,3680,家登精密工業,17500,0.82
2025-09-19,5274,信驊科技,6570,4.97
2025-09-19,5289,宜鼎國際,67746,3.38
2025-09-19,5347,世界先進積體電路,266404,3.62
2025-09-19,5425,台灣半導體,47310,0.39
2025-09-19,5483,中美矽晶製品,151100,2.65
2025-09-19,5536,聖暉工程科技,108300,12.25
2025-09-19,5904,寶雅國際,48659,3.17
2025-09-19,6121,新普科技,155090,8.12
2025-09-19,6147,頎邦科技,153490,1.21
2025-09-19,6182,合晶科技,125043,0.56
2025-09-19,6187,萬潤科技,11882,0.63
2025-09-19,6223,旺矽科技,13100,2.97
2025-09-19,6274,台燿科技,196470,8.12
2025-09-19,6488,環球晶圓,65210,4.66
2025-09-19,6510,中華精測科技,3900,0.88
2025-09-19,6643,元星科技,4400,0.31
2025-09-19,8069,元太科技工業,386910,13.12
2025-09-19,8086,宏捷科技,25780,0.4
2025-09-19,8299,群聯電子,43530,4.45
2025-09-19,8936,國統國際,117280,0.87
2025-09-22,1785,光洋應用材料科技,472100,4.28
2025-09-22,3105,穩懋半導體,101370,1.39
2025-09-22,3211,順達科技,87000,4.41
2025-09-22,3227,原相科技,29680,1.02
2025-09-22,3260,威剛科技,66134,1.43
2025-09-22,3264,欣銓科技,89560,1.11
2025-09-22,3374,精材科技,35000,0.76
2025-09-22,3491,昇達科技,36000,2.35
2025-09-22,3529,力旺電子,12820,3.76
2025-09-22,3680,家登精密工業,16500,0.85
2025-09-22,5274,信驊科技,6470,4.81
2025-09-22,5289,宜鼎國際,66746,3.32
2025-09-22,5347,世界先進積體電路,263404,3.82
2025-09-22,5425,台灣半導體,47310,0.37
2025-09-22,5483,中美矽晶製品,149100,2.62
2025-09-22,5536,聖暉工程科技,107300,12.03
2025-09-22,5904,寶雅國際,48659,3.18
2025-09-22,6121,新普科技,153090,8.02
2025-09-22,6147,頎邦科技,151490,1.19
2025-09-22,6182,合晶科技,123043,0.54
2025-09-22,6187,萬潤科技,11882,0.65
2025-09-22,6223,旺矽科技,12900,3.09
2025-09-22,6274,台燿科技,193470,8.38
2025-09-22,6488,環球晶圓,64210,4.64
2025-09-22,6510,中華精測科技,3900,0.96
2025-09-22,6643,元星科技,4400,0.3
2025-09-22,8069,元太科技工業,381910,12.79
2025-09-22,8086,宏捷科技,24780,0.41
2025-09-22,8299,群聯電子,42530,4.44
2025-09-22,8936,國統國際,115280,0.85
2025-09-23,1785,光洋應用材料科技,466100,4.19
2025-09-23,3105,穩懋半導體,100370,1.38
2025-09-23,3211,順達科技,86000,4.43
2025-09-23,3227,原相科技,29680,1.02
2025-09-23,3260,威剛科技,65134,1.38
2025-09-23,3264,欣銓科技,88560,1.12
2025-09-23,3374,精材科技,35000,0.75
2025-09-23,3491,昇達科技,35000,2.31
2025-09-23,3529,力旺電子,12620,3.88
2025-09-23,3680,家登精密工業,16500,0.83
2025-09-23,5274,信驊科技,6370,4.66
2025-09-23,5289,宜鼎國際,65746,3.26
2025-09-23,5347,世界先進積體電路,259404,3.88
2025-09-23,5425,台灣半導體,46310,0.37
2025-09-23,5483,中美矽晶製品,147100,2.55
2025-09-23,5536,聖暉工程科技,105300,11.82
2025-09-23,5904,寶雅國際,47659,3.16
2025-09-23,6121,新普科技,151090,8.0
2025-09-23,6147,頎邦科技,149490,1.21
2025-09-23,6182,合晶科技,122043,0.55
2025-09-23,6187,萬潤科技,11882,0.67
2025-09-23,6223,旺矽科技,12700,3.05
2025-09-23,6274,台燿科技,191470,8.74
2025-09-23,6488,環球晶圓,63210,4.53
2025-09-23,6510,中華精測科技,3900,1.0
2025-09-23,6643,元星科技,4400,0.3
2025-09-23,8069,元太科技工業,376910,13.14
2025-09-23,8086,宏捷科技,24780,0.4
2025-09-23,8299,群聯電子,42530,4.32
2025-09-23,8936,國統國際,114280,0.84
2025-09-24,1785,光洋應用材料科技,466100,4.24
2025-09-24,3105,穩懋半導體,100370,1.37
2025-09-24,3211,順達科技,86000,4.54
2025-09-24,3227,原相科技,29680,1.03
2025-09-24,3260,威剛科技,65134,1.41
2025-09-24,3264,欣銓科技,88560,1.1
2025-09-24,3374,精材科技,35000,0.75
2025-09-24,3491,昇達科技,35000,2.28
2025-09-24,3529,力旺電子,12620,3.9
2025-09-24,3680,家登精密工業,16500,0.85
2025-09-24,5274,信驊科技,6370,4.73
2025-09-24,5289,宜鼎國際,65746,3.22
2025-09-24,5347,世界先進積體電路,259404,3.85
2025-09-24,5425,台灣半導體,46310,0.37
2025-09-24,5483,中美矽晶製品,147100,2.5
2025-09-24,5536,聖暉工程科技,105300,11.85
2025-09-24,5904,寶雅國際,47659,3.18
2025-09-24,6121,新普科技,151090,8.02
2025-09-24,6147,頎邦科技,149490,1.2
2025-09-24,6182,合晶科技,122043,0.54
2025-09-24,6187,萬潤科技,11882,0.7
2025-09-24,6223,旺矽科技,12700,2.99
2025-09-24,6274,台燿科技,191470,8.77
2025-09-24,6488,環球晶圓,63210,4.49
2025-09-24,6510,中華精測科技,3900,0.96
2025-09-24,6643,元星科技,4400,0.28
2025-09-24,8069,元太科技工業,376910,13.13
2025-09-24,8086,宏捷科技,24780,0.41
2025-09-24,8299,群聯電子,42530,4.24
2025-09-24,8936,國統國際,114280,0.84
2025-09-25,1785,光洋應用材料科技,282100,2.57
2025-09-25,3105,穩懋半導體,89370,1.27
2025-09-25,3211,順達科技,52000,2.76
2025-09-25,3227,原相科技,30680,1.09
2025-09-25,3260,威剛科技,78134,1.69
2025-09-25,3264,欣銓科技,106560,1.32
2025-09-25,3374,精材科技,42000,0.9
2025-09-25,3491,昇達科技,21000,1.39
2025-09-25,3529,力旺電子,14420,4.61
2025-09-25,3680,家登精密工業,20500,1.06
2025-09-25,5274,信驊科技,6570,4.81
2025-09-25,5289,宜鼎國際,40746,1.99
2025-09-25,5347,世界先進積體電路,316404,4.68
2025-09-25,5371,中強光電,40000,0.67
2025-09-25,5425,台灣半導體,39310,0.31
2025-09-25,5483,中美矽晶製品,176100,3.0
2025-09-25,5536,聖暉工程科技,91300,10.28
2025-09-25,5904,寶雅國際,40659,2.75
2025-09-25,6121,新普科技,134090,7.17
2025-09-25,6147,頎邦科技,179490,1.47
2025-09-25,6182,合晶科技,146043,0.68
2025-09-25,6187,萬潤科技,13882,0.8
2025-09-25,6223,旺矽科技,17500,4.33
2025-09-25,6274,台燿科技,161470,7.12
2025-09-25,6488,環球晶圓,76210,5.44
2025-09-25,6510,中華精測科技,3900,1.03
2025-09-25,6643,元星科技,3400,0.22
2025-09-25,8069,元太科技工業,411910,14.15
2025-09-25,8086,宏捷科技,29780,0.51
2025-09-25,8299,群聯電子,50530,4.93
2025-09-25,8358,金居開發,70000,2.4
2025-09-25,8936,國統國際,109280,0.81
2025-09-26,1785,光洋應用材料科技,281100,2.58
2025-09-26,3081,聯亞光電工業,19000,1.27
2025-09-26,3211,順達科技,52000,2.76
2025-09-26,3227,原相科技,30680,1.09
2025-09-26,3260,威剛科技,78134,1.68
2025-09-26,3264,欣銓科技,105560,1.35
2025-09-26,3374,精材科技,42000,0.9
2025-09-26,3491,昇達科技,21000,1.41
2025-09-26,3529,力旺電子,15220,4.65
2025-09-26,3680,家登精密工業,20500,1.04
2025-09-26,5274,信驊科技,6570,4.84
2025-09-26,5289,宜鼎國際,40746,1.9
2025-09-26,5347,世界先進積體電路,316404,4.8
2025-09-26,5371,中強光電,438000,7.17
2025-09-26,5483,中美矽晶製品,176100,3.0
2025-09-26,5536,聖暉工程科技,64300,7.31
2025-09-26,5904,寶雅國際,24659,1.71
2025-09-26,6121,新普科技,91090,4.99
2025-09-26,6147,頎邦科技,178490,1.48
2025-09-26,6182,合晶科技,145043,0.65
2025-09-26,6187,萬潤科技,13882,0.78
2025-09-26,6223,旺矽科技,18300,4.56
2025-09-26,6274,台燿科技,117470,5.26
2025-09-26,6488,環球晶圓,76210,5.24
2025-09-26,6510,中華精測科技,4400,1.16
2025-09-26,8069,元太科技工業,410910,14.13
2025-09-26,8086,宏捷科技,29780,0.49
2025-09-26,8299,群聯電子,50530,4.87
2025-09-26,8358,金居開發,78000,2.59
2025-09-26,8936,國統國際,86280,0.65
2025-09-30,1785,光洋應用材料科技,281100,2.55
2025-09-30,3081,聯亞光電工業,19000,1.26
2025-09-30,3211,順達科技,52000,2.82
2025-09-30,3227,原相科技,30680,1.08
2025-09-30,3260,威剛科技,78134,1.79
2025-09-30,3264,欣銓科技,105560,1.31
2025-09-30,3374,精材科技,42000,0.88
2025-09-30,3491,昇達科技,21000,1.37
2025-09-30,3529,力旺電子,15220,4.47
2025-09-30,3680,家登精密工業,20500,1.03
2025-09-30,5274,信驊科技,6570,4.83
2025-09-30,5289,宜鼎國際,40746,1.95
2025-09-30,5347,世界先進積體電路,316404,4.7
2025-09-30,5371,中強光電,438000,6.98
2025-09-30,5483,中美矽晶製品,176100,2.97
2025-09-30,5536,聖暉工程科技,64300,7.26
2025-09-30,5904,寶雅國際,24659,1.68
2025-09-30,6121,新普科技,91090,4.91
2025-09-30,6147,頎邦科技,178490,1.44
2025-09-30,6182,合晶科技,145043,0.64
2025-09-30,6187,萬潤科技,13882,0.78
2025-09-30,6223,旺矽科技,18300,4.57
2025-09-30,6274,台燿科技,117470,5.38
2025-09-30,6488,環球晶圓,76210,5.18
2025-09-30,6510,中華精測科技,4400,1.23
2025-09-30,8069,元太科技工業,410910,14.38
2025-09-30,8086,宏捷科技,29780,0.5
2025-09-30,8299,群聯電子,50530,5.19
2025-09-30,8358,金居開發,78000,2.63
2025-09-30,8936,國統國際,86280,0.64
2025-10-01,1785,光洋應用材料科技,278100,2.54
2025-10-01,3081,聯亞光電工業,35000,2.35
2025-10-01,3211,順達科技,51000,2.82
2025-10-01,3227,原相科技,29680,1.04
2025-10-01,3260,威剛科技,78134,1.81
2025-10-01,3264,欣銓科技,104560,1.3
2025-10-01,3374,精材科技,41000,0.85
2025-10-01,3491,昇達科技,21000,1.4
2025-10-01,3529,力旺電子,15220,4.55
2025-10-01,3680,家登精密工業,20500,1.03
2025-10-01,5274,信驊科技,6570,5.03
2025-10-01,5289,宜鼎國際,39746,1.97
2025-10-01,5347,世界先進積體電路,312404,4.58
2025-10-01,5371,中強光電,432000,7.16
2025-10-01,5483,中美矽晶製品,174100,2.97
2025-10-01,5536,聖暉工程科技,63300,7.46
2025-10-01,5904,寶雅國際,24659,1.68
2025-10-01,6121,新普科技,90090,4.9
2025-10-01,6147,頎邦科技,176490,1.43
2025-10-01,6182,合晶科技,143043,0.64
2025-10-01,6187,萬潤科技,13882,0.78
2025-10-01,6223,旺矽科技,18300,4.59
2025-10-01,6274,台燿科技,116470,5.43
2025-10-01,6488,環球晶圓,75210,5.12
2025-10-01,6510,中華精測科技,4400,1.2
2025-10-01,8069,元太科技工業,404910,14.01
2025-10-01,8086,宏捷科技,29780,0.5
2025-10-01,8299,群聯電子,49530,5.28
2025-10-01,8358,金居開發,77000,2.64
2025-10-01,8936,國統國際,85280,0.65
2025-10-02,1785,光洋應用材料科技,278100,2.51
2025-10-02,3081,聯亞光電工業,35000,2.37
2025-10-02,3211,順達科技,51000,2.72
2025-10-02,3227,原相科技,29680,1.05
2025-10-02,3260,威剛科技,78134,1.91
2025-10-02,3264,欣銓科技,104560,1.26
2025-10-02,3374,精材科技,41000,0.84
2025-10-02,3491,昇達科技,21000,1.35
2025-10-02,3529,力旺電子,15220,4.39
2025-10-02,3680,家登精密工業,20500,1.02
2025-10-02,5274,信驊科技,6570,5.31
2025-10-02,5289,宜鼎國際,39746,1.97
2025-10-02,5347,世界先進積體電路,312404,4.59
2025-10-02,5371,中強光電,432000,6.89
2025-10-02,5483,中美矽晶製品,174100,3.0
2025-10-02,5536,聖暉工程科技,63300,7.37
2025-10-02,5904,寶雅國際,24659,1.65
2025-10-02,6121,新普科技,90090,4.85
2025-10-02,6147,頎邦科技,176490,1.42
2025-10-02,6182,合晶科技,143043,0.64
2025-10-02,6187,萬潤科技,13882,0.76
2025-10-02,6223,旺矽科技,18300,4.6
2025-10-02,6274,台燿科技,116470,5.57
2025-10-02,6488,環球晶圓,75210,5.37
2025-10-02,6510,中華精測科技,4400,1.15
2025-10-02,8069,元太科技工業,404910,13.67
2025-10-02,8086,宏捷科技,29780,0.49
2025-10-02,8299,群聯電子,49530,5.74
2025-10-02,8358,金居開發,77000,2.62
2025-10-02,8936,國統國際,85280,0.64
2025-10-03,1785,光洋應用材料科技,278100,2.47
2025-10-03,3081,聯亞光電工業,35000,2.37
2025-10-03,3211,順達科技,51000,2.69
2025-10-03,3227,原相科技,29680,1.1
2025-10-03,3260,威剛科技,77134,1.93
2025-10-03,3264,欣銓科技,104560,1.22
2025-10-03,3374,精材科技,41000,0.83
2025-10-03,3491,昇達科技,21000,1.38
2025-10-03,3529,力旺電子,15020,4.49
2025-10-03,3680,家登精密工業,20300,1.04
2025-10-03,5274,信驊科技,6370,5.03
2025-10-03,5289,宜鼎國際,39746,1.95
2025-10-03,5347,世界先進積體電路,312404,4.58
2025-10-03,5371,中強光電,432000,7.24
2025-10-03,5483,中美矽晶製品,174100,2.97
2025-10-03,5536,聖暉工程科技,63300,7.02
2025-10-03,5904,寶雅國際,24659,1.62
2025-10-03,6121,新普科技,90090,4.83
2025-10-03,6147,頎邦科技,176490,1.41
2025-10-03,6182,合晶科技,143043,0.63
2025-10-03,6187,萬潤科技,13882,0.75
2025-10-03,6223,旺矽科技,18100,4.49
2025-10-03,6274,台燿科技,116470,5.66
2025-10-03,6488,環球晶圓,75210,5.33
2025-10-03,6510,中華精測科技,4400,1.14
2025-10-03,8069,元太科技工業,404910,13.62
2025-10-03,8086,宏捷科技,29780,0.48
2025-10-03,8299,群聯電子,49530,5.93
2025-10-03,8358,金居開發,77000,2.6
2025-10-03,8936,國統國際,85280,0.62
2025-10-08,1785,光洋應用材料科技,274100,2.47
2025-10-08,3081,聯亞光電工業,35000,2.46
2025-10-08,3211,順達科技,51000,2.42
2025-10-08,3227,原相科技,29680,1.03
2025-10-08,3260,威剛科技,76134,1.92
2025-10-08,3264,欣銓科技,103560,1.19
2025-10-08,3374,精材科技,41000,0.82
2025-10-08,3491,昇達科技,21000,1.4
2025-10-08,3529,力旺電子,15020,4.46
2025-10-08,3680,家登精密工業,20300,1.0
2025-10-08,5274,信驊科技,6370,5.16
2025-10-08,5289,宜鼎國際,39746,2.1
2025-10-08,5347,世界先進積體電路,307404,4.55
2025-10-08,5371,中強光電,426000,7.19
2025-10-08,5483,中美矽晶製品,171100,2.97
2025-10-08,5536,聖暉工程科技,62300,7.57
2025-10-08,5904,寶雅國際,23659,1.54
2025-10-08,6121,新普科技,88090,4.72
2025-10-08,6147,頎邦科技,174490,1.4
2025-10-08,6182,合晶科技,142043,0.63
2025-10-08,6187,萬潤科技,13882,0.75
2025-10-08,6223,旺矽科技,18100,4.38
2025-10-08,6274,台燿科技,114470,5.51
2025-10-08,6488,環球晶圓,74210,5.44
2025-10-08,6510,中華精測科技,4400,1.07
2025-10-08,8069,元太科技工業,399910,13.79
2025-10-08,8086,宏捷科技,28780,0.48
2025-10-08,8299,群聯電子,48530,5.96
2025-10-08,8358,金居開發,76000,2.65
2025-10-08,8936,國統國際,84280,0.62
2025-10-16,1785,光洋應用材料科技,263100,2.55
2025-10-16,3081,聯亞光電工業,34000,2.08
2025-10-16,3211,順達科技,48000,2.36
2025-10-16,3227,原相科技,28680,1.02
2025-10-16,3260,威剛科技,73134,2.09
2025-10-16,3264,欣銓科技,98560,1.23
2025-10-16,3374,精材科技,39000,0.87
2025-10-16,3491,昇達科技,20000,1.38
2025-10-16,3529,力旺電子,14020,4.37
2025-10-16,3680,家登精密工業,19300,1.01
2025-10-16,5274,信驊科技,5970,5.07
2025-10-16,5289,宜鼎國際,37746,2.45
2025-10-16,5347,世界先進積體電路,295404,4.48
2025-10-16,5371,中強光電,409000,6.76
2025-10-16,5483,中美矽晶製品,165100,3.16
2025-10-16,5536,聖暉工程科技,60100,7.98
2025-10-16,5904,寶雅國際,22659,1.51
2025-10-16,6121,新普科技,85090,4.75
2025-10-16,6147,頎邦科技,167490,1.45
2025-10-16,6182,合晶科技,136043,0.65
2025-10-16,6187,萬潤科技,13482,0.81
2025-10-16,6223,旺矽科技,17300,5.14
2025-10-16,6274,台燿科技,110470,5.47
2025-10-16,6488,環球晶圓,71210,5.41
2025-10-16,6510,中華精測科技,4400,1.21
2025-10-16,8069,元太科技工業,383910,12.67
2025-10-16,8086,宏捷科技,27780,0.46
2025-10-16,8299,群聯電子,46530,6.07
2025-10-16,8358,金居開發,73000,2.35
2025-10-16,8936,國統國際,80280,0.68
2025-10-23,1785,光洋應用材料科技,259100,2.48
2025-10-23,3081,聯亞光電工業,33000,2.08
2025-10-23,3211,順達科技,48000,2.45
2025-10-23,3227,原相科技,27680,1.05
2025-10-23,3260,威剛科技,72134,2.11
2025-10-23,3264,欣銓科技,97560,1.28
2025-10-23,3374,精材科技,39000,0.87
2025-10-23,3491,昇達科技,20000,1.4
2025-10-23,3529,力旺電子,14020,4.73
2025-10-23,3680,家登精密工業,19100,0.98
2025-10-23,5274,信驊科技,5770,4.72
2025-10-23,5289,宜鼎國際,37746,2.53
2025-10-23,5347,世界先進積體電路,291404,4.64
2025-10-23,5371,中強光電,404000,6.28
2025-10-23,5483,中美矽晶製品,163100,3.35
2025-10-23,5536,聖暉工程科技,59100,6.82
2025-10-23,5904,寶雅國際,21659,1.5
2025-10-23,6121,新普科技,84090,4.82
2025-10-23,6147,頎邦科技,165490,1.5
2025-10-23,6182,合晶科技,135043,0.72
2025-10-23,6187,萬潤科技,13282,0.76
2025-10-23,6223,旺矽科技,17100,4.9
2025-10-23,6274,台燿科技,109470,5.6
2025-10-23,6488,環球晶圓,70210,5.89
2025-10-23,6510,中華精測科技,4400,1.14
2025-10-23,8069,元太科技工業,378910,13.04
2025-10-23,8086,宏捷科技,27780,0.48
2025-10-23,8299,群聯電子,43530,6.01
2025-10-23,8358,金居開發,67000,2.2
2025-10-23,8936,國統國際,79280,0.72
2025-10-31,1785,光洋應用材料科技,254100,2.39
2025-10-31,3081,聯亞光電工業,33000,2.23
2025-10-31,3211,順達科技,47000,2.29
2025-10-31,3227,原相科技,27680,1.02
2025-10-31,3260,威剛科技,70134,2.2
2025-10-31,3264,欣銓科技,95560,1.42
2025-10-31,3374,精材科技,38000,0.92
2025-10-31,3491,昇達科技,19000,1.33
2025-10-31,3529,力旺電子,13620,4.3
2025-10-31,3680,家登精密工業,18100,1.01
2025-10-31,5274,信驊科技,5370,4.66
2025-10-31,5289,宜鼎國際,36746,2.51
2025-10-31,5347,世界先進積體電路,284404,4.36
2025-10-31,5371,中強光電,396000,5.5
2025-10-31,5483,中美矽晶製品,159100,3.16
2025-10-31,5536,聖暉工程科技,58100,7.1
2025-10-31,5904,寶雅國際,21659,1.56
2025-10-31,6121,新普科技,82090,4.56
2025-10-31,6147,頎邦科技,161490,1.53
2025-10-31,6182,合晶科技,131043,0.65
2025-10-31,6187,萬潤科技,13082,0.76
2025-10-31,6223,旺矽科技,16500,5.5
2025-10-31,6274,台燿科技,106470,6.51
2025-10-31,6488,環球晶圓,69210,5.58
2025-10-31,6510,中華精測科技,4400,1.12
2025-10-31,8069,元太科技工業,369910,12.45
2025-10-31,8086,宏捷科技,26780,0.47
2025-10-31,8299,群聯電子,43530,7.35
2025-10-31,8358,金居開發,66000,2.46
2025-10-31,8936,國統國際,77280,0.71
2025-11-07,1785,光洋應用材料科技,250100,2.34
2025-11-07,3081,聯亞光電工業,33000,2.27
2025-11-07,3211,順達科技,46000,2.2
2025-11-07,3227,原相科技,26680,0.99
2025-11-07,3260,威剛科技,69134,2.21
2025-11-07,3264,欣銓科技,94560,1.37
2025-11-07,3374,精材科技,37000,0.91
2025-11-07,3491,昇達科技,18800,1.33
2025-11-07,3529,力旺電子,13420,4.61
2025-11-07,3680,家登精密工業,18100,0.97
2025-11-07,5274,信驊科技,5370,5.01
2025-11-07,5289,宜鼎國際,35746,2.67
2025-11-07,5347,世界先進積體電路,281404,4.29
2025-11-07,5371,中強光電,390000,5.86
2025-11-07,5483,中美矽晶製品,157100,2.96
2025-11-07,5536,聖暉工程科技,57100,7.07
2025-11-07,5904,寶雅國際,21659,1.61
2025-11-07,6121,新普科技,81090,4.72
2025-11-07,6147,頎邦科技,159490,1.47
2025-11-07,6182,合晶科技,129043,0.61
2025-11-07,6187,萬潤科技,12582,0.69
2025-11-07,6223,旺矽科技,16300,5.54
2025-11-07,6274,台燿科技,104470,6.51
2025-11-07,6488,環球晶圓,68210,4.5
2025-11-07,6510,中華精測科技,4400,1.16
2025-11-07,8069,元太科技工業,365910,12.13
2025-11-07,8086,宏捷科技,26580,0.51
2025-11-07,8299,群聯電子,42530,8.06
2025-11-07,8358,金居開發,66000,2.38
2025-11-07,8936,國統國際,76280,0.78
2025-11-14,1785,光洋應用材料科技,250100,2.47
2025-11-14,3081,聯亞光電工業,31000,2.26
2025-11-14,3211,順達科技,46000,2.09
2025-11-14,3227,原相科技,26680,0.95
2025-11-14,3260,威剛科技,69134,2.47
2025-11-14,3264,欣銓科技,94560,1.4
2025-11-14,3374,精材科技,37000,0.85
2025-11-14,3491,昇達科技,18800,1.47
2025-11-14,3529,力旺電子,13420,4.4
2025-11-14,3680,家登精密工業,18100,1.03
2025-11-14,5274,信驊科技,5370,5.37
2025-11-14,5289,宜鼎國際,35746,3.13
2025-11-14,5347,世界先進積體電路,281404,4.27
2025-11-14,5371,中強光電,390000,5.86
2025-11-14,5483,中美矽晶製品,157100,2.71
2025-11-14,5536,聖暉工程科技,57100,6.23
2025-11-14,5904,寶雅國際,21659,1.62
2025-11-14,6121,新普科技,81090,4.7
2025-11-14,6147,頎邦科技,159490,1.51
2025-11-14,6182,合晶科技,129043,0.63
2025-11-14,6187,萬潤科技,12582,0.69
2025-11-14,6223,旺矽科技,16300,5.19
2025-11-14,6274,台燿科技,104470,6.96
2025-11-14,6488,環球晶圓,68210,4.4
2025-11-14,6510,中華精測科技,4400,1.13
2025-11-14,8069,元太科技工業,365910,11.05
2025-11-14,8086,宏捷科技,26580,0.47
2025-11-14,8299,群聯電子,42530,8.98
2025-11-14,8358,金居開發,66000,2.5
2025-11-14,8936,國統國際,76280,0.77
2025-11-21,1785,光洋應用材料科技,250100,2.44
2025-11-21,3081,聯亞光電工業,31000,2.23
2025-11-21,3211,順達科技,46000,2.09
2025-11-21,3227,原相科技,26680,0.92
2025-11-21,3260,威剛科技,69134,2.08
2025-11-21,3264,欣銓科技,94560,1.41
2025-11-21,3374,精材科技,37000,0.83
2025-11-21,3491,昇達科技,18800,1.46
2025-11-21,3529,力旺電子,13420,4.27
2025-11-21,3680,家登精密工業,18100,1.03
2025-11-21,5274,信驊科技,5370,5.66
2025-11-21,5289,宜鼎國際,35746,3.06
2025-11-21,5347,世界先進積體電路,281404,4.32
2025-11-21,5371,中強光電,390000,5.57
2025-11-21,5483,中美矽晶製品,157100,2.68
2025-11-21,5536,聖暉工程科技,57100,6.44
2025-11-21,5904,寶雅國際,21659,1.62
2025-11-21,6121,新普科技,81090,4.96
2025-11-21,6147,頎邦科技,159490,1.42
2025-11-21,6182,合晶科技,129043,0.61
2025-11-21,6187,萬潤科技,12582,0.71
2025-11-21,6223,旺矽科技,16300,5.2
2025-11-21,6274,台燿科技,104470,7.11
2025-11-21,6488,環球晶圓,68210,4.07
2025-11-21,6510,中華精測科技,4400,1.13
2025-11-21,8069,元太科技工業,365910,12.49
2025-11-21,8086,宏捷科技,26580,0.43
2025-11-21,8299,群聯電子,42530,7.86
2025-11-21,8358,金居開發,66000,2.67
2025-11-21,8936,國統國際,76280,0.76
2025-11-28,1785,光洋應用材料科技,253100,2.29
2025-11-28,3081,聯亞光電工業,33800,2.8
2025-11-28,3211,順達科技,46000,1.91
2025-11-28,3227,原相科技,27680,0.91
2025-11-28,3260,威剛科技,69934,1.95
2025-11-28,3264,欣銓科技,96060,1.38
2025-11-28,3374,精材科技,38000,0.86
2025-11-28,3491,昇達科技,18800,1.51
2025-11-28,3529,力旺電子,13420,4.3
2025-11-28,3680,家登精密工業,18100,0.97
2025-11-28,5274,信驊科技,5670,6.51
2025-11-28,5289,宜鼎國際,36746,2.84
2025-11-28,5347,世界先進積體電路,284404,4.04
2025-11-28,5371,中強光電,393000,5.74
2025-11-28,5483,中美矽晶製品,158100,2.6
2025-11-28,5536,聖暉工程科技,58100,6.34
2025-11-28,5904,寶雅國際,22659,1.56
2025-11-28,6121,新普科技,82090,4.42
2025-11-28,6147,頎邦科技,160990,1.34
2025-11-28,6182,合晶科技,131543,0.59
2025-11-28,6187,萬潤科技,12582,0.7
2025-11-28,6223,旺矽科技,16300,5.8
2025-11-28,6274,台燿科技,106470,7.35
2025-11-28,6488,環球晶圓,68210,4.02
2025-11-28,6510,中華精測科技,4400,1.33
2025-11-28,8069,元太科技工業,368910,11.13
2025-11-28,8086,宏捷科技,26580,0.43
2025-11-28,8299,群聯電子,45530,8.0
2025-11-28,8358,金居開發,68000,2.45
2025-11-28,8936,國統國際,77880,0.7
2025-12-05,1785,光洋應用材料科技,258100,2.31
2025-12-05,3081,聯亞光電工業,33800,2.98
2025-12-05,3211,順達科技,47000,1.91
2025-12-05,3227,原相科技,27680,0.9
2025-12-05,3260,威剛科技,71934,2.0
2025-12-05,3264,欣銓科技,97060,1.36
2025-12-05,3374,精材科技,38500,0.84
2025-12-05,3491,昇達科技,19300,1.6
2025-12-05,3529,力旺電子,13420,4.2
2025-12-05,3680,家登精密工業,18900,1.01
2025-12-05,5274,信驊科技,5770,5.94
2025-12-05,5289,宜鼎國際,36746,2.7
2025-12-05,5347,世界先進積體電路,289404,4.19
2025-12-05,5371,中強光電,401000,5.78
2025-12-05,5483,中美矽晶製品,161300,2.62
2025-12-05,5536,聖暉工程科技,59100,6.74
2025-12-05,5904,寶雅國際,22659,1.56
2025-12-05,6121,新普科技,83090,4.56
2025-12-05,6147,頎邦科技,163990,1.36
2025-12-05,6182,合晶科技,133543,0.61
2025-12-05,6187,萬潤科技,12582,0.67
2025-12-05,6223,旺矽科技,16300,5.7
2025-12-05,6274,台燿科技,108470,7.14
2025-12-05,6488,環球晶圓,70210,4.22
2025-12-05,6510,中華精測科技,4400,1.31
2025-12-05,8069,元太科技工業,376910,11.06
2025-12-05,8086,宏捷科技,27580,0.46
2025-12-05,8299,群聯電子,45530,7.71
2025-12-05,8358,金居開發,69000,2.55
2025-12-05,8936,國統國際,78880,0.69
2025-12-12,1785,光洋應用材料科技,248100,2.5
2025-12-12,3081,聯亞光電工業,31800,3.03
2025-12-12,3211,順達科技,45000,1.98
2025-12-12,3227,原相科技,26680,0.84
2025-12-12,3260,威剛科技,68934,1.99
2025-12-12,3264,欣銓科技,93060,1.37
2025-12-12,3374,精材科技,36500,0.77
2025-12-12,3491,昇達科技,18300,1.76
2025-12-12,3529,力旺電子,13420,3.95
2025-12-12,3680,家登精密工業,17900,0.97
2025-12-12,5274,信驊科技,5770,6.04
2025-12-12,5289,宜鼎國際,35746,2.78
2025-12-12,5347,世界先進積體電路,278404,3.93
2025-12-12,5371,中強光電,386000,5.32
2025-12-12,5483,中美矽晶製品,155300,2.5
2025-12-12,5536,聖暉工程科技,57100,7.35
2025-12-12,5904,寶雅國際,21659,1.47
2025-12-12,6121,新普科技,80090,4.53
2025-12-12,6147,頎邦科技,157990,1.31
2025-12-12,6182,合晶科技,128543,0.58
2025-12-12,6187,萬潤科技,12582,0.7
2025-12-12,6223,旺矽科技,16300,6.02
2025-12-12,6274,台燿科技,103470,7.13
2025-12-12,6488,環球晶圓,67210,3.97
2025-12-12,6510,中華精測科技,4400,1.48
2025-12-12,8069,元太科技工業,361910,10.54
2025-12-12,8086,宏捷科技,26580,0.42
2025-12-12,8299,群聯電子,44530,7.8
2025-12-12,8358,金居開發,66000,2.76
2025-12-12,8936,國統國際,75880,0.68
2025-12-16,1785,光洋應用材料科技,248100,2.44
2025-12-16,3081,聯亞光電工業,31800,3.1
2025-12-16,3211,順達科技,45000,2.03
2025-12-16,3227,原相科技,26680,0.87
2025-12-16,3260,威剛科技,68934,1.99
2025-12-16,3264,欣銓科技,93060,1.34
2025-12-16,3374,精材科技,36500,0.77
2025-12-16,3491,昇達科技,18300,1.81
2025-12-16,3529,力旺電子,13420,3.76
2025-12-16,3680,家登精密工業,17900,0.96
2025-12-16,5274,信驊科技,5770,6.17
2025-12-16,5289,宜鼎國際,35746,2.77
2025-12-16,5347,世界先進積體電路,278404,4.13
2025-12-16,5371,中強光電,386000,5.37
2025-12-16,5483,中美矽晶製品,155300,2.52
2025-12-16,5536,聖暉工程科技,57100,7.41
2025-12-16,5904,寶雅國際,21659,1.52
2025-12-16,6121,新普科技,80090,4.65
2025-12-16,6147,頎邦科技,157990,1.34
2025-12-16,6182,合晶科技,128543,0.59
2025-12-16,6187,萬潤科技,12582,0.7
2025-12-16,6223,旺矽科技,16300,6.01
2025-12-16,6274,台燿科技,103470,6.73
2025-12-16,6488,環球晶圓,67210,3.94
2025-12-16,6510,中華精測科技,4400,1.67
2025-12-16,8069,元太科技工業,361910,10.55
2025-12-16,8086,宏捷科技,26580,0.44
2025-12-16,8299,群聯電子,44530,7.48
2025-12-16,8358,金居開發,66000,2.62
2025-12-16,8936,國統國際,75880,0.7
2025-12-17,1785,光洋應用材料科技,248100,2.5
2025-12-17,3081,聯亞光電工業,31800,3.04
2025-12-17,3211,順達科技,45000,2.18
2025-12-17,3227,原相科技,26680,0.85
2025-12-17,3260,威剛科技,68934,2.15
2025-12-17,3264,欣銓科技,93060,1.34
2025-12-17,3374,精材科技,36500,0.76
2025-12-17,3491,昇達科技,18300,1.79
2025-12-17,3529,力旺電子,13420,3.64
2025-12-17,3680,家登精密工業,17900,0.94
2025-12-17,5274,信驊科技,5770,5.96
2025-12-17,5289,宜鼎國際,35746,2.86
2025-12-17,5347,世界先進積體電路,278404,4.24
2025-12-17,5371,中強光電,386000,5.25
2025-12-17,5483,中美矽晶製品,155300,2.59
2025-12-17,5536,聖暉工程科技,57100,7.2
2025-12-17,5904,寶雅國際,21659,1.5
2025-12-17,6121,新普科技,80090,4.55
2025-12-17,6147,頎邦科技,157990,1.32
2025-12-17,6182,合晶科技,128543,0.64
2025-12-17,6187,萬潤科技,12582,0.66
2025-12-17,6223,旺矽科技,16300,5.8
2025-12-17,6274,台燿科技,103470,6.81
2025-12-17,6488,環球晶圓,67210,4.15
2025-12-17,6510,中華精測科技,4400,1.6
2025-12-17,8069,元太科技工業,361910,10.59
2025-12-17,8086,宏捷科技,26580,0.44
2025-12-17,8299,群聯電子,44530,7.75
2025-12-17,8358,金居開發,66000,2.5
2025-12-17,8936,國統國際,75880,0.7
2025-12-18,1785,光洋應用材料科技,248100,2.49
2025-12-18,3081,聯亞光電工業,31800,3.03
2025-12-18,3211,順達科技,45000,2.28
2025-12-18,3227,原相科技,26680,0.85
2025-12-18,3260,威剛科技,68934,2.12
2025-12-18,3264,欣銓科技,93060,1.33
2025-12-18,3374,精材科技,36500,0.77
2025-12-18,3491,昇達科技,18300,1.74
2025-12-18,3529,力旺電子,13420,3.64
2025-12-18,3680,家登精密工業,17900,0.92
2025-12-18,5274,信驊科技,5770,6.14
2025-12-18,5289,宜鼎國際,35746,2.82
2025-12-18,5347,世界先進積體電路,278404,4.34
2025-12-18,5371,中強光電,386000,5.25
2025-12-18,5483,中美矽晶製品,155300,2.55
2025-12-18,5536,聖暉工程科技,57100,7.0
2025-12-18,5904,寶雅國際,21659,1.51
2025-12-18,6121,新普科技,80090,4.7
2025-12-18,6147,頎邦科技,157990,1.33
2025-12-18,6182,合晶科技,128543,0.64
2025-12-18,6187,萬潤科技,12582,0.67
2025-12-18,6223,旺矽科技,16300,5.78
2025-12-18,6274,台燿科技,103470,6.86
2025-12-18,6488,環球晶圓,67210,4.03
2025-12-18,6510,中華精測科技,4400,1.57
2025-12-18,8069,元太科技工業,361910,10.49
2025-12-18,8086,宏捷科技,26580,0.43
2025-12-18,8299,群聯電子,44530,7.73
2025-12-18,8358,金居開發,66000,2.58
2025-12-18,8936,國統國際,75880,0.68
2025-12-19,1785,光洋應用材料科技,235100,2.45
2025-12-19,3081,聯亞光電工業,30800,3.03
2025-12-19,3211,順達科技,43000,2.4
2025-12-19,3227,原相科技,25680,0.89
2025-12-19,3260,威剛科技,64934,2.06
2025-12-19,3264,欣銓科技,89060,1.35
2025-12-19,3374,精材科技,34500,0.77
2025-12-19,3491,昇達科技,17300,1.81
2025-12-19,3529,力旺電子,12420,3.58
2025-12-19,3680,家登精密工業,16900,0.91
2025-12-19,5274,信驊科技,5170,5.71
2025-12-19,5289,宜鼎國際,33746,2.78
2025-12-19,5347,世界先進積體電路,264404,4.27
2025-12-19,5371,中強光電,366000,5.38
2025-12-19,5483,中美矽晶製品,147300,2.51
2025-12-19,5536,聖暉工程科技,54100,7.18
2025-12-19,5904,寶雅國際,20659,1.5
2025-12-19,6121,新普科技,76090,4.65
2025-12-19,6147,頎邦科技,149990,1.32
2025-12-19,6182,合晶科技,121543,0.62
2025-12-19,6187,萬潤科技,11582,0.64
2025-12-19,6223,旺矽科技,15500,6.0
2025-12-19,6274,台燿科技,98470,7.06
2025-12-19,6488,環球晶圓,63210,3.99
2025-12-19,6510,中華精測科技,4200,1.62
2025-12-19,8069,元太科技工業,342910,10.68
2025-12-19,8086,宏捷科技,24580,0.43
2025-12-19,8299,群聯電子,41530,7.74
2025-12-19,8358,金居開發,63000,2.59
2025-12-19,8936,國統國際,71880,0.68
2025-12-22,1785,光洋應用材料科技,235100,2.44
2025-12-22,3081,聯亞光電工業,30800,3.1
2025-12-22,3211,順達科技,43000,2.43
2025-12-22,3227,原相科技,25680,0.87
2025-12-22,3260,威剛科技,64934,2.14
2025-12-22,3264,欣銓科技,89060,1.36
2025-12-22,3374,精材科技,34500,0.77
2025-12-22,3491,昇達科技,17300,1.81
2025-12-22,3529,力旺電子,12420,3.52
2025-12-22,3680,家登精密工業,16900,0.89
2025-12-22,5274,信驊科技,5170,5.79
2025-12-22,5289,宜鼎國際,33746,2.8
2025-12-22,5347,世界先進積體電路,264404,4.24
2025-12-22,5371,中強光電,366000,5.39
2025-12-22,5483,中美矽晶製品,147300,2.49
2025-12-22,5536,聖暉工程科技,54100,6.79
2025-12-22,5904,寶雅國際,20659,1.49
2025-12-22,6121,新普科技,76090,4.62
2025-12-22,6147,頎邦科技,149990,1.31
2025-12-22,6182,合晶科技,121543,0.63
2025-12-22,6187,萬潤科技,11582,0.65
2025-12-22,6223,旺矽科技,15500,5.76
2025-12-22,6274,台燿科技,98470,7.37
2025-12-22,6488,環球晶圓,63210,3.99
2025-12-22,6510,中華精測科技,4200,1.61
2025-12-22,8069,元太科技工業,342910,10.59
2025-12-22,8086,宏捷科技,24580,0.46
2025-12-22,8299,群聯電子,41530,8.04
2025-12-22,8358,金居開發,63000,2.59
2025-12-22,8936,國統國際,71880,0.68
2025-12-23,1785,光洋應用材料科技,230100,2.66
2025-12-23,3081,聯亞光電工業,30400,3.02
2025-12-23,3211,順達科技,42000,2.35
2025-12-23,3227,原相科技,24680,0.83
2025-12-23,3260,威剛科技,63934,2.17
2025-12-23,3264,欣銓科技,87060,1.32
2025-12-23,3374,精材科技,34500,0.8
2025-12-23,3491,昇達科技,17300,1.87
2025-12-23,3529,力旺電子,12420,3.53
2025-12-23,3680,家登精密工業,16900,0.89
2025-12-23,5274,信驊科技,5170,5.92
2025-12-23,5289,宜鼎國際,32746,2.72
2025-12-23,5347,世界先進積體電路,259404,4.26
2025-12-23,5371,中強光電,359000,5.45
2025-12-23,5483,中美矽晶製品,144300,2.48
2025-12-23,5536,聖暉工程科技,53100,6.72
2025-12-23,5904,寶雅國際,20659,1.52
2025-12-23,6121,新普科技,74090,4.51
2025-12-23,6147,頎邦科技,146990,1.3
2025-12-23,6182,合晶科技,119543,0.62
2025-12-23,6187,萬潤科技,11582,0.66
2025-12-23,6223,旺矽科技,15200,5.69
2025-12-23,6274,台燿科技,96470,7.49
2025-12-23,6488,環球晶圓,62210,4.0
2025-12-23,6510,中華精測科技,4200,1.6
2025-12-23,8069,元太科技工業,335910,10.46
2025-12-23,8086,宏捷科技,24580,0.47
2025-12-23,8299,群聯電子,40530,7.94
2025-12-23,8358,金居開發,62000,2.6
2025-12-23,8936,國統國際,70880,0.67
2025-12-24,1785,光洋應用材料科技,227100,2.65
2025-12-24,1815,富喬工業,1000,0.02
2025-12-24,3081,聯亞光電工業,29400,2.96
2025-12-24,3105,穩懋半導體,1000,0.03
2025-12-24,3211,順達科技,42000,2.26
2025-12-24,3227,原相科技,24680,0.83
2025-12-24,3260,威剛科技,62934,2.34
2025-12-24,3264,欣銓科技,85060,1.32
2025-12-24,3324,雙鴻科技,1000,0.17
2025-12-24,3374,精材科技,33500,0.76
2025-12-24,3491,昇達科技,17300,1.98
2025-12-24,3529,力旺電子,12420,3.57
2025-12-24,3680,家登精密工業,15900,0.83
2025-12-24,4749,新應材,1000,0.14
2025-12-24,5274,信驊科技,5170,5.89
2025-12-24,5289,宜鼎國際,32746,2.79
2025-12-24,5347,世界先進積體電路,255404,4.22
2025-12-24,5371,中強光電,330000,4.95
2025-12-24,5483,中美矽晶製品,142300,2.4
2025-12-24,5536,聖暉工程科技,52100,6.52
2025-12-24,5904,寶雅國際,19659,1.43
2025-12-24,6121,新普科技,73090,4.45
2025-12-24,6147,頎邦科技,144990,1.27
2025-12-24,6182,合晶科技,114543,0.58
2025-12-24,6187,萬潤科技,11582,0.66
2025-12-24,6223,旺矽科技,14200,5.45
2025-12-24,6274,台燿科技,95470,7.91
2025-12-24,6488,環球晶圓,61210,3.89
2025-12-24,6510,中華精測科技,4200,1.58
2025-12-24,8069,元太科技工業,330910,10.32
2025-12-24,8086,宏捷科技,21580,0.41
2025-12-24,8299,群聯電子,37530,8.06
2025-12-24,8358,金居開發,61000,2.64
2025-12-24,8936,國統國際,67880,0.63
2025-12-26,1785,光洋應用材料科技,230100,2.53
2025-12-26,1815,富喬工業,18000,0.28
2025-12-26,3081,聯亞光電工業,30400,3.05
2025-12-26,3105,穩懋半導體,10000,0.31
2025-12-26,3211,順達科技,60000,3.2
2025-12-26,3227,原相科技,20680,0.68
2025-12-26,3260,威剛科技,52934,1.93
2025-12-26,3264,欣銓科技,73060,1.23
2025-12-26,3324,雙鴻科技,4000,0.67
2025-12-26,3374,精材科技,26500,0.59
2025-12-26,3491,昇達科技,17300,1.96
2025-12-26,3529,力旺電子,10420,2.94
2025-12-26,3680,家登精密工業,12900,0.7
2025-12-26,4749,新應材,2000,0.27
2025-12-26,5274,信驊科技,4170,4.77
2025-12-26,5289,宜鼎國際,37746,3.18
2025-12-26,5347,世界先進積體電路,200404,3.25
2025-12-26,5371,中強光電,329000,4.85
2025-12-26,5483,中美矽晶製品,112300,1.88
2025-12-26,5536,聖暉工程科技,51100,6.67
2025-12-26,5904,寶雅國際,20659,1.5
2025-12-26,6121,新普科技,85090,5.13
2025-12-26,6147,頎邦科技,122990,1.06
2025-12-26,6182,合晶科技,113543,0.58
2025-12-26,6187,萬潤科技,8582,0.49
2025-12-26,6223,旺矽科技,12200,4.75
2025-12-26,6274,台燿科技,114470,9.41
2025-12-26,6488,環球晶圓,49210,3.18
2025-12-26,6510,中華精測科技,3200,1.27
2025-12-26,8069,元太科技工業,434910,13.52
2025-12-26,8086,宏捷科技,20580,0.39
2025-12-26,8299,群聯電子,29530,6.38
2025-12-26,8358,金居開發,62000,2.73
2025-12-26,8936,國統國際,66880,0.63
2025-12-29,1785,光洋應用材料科技,226100,2.47
2025-12-29,1815,富喬工業,148000,2.44
2025-12-29,3081,聯亞光電工業,29400,2.94
2025-12-29,3105,穩懋半導體,67000,2.04
2025-12-29,3211,順達科技,59000,3.39
2025-12-29,3227,原相科技,19680,0.66
2025-12-29,3260,威剛科技,49934,2.01
2025-12-29,3264,欣銓科技,68060,1.27
2025-12-29,3324,雙鴻科技,20500,3.49
2025-12-29,3374,精材科技,23500,0.53
2025-12-29,3491,昇達科技,17300,1.94
2025-12-29,3529,力旺電子,9920,2.86
2025-12-29,3680,家登精密工業,12900,0.72
2025-12-29,4749,新應材,10200,1.4
2025-12-29,5274,信驊科技,4370,5.17
2025-12-29,5289,宜鼎國際,37746,3.25
2025-12-29,5347,世界先進積體電路,177404,2.84
2025-12-29,5483,中美矽晶製品,98300,1.65
2025-12-29,5536,聖暉工程科技,51100,6.6
2025-12-29,5904,寶雅國際,19659,1.44
2025-12-29,6121,新普科技,83090,5.03
2025-12-29,6147,頎邦科技,114990,1.01
2025-12-29,6187,萬潤科技,7782,0.47
2025-12-29,6223,旺矽科技,12200,4.54
2025-12-29,6274,台燿科技,113470,9.5
2025-12-29,6488,環球晶圓,42210,2.83
2025-12-29,6510,中華精測科技,3400,1.33
2025-12-29,8069,元太科技工業,426910,13.47
2025-12-29,8299,群聯電子,27530,6.15
2025-12-29,8358,金居開發,61000,2.76
2025-12-30,1785,光洋應用材料科技,226100,2.46
2025-12-30,1815,富喬工業,148000,2.37
2025-12-30,3081,聯亞光電工業,29400,2.94
2025-12-30,3105,穩懋半導體,67000,2.05
2025-12-30,3211,順達科技,59000,3.34
2025-12-30,3227,原相科技,19680,0.66
2025-12-30,3260,威剛科技,49934,2.15
2025-12-30,3264,欣銓科技,68060,1.27
2025-12-30,3324,雙鴻科技,20500,3.48
2025-12-30,3374,精材科技,23500,0.53
2025-12-30,3491,昇達科技,17300,1.99
2025-12-30,3529,力旺電子,9920,2.89
2025-12-30,3680,家登精密工業,12900,0.75
2025-12-30,4749,新應材,10200,1.39
2025-12-30,5274,信驊科技,4370,5.45
2025-12-30,5289,宜鼎國際,37746,3.26
2025-12-30,5347,世界先進積體電路,177404,2.77
2025-12-30,5483,中美矽晶製品,98300,1.69
2025-12-30,5536,聖暉工程科技,51100,6.57
2025-12-30,5904,寶雅國際,19659,1.42
2025-12-30,6121,新普科技,83090,4.99
2025-12-30,6147,頎邦科技,114990,1.0
2025-12-30,6187,萬潤科技,7782,0.47
2025-12-30,6223,旺矽科技,12200,4.56
2025-12-30,6274,台燿科技,113470,9.05
2025-12-30,6488,環球晶圓,42210,2.88
2025-12-30,6510,中華精測科技,3400,1.32
2025-12-30,8069,元太科技工業,426910,13.72
2025-12-30,8299,群聯電子,27530,6.09
2025-12-30,8358,金居開發,61000,2.73
2025-12-31,1785,光洋應用材料科技,226100,2.46
2025-12-31,1815,富喬工業,148000,2.28
2025-12-31,3081,聯亞光電工業,29400,2.94
2025-12-31,3105,穩懋半導體,67000,2.0
2025-12-31,3211,順達科技,59000,3.25
2025-12-31,3227,原相科技,19680,0.65
2025-12-31,3260,威剛科技,49934,2.28
2025-12-31,3264,欣銓科技,68060,1.38
2025-12-31,3324,雙鴻科技,20500,3.38
2025-12-31,3374,精材科技,23500,0.53
2025-12-31,3491,昇達科技,17300,1.92
2025-12-31,3529,力旺電子,9920,2.8
2025-12-31,3680,家登精密工業,12900,0.75
2025-12-31,4749,新應材,10200,1.46
2025-12-31,5274,信驊科技,4370,5.18
2025-12-31,5289,宜鼎國際,37746,3.55
2025-12-31,5347,世界先進積體電路,177404,2.67
2025-12-31,5483,中美矽晶製品,98300,1.71
2025-12-31,5536,聖暉工程科技,51100,6.52
2025-12-31,5904,寶雅國際,19659,1.41
2025-12-31,6121,新普科技,83090,4.87
2025-12-31,6147,頎邦科技,114990,1.01
2025-12-31,6187,萬潤科技,7782,0.46
2025-12-31,6223,旺矽科技,12200,4.48
2025-12-31,6274,台燿科技,113470,9.15
2025-12-31,6488,環球晶圓,42210,2.8
2025-12-31,6510,中華精測科技,3400,1.27
2025-12-31,8069,元太科技工業,426910,13.81
2025-12-31,8299,群聯電子,27530,6.52
2025-12-31,8358,金居開發,61000,2.76
2026-01-02,1785,光洋應用材料科技,226100,2.42
2026-01-02,1815,富喬工業,148000,2.19
2026-01-02,3081,聯亞光電工業,29400,3.07
2026-01-02,3105,穩懋半導體,67000,1.95
2026-01-02,3211,順達科技,59000,3.16
2026-01-02,3227,原相科技,19680,0.66
2026-01-02,3260,威剛科技,49934,2.28
2026-01-02,3264,欣銓科技,68060,1.4
2026-01-02,3324,雙鴻科技,20500,3.34
2026-01-02,3374,精材科技,23500,0.55
2026-01-02,3491,昇達科技,17300,1.98
2026-01-02,3529,力旺電子,9920,2.78
2026-01-02,3680,家登精密工業,12900,0.78
2026-01-02,4749,新應材,10200,1.56
2026-01-02,5274,信驊科技,4370,5.17
2026-01-02,5289,宜鼎國際,37746,3.66
2026-01-02,5347,世界先進積體電路,177404,2.67
2026-01-02,5483,中美矽晶製品,98300,1.77
2026-01-02,5536,聖暉工程科技,51100,6.34
2026-01-02,5904,寶雅國際,19659,1.43
2026-01-02,6121,新普科技,83090,4.77
2026-01-02,6147,頎邦科技,114990,1.02
2026-01-02,6187,萬潤科技,7782,0.47
2026-01-02,6223,旺矽科技,12200,4.49
2026-01-02,6274,台燿科技,113470,8.9
2026-01-02,6488,環球晶圓,42210,2.77
2026-01-02,6510,中華精測科技,3400,1.27
2026-01-02,8069,元太科技工業,426910,14.0
2026-01-02,8299,群聯電子,27530,6.48
2026-01-02,8358,金居開發,61000,2.88
2026-01-06,1785,光洋應用材料科技,208100,2.37
2026-01-06,1815,富喬工業,136000,2.11
2026-01-06,3081,聯亞光電工業,26400,2.83
2026-01-06,3105,穩懋半導體,62000,2.01
2026-01-06,3211,順達科技,54000,3.01
2026-01-06,3227,原相科技,17680,0.66
2026-01-06,3260,威剛科技,45934,2.34
2026-01-06,3264,欣銓科技,62060,1.38
2026-01-06,3324,雙鴻科技,19500,3.45
2026-01-06,3374,精材科技,21500,0.58
2026-01-06,3491,昇達科技,16300,2.2
2026-01-06,3529,力旺電子,8920,2.72
2026-01-06,3680,家登精密工業,11900,0.9
2026-01-06,4749,新應材,10200,1.73
2026-01-06,5274,信驊科技,3370,4.27
2026-01-06,5289,宜鼎國際,34746,3.83
2026-01-06,5347,世界先進積體電路,162404,2.85
2026-01-06,5483,中美矽晶製品,90300,1.88
2026-01-06,5536,聖暉工程科技,47100,6.79
2026-01-06,5904,寶雅國際,18659,1.45
2026-01-06,6121,新普科技,77090,4.81
2026-01-06,6147,頎邦科技,104990,1.0
2026-01-06,6187,萬潤科技,6782,0.48
2026-01-06,6223,旺矽科技,11200,4.24
2026-01-06,6274,台燿科技,103470,8.68
2026-01-06,6488,環球晶圓,39210,2.99
2026-01-06,6510,中華精測科技,2400,0.99
2026-01-06,8069,元太科技工業,392910,12.93
2026-01-06,8299,群聯電子,25530,7.26
2026-01-06,8358,金居開發,56000,2.69
2026-01-13,1785,光洋應用材料科技,208100,2.34
2026-01-13,1815,富喬工業,136000,2.03
2026-01-13,3081,聯亞光電工業,26400,3.02
2026-01-13,3105,穩懋半導體,62000,2.26
2026-01-13,3211,順達科技,54000,2.75
2026-01-13,3227,原相科技,17680,0.64
2026-01-13,3260,威剛科技,45934,2.13
2026-01-13,3264,欣銓科技,62060,1.41
2026-01-13,3324,雙鴻科技,19500,3.22
2026-01-13,3374,精材科技,21500,0.66
2026-01-13,3491,昇達科技,16300,2.28
2026-01-13,3529,力旺電子,8920,2.61
2026-01-13,3680,家登精密工業,11900,0.88
2026-01-13,4749,新應材,10200,1.63
2026-01-13,5274,信驊科技,3370,4.69
2026-01-13,5289,宜鼎國際,34746,3.9
2026-01-13,5347,世界先進積體電路,162404,3.32
2026-01-13,5483,中美矽晶製品,90300,1.84
2026-01-13,5536,聖暉工程科技,47100,6.65
2026-01-13,5904,寶雅國際,18659,1.42
2026-01-13,6121,新普科技,77090,4.84
2026-01-13,6147,頎邦科技,104990,1.02
2026-01-13,6187,萬潤科技,6782,0.44
2026-01-13,6223,旺矽科技,11200,4.43
2026-01-13,6274,台燿科技,103470,8.62
2026-01-13,6488,環球晶圓,39210,3.25
2026-01-13,6510,中華精測科技,2400,0.95
2026-01-13,8069,元太科技工業,392910,11.92
2026-01-13,8299,群聯電子,25530,7.86
2026-01-13,8358,金居開發,56000,2.46
2026-01-20,1785,光洋應用材料科技,199100,2.19
2026-01-20,1815,富喬工業,130500,2.47
2026-01-20,3081,聯亞光電工業,26500,3.25
2026-01-20,3105,穩懋半導體,59000,2.32
2026-01-20,3211,順達科技,52000,2.57
2026-01-20,3227,原相科技,17680,0.64
2026-01-20,3260,威剛科技,43934,2.27
2026-01-20,3264,欣銓科技,60060,1.72
2026-01-20,3324,雙鴻科技,19100,3.07
2026-01-20,3374,精材科技,20500,0.63
2026-01-20,3491,昇達科技,15500,2.45
2026-01-20,3529,力旺電子,8720,2.43
2026-01-20,3680,家登精密工業,11700,0.88
2026-01-20,4749,新應材,10000,1.49
2026-01-20,5274,信驊科技,3370,5.04
2026-01-20,5289,宜鼎國際,32746,4.37
2026-01-20,5347,世界先進積體電路,155404,3.81
2026-01-20,5483,中美矽晶製品,86300,1.78
2026-01-20,5536,聖暉工程科技,45900,5.64
2026-01-20,5904,寶雅國際,17659,1.26
2026-01-20,6121,新普科技,73590,4.55
2026-01-20,6147,頎邦科技,100990,1.04
2026-01-20,6187,萬潤科技,6782,0.44
2026-01-20,6223,旺矽科技,10200,4.33
2026-01-20,6274,台燿科技,99470,8.19
2026-01-20,6488,環球晶圓,37210,3.24
2026-01-20,6510,中華精測科技,2400,1.13
2026-01-20,8069,元太科技工業,376910,11.54
2026-01-20,8299,群聯電子,24530,8.52
2026-01-20,8358,金居開發,53000,2.6
2026-01-27,1785,光洋應用材料科技,195100,2.16
2026-01-27,1815,富喬工業,128000,2.07
2026-01-27,3081,聯亞光電工業,25900,3.59
2026-01-27,3105,穩懋半導體,58000,2.36
2026-01-27,3211,順達科技,51000,2.69
2026-01-27,3227,原相科技,17180,0.63
2026-01-27,3260,威剛科技,42934,2.58
2026-01-27,3264,欣銓科技,59560,1.64
2026-01-27,3324,雙鴻科技,18900,2.96
2026-01-27,3374,精材科技,20500,0.67
2026-01-27,3491,昇達科技,15100,2.86
2026-01-27,3529,力旺電子,8720,2.65
2026-01-27,3680,家登精密工業,11500,0.86
2026-01-27,4749,新應材,9800,1.39
2026-01-27,5274,信驊科技,3370,4.99
2026-01-27,5289,宜鼎國際,32246,4.16
2026-01-27,5347,世界先進積體電路,152404,4.11
2026-01-27,5483,中美矽晶製品,84300,1.77
2026-01-27,5536,聖暉工程科技,44900,4.97
2026-01-27,5904,寶雅國際,17359,1.16
2026-01-27,6121,新普科技,72090,4.21
2026-01-27,6147,頎邦科技,98990,0.97
2026-01-27,6187,萬潤科技,6782,0.43
2026-01-27,6223,旺矽科技,10200,4.72
2026-01-27,6274,台燿科技,97470,8.74
2026-01-27,6488,環球晶圓,36410,3.15
2026-01-27,6510,中華精測科技,2400,1.33
2026-01-27,8069,元太科技工業,369910,11.21
2026-01-27,8299,群聯電子,23530,8.44
2026-01-27,8358,金居開發,53000,2.54
2026-02-03,1785,光洋應用材料科技,205100,1.99
2026-02-03,1815,富喬工業,135000,2.08
2026-02-03,3081,聯亞光電工業,26900,4.75
2026-02-03,3105,穩懋半導體,61000,2.33
2026-02-03,3211,順達科技,53500,2.77
2026-02-03,3227,原相科技,17380,0.54
2026-02-03,3260,威剛科技,45734,2.31
2026-02-03,3264,欣銓科技,61560,1.53
2026-02-03,3324,雙鴻科技,19400,3.15
2026-02-03,3374,精材科技,21500,0.57
2026-02-03,3491,昇達科技,15900,3.28
2026-02-03,3529,力旺電子,8820,2.4
2026-02-03,3680,家登精密工業,11400,0.75
2026-02-03,4749,新應材,10300,1.4
2026-02-03,5274,信驊科技,3870,6.11
2026-02-03,5289,宜鼎國際,34246,4.35
2026-02-03,5347,世界先進積體電路,160404,3.51
2026-02-03,5483,中美矽晶製品,87300,1.61
2026-02-03,5536,聖暉工程科技,46700,4.9
2026-02-03,5904,寶雅國際,17359,1.15
2026-02-03,6121,新普科技,76090,4.25
2026-02-03,6147,頎邦科技,102990,0.9
2026-02-03,6187,萬潤科技,6782,0.41
2026-02-03,6223,旺矽科技,11200,5.14
2026-02-03,6274,台燿科技,101470,8.27
2026-02-03,6488,環球晶圓,38410,2.94
2026-02-03,6510,中華精測科技,3000,1.83
2026-02-03,8069,元太科技工業,386910,10.65
2026-02-03,8299,群聯電子,25530,8.2
2026-02-03,8358,金居開發,55000,2.2
2026-02-10,1785,光洋應用材料科技,205100,2.0
2026-02-10,1815,富喬工業,135000,1.91
2026-02-10,3081,聯亞光電工業,26900,4.86
2026-02-10,3105,穩懋半導體,61000,2.51
2026-02-10,3211,順達科技,53500,2.42
2026-02-10,3227,原相科技,17380,0.54
2026-02-10,3260,威剛科技,45734,2.19
2026-02-10,3264,欣銓科技,61560,1.59
2026-02-10,3324,雙鴻科技,19400,3.38
2026-02-10,3374,精材科技,21500,0.57
2026-02-10,3491,昇達科技,15900,3.35
2026-02-10,3529,力旺電子,8820,2.57
2026-02-10,3680,家登精密工業,11400,0.74
2026-02-10,4749,新應材,10300,1.36
2026-02-10,5274,信驊科技,3870,5.82
2026-02-10,5289,宜鼎國際,34246,4.18
2026-02-10,5347,世界先進積體電路,160404,3.22
2026-02-10,5483,中美矽晶製品,87300,1.71
2026-02-10,5536,聖暉工程科技,46700,4.65
2026-02-10,5904,寶雅國際,17359,1.23
2026-02-10,6121,新普科技,76090,4.04
2026-02-10,6147,頎邦科技,102990,0.89
2026-02-10,6187,萬潤科技,6782,0.42
2026-02-10,6223,旺矽科技,11200,5.03
2026-02-10,6274,台燿科技,101470,8.71
2026-02-10,6488,環球晶圓,38410,3.04
2026-02-10,6510,中華精測科技,3000,1.9
2026-02-10,8069,元太科技工業,386910,11.55
2026-02-10,8299,群聯電子,25530,7.51
2026-02-10,8358,金居開發,55000,2.29
2026-02-26,1785,光洋應用材料科技,205100,1.92
2026-02-26,1815,富喬工業,134000,2.23
2026-02-26,3081,聯亞光電工業,26400,4.96
2026-02-26,3105,穩懋半導體,61000,3.1
2026-02-26,3211,順達科技,53500,2.49
2026-02-26,3227,原相科技,18380,0.57
2026-02-26,3260,威剛科技,45734,1.96
2026-02-26,3264,欣銓科技,61560,1.46
2026-02-26,3324,雙鴻科技,19400,3.37
2026-02-26,3374,精材科技,21500,0.63
2026-02-26,3491,昇達科技,15400,3.7
2026-02-26,3529,力旺電子,8620,3.28
2026-02-26,3680,家登精密工業,11400,0.73
2026-02-26,4749,新應材,10300,1.41
2026-02-26,5274,信驊科技,3770,5.52
2026-02-26,5289,宜鼎國際,34246,4.01
2026-02-26,5347,世界先進積體電路,160404,3.22
2026-02-26,5483,中美矽晶製品,87300,1.55
2026-02-26,5536,聖暉工程科技,46700,5.08
2026-02-26,5904,寶雅國際,17359,1.32
2026-02-26,6121,新普科技,76090,3.81
2026-02-26,6147,頎邦科技,103990,0.88
2026-02-26,6187,萬潤科技,6782,0.56
2026-02-26,6223,旺矽科技,11200,4.96
2026-02-26,6274,台燿科技,102470,8.4
2026-02-26,6488,環球晶圓,38410,2.63
2026-02-26,6510,中華精測科技,3000,1.69
2026-02-26,8069,元太科技工業,388910,10.92
2026-02-26,8299,群聯電子,25530,7.25
2026-02-26,8358,金居開發,56000,2.44
2026-03-06,1785,光洋應用材料科技,205100,2.13
2026-03-06,1815,富喬工業,134000,2.23
2026-03-06,3081,聯亞光電工業,26400,6.22
2026-03-06,3105,穩懋半導體,61000,2.86
2026-03-06,3211,順達科技,53500,2.7
2026-03-06,3227,原相科技,18380,0.57
2026-03-06,3260,威剛科技,45734,2.06
2026-03-06,3264,欣銓科技,61560,1.38
2026-03-06,3324,雙鴻科技,19400,3.01
2026-03-06,3374,精材科技,21500,0.6
2026-03-06,3491,昇達科技,15400,3.17
2026-03-06,3529,力旺電子,8620,3.23
2026-03-06,3680,家登精密工業,11400,0.71
2026-03-06,4749,新應材,10300,1.64
2026-03-06,5274,信驊科技,3770,5.74
2026-03-06,5289,宜鼎國際,34246,4.33
2026-03-06,5347,世界先進積體電路,160404,2.98
2026-03-06,5483,中美矽晶製品,87300,1.58
2026-03-06,5536,聖暉工程科技,46700,4.9
2026-03-06,5904,寶雅國際,17359,1.37
2026-03-06,6121,新普科技,76090,3.83
2026-03-06,6147,頎邦科技,103990,0.86
2026-03-06,6187,萬潤科技,6782,0.63
2026-03-06,6223,旺矽科技,11200,5.21
2026-03-06,6274,台燿科技,102470,8.11
2026-03-06,6488,環球晶圓,38410,2.82
2026-03-06,6510,中華精測科技,3000,1.74
2026-03-06,8069,元太科技工業,388910,10.08
2026-03-06,8299,群聯電子,25530,7.09
2026-03-06,8358,金居開發,56000,2.27
2026-03-13,1785,光洋應用材料科技,209100,2.56
2026-03-13,1815,富喬工業,134000,2.15
2026-03-13,3081,聯亞光電工業,26400,5.86
2026-03-13,3105,穩懋半導體,61000,2.85
2026-03-13,3211,順達科技,54500,2.51
2026-03-13,3227,原相科技,18380,0.54
2026-03-13,3260,威剛科技,45734,2.46
2026-03-13,3264,欣銓科技,61560,1.39
2026-03-13,3324,雙鴻科技,19400,3.06
2026-03-13,3374,精材科技,21500,0.55
2026-03-13,3491,昇達科技,15400,3.02
2026-03-13,3529,力旺電子,8620,3.2
2026-03-13,3680,家登精密工業,11600,0.66
2026-03-13,4749,新應材,10500,1.45
2026-03-13,5274,信驊科技,3870,6.07
2026-03-13,5289,宜鼎國際,34246,5.2
2026-03-13,5347,世界先進積體電路,163404,2.79
2026-03-13,5483,中美矽晶製品,89300,1.42
2026-03-13,5536,聖暉工程科技,47700,4.84
2026-03-13,5904,寶雅國際,17359,1.31
2026-03-13,6121,新普科技,77090,4.06
2026-03-13,6147,頎邦科技,105990,0.93
2026-03-13,6187,萬潤科技,6782,0.69
2026-03-13,6223,旺矽科技,11200,5.95
2026-03-13,6274,台燿科技,104470,7.77
2026-03-13,6488,環球晶圓,39410,2.55
2026-03-13,6510,中華精測科技,3000,1.73
2026-03-13,8069,元太科技工業,395910,9.04
2026-03-13,8299,群聯電子,26530,7.14
2026-03-13,8358,金居開發,56000,2.02
2026-03-20,1785,光洋應用材料科技,212100,2.78
2026-03-20,1815,富喬工業,136000,1.9
2026-03-20,3081,聯亞光電工業,26400,5.94
2026-03-20,3105,穩懋半導體,63000,2.97
2026-03-20,3211,順達科技,55500,2.48
2026-03-20,3227,原相科技,18380,0.49
2026-03-20,3260,威剛科技,46734,2.93
2026-03-20,3264,欣銓科技,63560,1.33
2026-03-20,3324,雙鴻科技,20400,2.98
2026-03-20,3374,精材科技,21500,0.5
2026-03-20,3491,昇達科技,15400,3.06
2026-03-20,3529,力旺電子,8620,3.19
2026-03-20,3680,家登精密工業,11600,0.62
2026-03-20,4749,新應材,10500,1.26
2026-03-20,5274,信驊科技,3870,6.24
2026-03-20,5289,宜鼎國際,34246,5.66
2026-03-20,5347,世界先進積體電路,166404,2.65
2026-03-20,5483,中美矽晶製品,90300,1.55
2026-03-20,5536,聖暉工程科技,48700,4.76
2026-03-20,5904,寶雅國際,17359,1.22
2026-03-20,6121,新普科技,78090,3.77
2026-03-20,6147,頎邦科技,107990,0.99
2026-03-20,6187,萬潤科技,6782,0.76
2026-03-20,6223,旺矽科技,11200,5.93
2026-03-20,6274,台燿科技,106470,8.09
2026-03-20,6488,環球晶圓,40410,2.6
2026-03-20,6510,中華精測科技,3000,1.48
2026-03-20,8069,元太科技工業,401910,8.34
2026-03-20,8299,群聯電子,26530,6.97
2026-03-20,8358,金居開發,57000,1.92
2026-03-27,1785,光洋應用材料科技,213100,2.8
2026-03-27,1815,富喬工業,139000,2.02
2026-03-27,3081,聯亞光電工業,27900,6.53
2026-03-27,3105,穩懋半導體,64000,3.33
2026-03-27,3211,順達科技,56500,2.81
2026-03-27,3227,原相科技,19380,0.5
2026-03-27,3260,威剛科技,47334,2.52
2026-03-27,3264,欣銓科技,64560,1.39
2026-03-27,3324,雙鴻科技,20400,2.76
2026-03-27,3374,精材科技,22500,0.5
2026-03-27,3491,昇達科技,16200,3.67
2026-03-27,3529,力旺電子,9120,3.51
2026-03-27,3680,家登精密工業,12000,0.67
2026-03-27,4749,新應材,10500,1.24
2026-03-27,5274,信驊科技,4020,6.32
2026-03-27,5289,宜鼎國際,34546,4.52
2026-03-27,5347,世界先進積體電路,168404,2.76
2026-03-27,5483,中美矽晶製品,92300,1.44
2026-03-27,5536,聖暉工程科技,49700,5.09
2026-03-27,5904,寶雅國際,17859,1.24
2026-03-27,6121,新普科技,79090,3.68
2026-03-27,6147,頎邦科技,109990,1.15
2026-03-27,6187,萬潤科技,7382,0.97
2026-03-27,6223,旺矽科技,11200,5.59
2026-03-27,6274,台燿科技,108470,9.23
2026-03-27,6488,環球晶圓,40410,2.46
2026-03-27,6510,中華精測科技,3100,1.37
2026-03-27,8069,元太科技工業,409910,8.15
2026-03-27,8299,群聯電子,27530,5.87
2026-03-27,8358,金居開發,58000,1.87
2026-04-07,1785,光洋應用材料科技,220100,2.62
2026-04-07,1815,富喬工業,142000,1.92
2026-04-07,3081,聯亞光電工業,27900,7.43
2026-04-07,3105,穩懋半導體,65500,3.54
2026-04-07,3211,順達科技,57500,2.73
2026-04-07,3227,原相科技,19380,0.47
2026-04-07,3260,威剛科技,48834,2.35
2026-04-07,3264,欣銓科技,66060,1.37
2026-04-07,3324,雙鴻科技,21000,2.56
2026-04-07,3374,精材科技,22500,0.47
2026-04-07,3491,昇達科技,16200,3.53
2026-04-07,3529,力旺電子,9420,3.5
2026-04-07,3680,家登精密工業,12500,0.63
2026-04-07,4749,新應材,10500,1.13
2026-04-07,5274,信驊科技,4120,6.27
2026-04-07,5289,宜鼎國際,35846,4.65
2026-04-07,5347,世界先進積體電路,168404,2.71
2026-04-07,5483,中美矽晶製品,94300,1.33
2026-04-07,5536,聖暉工程科技,50700,4.63
2026-04-07,5904,寶雅國際,18859,1.26
2026-04-07,6121,新普科技,81090,3.68
2026-04-07,6147,頎邦科技,110990,1.32
2026-04-07,6187,萬潤科技,7382,0.9
2026-04-07,6223,旺矽科技,11200,5.83
2026-04-07,6274,台燿科技,108470,9.83
2026-04-07,6488,環球晶圓,41410,2.26
2026-04-07,6510,中華精測科技,3200,1.41
2026-04-07,8069,元太科技工業,415910,7.87
2026-04-07,8299,群聯電子,28130,5.86
2026-04-07,8358,金居開發,59000,1.91
2026-04-09,1785,光洋應用材料科技,220100,2.85
2026-04-09,1815,富喬工業,142000,2.13
2026-04-09,3081,聯亞光電工業,27900,7.25
2026-04-09,3105,穩懋半導體,65500,3.53
2026-04-09,3211,順達科技,57500,2.6
2026-04-09,3227,原相科技,19380,0.45
2026-04-09,3260,威剛科技,48834,2.21
2026-04-09,3264,欣銓科技,66060,1.47
2026-04-09,3324,雙鴻科技,21000,2.57
2026-04-09,3374,精材科技,22500,0.46
2026-04-09,3491,昇達科技,16200,3.52
2026-04-09,3529,力旺電子,9420,3.34
2026-04-09,3680,家登精密工業,12500,0.64
2026-04-09,4749,新應材,10600,1.15
2026-04-09,5274,信驊科技,4120,6.39
2026-04-09,5289,宜鼎國際,35846,4.89
2026-04-09,5347,世界先進積體電路,168404,2.74
2026-04-09,5483,中美矽晶製品,94300,1.32
2026-04-09,5536,聖暉工程科技,50600,4.34
2026-04-09,5904,寶雅國際,18859,1.19
2026-04-09,6121,新普科技,81090,3.47
2026-04-09,6147,頎邦科技,110990,1.32
2026-04-09,6187,萬潤科技,7682,0.84
2026-04-09,6223,旺矽科技,11400,6.29
2026-04-09,6274,台燿科技,108470,10.69
2026-04-09,6488,環球晶圓,41410,2.29
2026-04-09,6510,中華精測科技,3200,1.35
2026-04-09,8069,元太科技工業,415910,7.4
2026-04-09,8299,群聯電子,28130,5.61
2026-04-09,8358,金居開發,59000,1.98
2026-04-10,1785,光洋應用材料科技,220100,3.05
2026-04-10,1815,富喬工業,142000,1.88
2026-04-10,3081,聯亞光電工業,27900,7.76
2026-04-10,3105,穩懋半導體,65500,3.65
2026-04-10,3211,順達科技,57500,2.59
2026-04-10,3227,原相科技,19380,0.44
2026-04-10,3260,威剛科技,48834,2.18
2026-04-10,3264,欣銓科技,66060,1.5
2026-04-10,3324,雙鴻科技,21000,2.5
2026-04-10,3374,精材科技,22500,0.45
2026-04-10,3491,昇達科技,16200,3.53
2026-04-10,3529,力旺電子,9420,3.34
2026-04-10,3680,家登精密工業,12500,0.59
2026-04-10,4749,新應材,10600,1.14
2026-04-10,5274,信驊科技,4120,6.22
2026-04-10,5289,宜鼎國際,35846,4.97
2026-04-10,5347,世界先進積體電路,168404,2.61
2026-04-10,5483,中美矽晶製品,94300,1.35
2026-04-10,5536,聖暉工程科技,50600,4.39
2026-04-10,5904,寶雅國際,18859,1.14
2026-04-10,6121,新普科技,81090,3.43
2026-04-10,6147,頎邦科技,110990,1.41
2026-04-10,6187,萬潤科技,7682,0.9
2026-04-10,6223,旺矽科技,11400,6.32
2026-04-10,6274,台燿科技,108470,10.53
2026-04-10,6488,環球晶圓,41410,2.44
2026-04-10,6510,中華精測科技,3200,1.34
2026-04-10,8069,元太科技工業,415910,7.14
2026-04-10,8299,群聯電子,28130,5.61
2026-04-10,8358,金居開發,59000,1.94
2026-04-13,1785,光洋應用材料科技,220100,3.33
2026-04-13,1815,富喬工業,142000,1.91
2026-04-13,3081,聯亞光電工業,27900,7.72
2026-04-13,3105,穩懋半導體,65500,3.58
2026-04-13,3211,順達科技,57500,2.47
2026-04-13,3227,原相科技,19380,0.43
2026-04-13,3260,威剛科技,48834,2.13
2026-04-13,3264,欣銓科技,66060,1.51
2026-04-13,3324,雙鴻科技,21000,2.35
2026-04-13,3374,精材科技,22500,0.45
2026-04-13,3491,昇達科技,16200,3.45
2026-04-13,3529,力旺電子,9420,3.55
2026-04-13,3680,家登精密工業,12500,0.57
2026-04-13,4749,新應材,10600,1.16
2026-04-13,5274,信驊科技,4120,5.98
2026-04-13,5289,宜鼎國際,35846,4.85
2026-04-13,5347,世界先進積體電路,168404,2.52
2026-04-13,5483,中美矽晶製品,94300,1.35
2026-04-13,5536,聖暉工程科技,50600,4.57
2026-04-13,5904,寶雅國際,18859,1.14
2026-04-13,6121,新普科技,81090,3.39
2026-04-13,6147,頎邦科技,110990,1.54
2026-04-13,6187,萬潤科技,7682,0.95
2026-04-13,6223,旺矽科技,11400,6.18
2026-04-13,6274,台燿科技,108470,10.38
2026-04-13,6488,環球晶圓,41410,2.47
2026-04-13,6510,中華精測科技,3200,1.31
2026-04-13,8069,元太科技工業,415910,7.34
2026-04-13,8299,群聯電子,28130,5.77
2026-04-13,8358,金居開發,59000,2.02
2026-04-14,1785,光洋應用材料科技,220100,3.53
2026-04-14,1815,富喬工業,146021,1.92
2026-04-14,3081,聯亞光電工業,29675,7.42
2026-04-14,3105,穩懋半導體,66605,3.5
2026-04-14,3211,順達科技,58262,2.35
2026-04-14,3227,原相科技,19954,0.44
2026-04-14,3260,威剛科技,49550,2.14
2026-04-14,3264,欣銓科技,67177,1.44
2026-04-14,3324,雙鴻科技,21546,2.39
2026-04-14,3374,精材科技,23416,0.48
2026-04-14,3491,昇達科技,17459,3.47
2026-04-14,3529,力旺電子,9939,3.81
2026-04-14,3680,家登精密工業,13163,0.61
2026-04-14,4749,新應材,11256,1.19
2026-04-14,5274,信驊科技,4312,6.45
2026-04-14,5289,宜鼎國際,37281,5.06
2026-04-14,5347,世界先進積體電路,174787,2.5
2026-04-14,5483,中美矽晶製品,97526,1.37
2026-04-14,5536,聖暉工程科技,51313,4.65
2026-04-14,5904,寶雅國際,20009,1.16
2026-04-14,6121,新普科技,82580,3.33
2026-04-14,6147,頎邦科技,113250,1.47
2026-04-14,6187,萬潤科技,8116,0.97
2026-04-14,6223,旺矽科技,12209,6.4
2026-04-14,6274,台燿科技,111582,11.07
2026-04-14,6488,環球晶圓,42353,2.44
2026-04-14,6510,中華精測科技,3397,1.31
2026-04-14,8069,元太科技工業,422058,7.28
2026-04-14,8299,群聯電子,28650,5.8
2026-04-14,8358,金居開發,59000,2.14
2026-04-15,1785,光洋應用材料科技,220100,3.48
2026-04-15,1815,富喬工業,146021,1.85
2026-04-15,3081,聯亞光電工業,29675,7.75
2026-04-15,3105,穩懋半導體,66605,3.36
2026-04-15,3211,順達科技,58262,2.29
2026-04-15,3227,原相科技,19954,0.43
2026-04-15,3260,威剛科技,49550,2.06
2026-04-15,3264,欣銓科技,67177,1.42
2026-04-15,3324,雙鴻科技,21546,2.36
2026-04-15,3374,精材科技,23416,0.45
2026-04-15,3491,昇達科技,17459,3.43
2026-04-15,3529,力旺電子,9939,3.78
2026-04-15,3680,家登精密工業,13163,0.6
2026-04-15,4749,新應材,11256,1.16
2026-04-15,5274,信驊科技,4312,6.75
2026-04-15,5289,宜鼎國際,37281,4.8
2026-04-15,5347,世界先進積體電路,174787,2.51
2026-04-15,5483,中美矽晶製品,97526,1.34
2026-04-15,5536,聖暉工程科技,51313,4.76
2026-04-15,5904,寶雅國際,20009,1.13
2026-04-15,6121,新普科技,82580,3.26
2026-04-15,6147,頎邦科技,113250,1.35
2026-04-15,6187,萬潤科技,8116,1.04
2026-04-15,6223,旺矽科技,12209,6.34
2026-04-15,6274,台燿科技,111582,11.91
2026-04-15,6488,環球晶圓,42353,2.47
2026-04-15,6510,中華精測科技,3397,1.38
2026-04-15,8069,元太科技工業,422058,7.17
2026-04-15,8299,群聯電子,28650,5.27
2026-04-15,8358,金居開發,59000,2.22
2026-04-16,1785,光洋應用材料科技,220100,3.45
2026-04-16,1815,富喬工業,146021,1.86
2026-04-16,3081,聯亞光電工業,29675,7.76
2026-04-16,3105,穩懋半導體,66605,3.61
2026-04-16,3211,順達科技,58262,2.24
2026-04-16,3227,原相科技,19954,0.44
2026-04-16,3260,威剛科技,49550,1.97
2026-04-16,3264,欣銓科技,67177,1.3
2026-04-16,3324,雙鴻科技,21546,2.49
2026-04-16,3374,精材科技,23416,0.48
2026-04-16,3491,昇達科技,17459,3.38
2026-04-16,3529,力旺電子,9939,4.07
2026-04-16,3680,家登精密工業,13163,0.63
2026-04-16,4749,新應材,11256,1.11
2026-04-16,5274,信驊科技,4312,6.9
2026-04-16,5289,宜鼎國際,37281,4.47
2026-04-16,5347,世界先進積體電路,174787,2.56
2026-04-16,5483,中美矽晶製品,97526,1.37
2026-04-16,5536,聖暉工程科技,51313,4.48
2026-04-16,5904,寶雅國際,20009,1.11
2026-04-16,6121,新普科技,82580,3.18
2026-04-16,6147,頎邦科技,113250,1.43
2026-04-16,6187,萬潤科技,8116,0.99
2026-04-16,6223,旺矽科技,12209,6.63
2026-04-16,6274,台燿科技,111582,11.83
2026-04-16,6488,環球晶圓,42353,2.53
2026-04-16,6510,中華精測科技,3397,1.37
2026-04-16,8069,元太科技工業,422058,7.23
2026-04-16,8299,群聯電子,28650,5.02
2026-04-16,8358,金居開發,59000,2.18
2026-04-17,1785,光洋應用材料科技,220100,3.73
2026-04-17,1815,富喬工業,146021,2.01
2026-04-17,3081,聯亞光電工業,29675,8.37
2026-04-17,3105,穩懋半導體,66605,3.9
2026-04-17,3211,順達科技,58262,2.27
2026-04-17,3227,原相科技,19954,0.43
2026-04-17,3260,威剛科技,49550,1.98
2026-04-17,3264,欣銓科技,67177,1.25
2026-04-17,3324,雙鴻科技,21546,2.42
2026-04-17,3374,精材科技,23416,0.47
2026-04-17,3491,昇達科技,17459,3.16
2026-04-17,3529,力旺電子,9939,4.39
2026-04-17,3680,家登精密工業,13163,0.61
2026-04-17,4749,新應材,11256,1.09
2026-04-17,5274,信驊科技,4312,6.46
2026-04-17,5289,宜鼎國際,37281,4.07
2026-04-17,5347,世界先進積體電路,174787,2.5
2026-04-17,5483,中美矽晶製品,97526,1.32
2026-04-17,5536,聖暉工程科技,51313,4.59
2026-04-17,5904,寶雅國際,20009,1.11
2026-04-17,6121,新普科技,82580,3.12
2026-04-17,6147,頎邦科技,113250,1.41
2026-04-17,6187,萬潤科技,8116,1.07
2026-04-17,6223,旺矽科技,12209,6.88
2026-04-17,6274,台燿科技,111582,11.47
2026-04-17,6488,環球晶圓,42353,2.32
2026-04-17,6510,中華精測科技,3397,1.38
2026-04-17,8069,元太科技工業,422058,7.1
2026-04-17,8299,群聯電子,28650,4.88
2026-04-17,8358,金居開發,59000,2.35
2026-04-20,1785,光洋應用材料科技,225600,3.63
2026-04-20,1815,富喬工業,147021,1.82
2026-04-20,3081,聯亞光電工業,29675,8.9
2026-04-20,3105,穩懋半導體,59605,3.7
2026-04-20,3131,弘塑科技,7000,2.36
2026-04-20,3211,順達科技,58262,2.25
2026-04-20,3227,原相科技,954,0.02
2026-04-20,3260,威剛科技,43550,1.63
2026-04-20,3264,欣銓科技,60177,1.18
2026-04-20,3324,雙鴻科技,21546,2.35
2026-04-20,3374,精材科技,21416,0.45
2026-04-20,3491,昇達科技,17759,3.16
2026-04-20,3529,力旺電子,8939,4.11
2026-04-20,3680,家登精密工業,11863,0.59
2026-04-20,4749,新應材,10256,1.06
2026-04-20,5274,信驊科技,3912,5.92
2026-04-20,5289,宜鼎國際,37581,4.02
2026-04-20,5347,世界先進積體電路,157787,2.3
2026-04-20,5483,中美矽晶製品,88526,1.22
2026-04-20,5536,聖暉工程科技,52313,4.73
2026-04-20,5904,寶雅國際,23009,1.25
2026-04-20,6121,新普科技,82580,3.08
2026-04-20,6147,頎邦科技,102250,1.36
2026-04-20,6187,萬潤科技,7116,0.91
2026-04-20,6223,旺矽科技,11209,6.03
2026-04-20,6274,台燿科技,112582,11.2
2026-04-20,6488,環球晶圓,38353,2.22
2026-04-20,6510,中華精測科技,3047,1.22
2026-04-20,8069,元太科技工業,438058,7.26
2026-04-20,8299,群聯電子,27650,4.74
2026-04-20,8358,金居開發,59000,2.5
2026-04-21,1785,光洋應用材料科技,225800,3.58
2026-04-21,1815,富喬工業,147821,1.8
2026-04-21,3081,聯亞光電工業,29975,9.0
2026-04-21,3105,穩懋半導體,60405,3.81
2026-04-21,3131,弘塑科技,7000,2.35
2026-04-21,3211,順達科技,59062,2.29
2026-04-21,3260,威剛科技,43550,1.75
2026-04-21,3264,欣銓科技,60177,1.27
2026-04-21,3324,雙鴻科技,22046,2.37
2026-04-21,3374,精材科技,21216,0.42
2026-04-21,3491,昇達科技,18209,3.3
2026-04-21,3529,力旺電子,8939,4.02
2026-04-21,3680,家登精密工業,11863,0.61
2026-04-21,4749,新應材,10346,1.05
2026-04-21,5274,信驊科技,3962,6.18
2026-04-21,5289,宜鼎國際,37581,4.3
2026-04-21,5347,世界先進積體電路,158687,2.25
2026-04-21,5483,中美矽晶製品,88526,1.22
2026-04-21,5536,聖暉工程科技,51913,4.72
2026-04-21,5904,寶雅國際,23709,1.32
2026-04-21,6121,新普科技,83580,3.08
2026-04-21,6147,頎邦科技,102850,1.42
2026-04-21,6187,萬潤科技,7366,1.0
2026-04-21,6223,旺矽科技,11309,5.71
2026-04-21,6274,台燿科技,112982,11.12
2026-04-21,6488,環球晶圓,38453,2.35
2026-04-21,6510,中華精測科技,3107,1.3
2026-04-21,8069,元太科技工業,439158,6.91
2026-04-21,8299,群聯電子,27450,4.95
2026-04-21,8358,金居開發,68000,2.74
2026-04-22,1785,光洋應用材料科技,225800,3.56
2026-04-22,1815,富喬工業,147821,1.7
2026-04-22,3081,聯亞光電工業,29975,9.07
2026-04-22,3105,穩懋半導體,60405,3.65
2026-04-22,3131,弘塑科技,7000,2.4
2026-04-22,3211,順達科技,59062,2.47
2026-04-22,3260,威剛科技,43550,1.85
2026-04-22,3264,欣銓科技,60177,1.27
2026-04-22,3324,雙鴻科技,22046,2.56
2026-04-22,3374,精材科技,21216,0.42
2026-04-22,3491,昇達科技,18209,3.15
2026-04-22,3529,力旺電子,8939,3.65
2026-04-22,3680,家登精密工業,11863,0.59
2026-04-22,4749,新應材,10346,1.08
2026-04-22,5274,信驊科技,3962,6.42
2026-04-22,5289,宜鼎國際,37581,4.41
2026-04-22,5347,世界先進積體電路,158687,2.32
2026-04-22,5483,中美矽晶製品,88526,1.19
2026-04-22,5536,聖暉工程科技,51913,4.68
2026-04-22,5904,寶雅國際,23709,1.31
2026-04-22,6121,新普科技,83580,3.14
2026-04-22,6147,頎邦科技,102850,1.47
2026-04-22,6187,萬潤科技,7366,1.03
2026-04-22,6223,旺矽科技,11309,5.49
2026-04-22,6274,台燿科技,112982,11.08
2026-04-22,6488,環球晶圓,38453,2.32
2026-04-22,6510,中華精測科技,3107,1.31
2026-04-22,8069,元太科技工業,439158,7.03
2026-04-22,8299,群聯電子,27450,4.91
2026-04-22,8358,金居開發,68000,2.69
2026-04-23,1785,光洋應用材料科技,229300,3.41
2026-04-23,1815,富喬工業,150121,1.67
2026-04-23,3081,聯亞光電工業,30375,9.44
2026-04-23,3105,穩懋半導體,61405,3.54
2026-04-23,3131,弘塑科技,7100,2.3
2026-04-23,3211,順達科技,59962,2.43
2026-04-23,3260,威剛科技,44550,1.82
2026-04-23,3264,欣銓科技,61777,1.26
2026-04-23,3324,雙鴻科技,22246,2.53
2026-04-23,3374,精材科技,21516,0.41
2026-04-23,3491,昇達科技,18409,2.94
2026-04-23,3529,力旺電子,9139,3.74
2026-04-23,3680,家登精密工業,12063,0.58
2026-04-23,4749,新應材,10496,1.08
2026-04-23,5274,信驊科技,4012,6.47
2026-04-23,5289,宜鼎國際,38581,4.39
2026-04-23,5347,世界先進積體電路,161187,2.26
2026-04-23,5483,中美矽晶製品,89726,1.16
2026-04-23,5536,聖暉工程科技,52713,5.15
2026-04-23,5904,寶雅國際,24009,1.31
2026-04-23,6121,新普科技,84480,3.16
2026-04-23,6147,頎邦科技,104450,1.44
2026-04-23,6187,萬潤科技,7466,0.96
2026-04-23,6223,旺矽科技,11459,5.65
2026-04-23,6274,台燿科技,114682,11.18
2026-04-23,6488,環球晶圓,39053,2.3
2026-04-23,6510,中華精測科技,3157,1.25
2026-04-23,8069,元太科技工業,445858,6.74
2026-04-23,8299,群聯電子,27850,4.88
2026-04-23,8358,金居開發,69000,2.63
2026-04-24,1785,光洋應用材料科技,229300,3.42
2026-04-24,1815,富喬工業,150121,1.66
2026-04-24,3081,聯亞光電工業,30375,8.74
2026-04-24,3105,穩懋半導體,61405,3.43
2026-04-24,3131,弘塑科技,7100,2.27
2026-04-24,3211,順達科技,59962,2.34
2026-04-24,3260,威剛科技,44550,1.82
2026-04-24,3264,欣銓科技,61777,1.32
2026-04-24,3324,雙鴻科技,22246,2.76
2026-04-24,3374,精材科技,21516,0.44
2026-04-24,3491,昇達科技,18409,2.95
2026-04-24,3529,力旺電子,9139,3.64
2026-04-24,3680,家登精密工業,12063,0.57
2026-04-24,4749,新應材,10496,1.05
2026-04-24,5274,信驊科技,4012,6.7
2026-04-24,5289,宜鼎國際,38581,4.27
2026-04-24,5347,世界先進積體電路,161187,2.31
2026-04-24,5483,中美矽晶製品,89726,1.19
2026-04-24,5536,聖暉工程科技,52713,5.23
2026-04-24,5904,寶雅國際,24009,1.32
2026-04-24,6121,新普科技,84480,3.2
2026-04-24,6147,頎邦科技,104450,1.55
2026-04-24,6187,萬潤科技,7466,0.89
2026-04-24,6223,旺矽科技,11459,5.44
2026-04-24,6274,台燿科技,114682,12.23
2026-04-24,6488,環球晶圓,39053,2.32
2026-04-24,6510,中華精測科技,3157,1.17
2026-04-24,8069,元太科技工業,445858,6.55
2026-04-24,8299,群聯電子,27850,4.78
2026-04-24,8358,金居開發,69000,2.53
2026-04-28,1785,光洋應用材料科技,225295,3.83
2026-04-28,1815,富喬工業,147515,1.74
2026-04-28,3081,聯亞光電工業,29976,7.82
2026-04-28,3105,穩懋半導體,61360,3.19
2026-04-28,3131,弘塑科技,7021,2.1
2026-04-28,3211,順達科技,58962,2.3
2026-04-28,3260,威剛科技,43913,2.21
2026-04-28,3264,欣銓科技,60777,1.26
2026-04-28,3324,雙鴻科技,22093,2.63
2026-04-28,3374,精材科技,21221,0.47
2026-04-28,3491,昇達科技,18169,3.06
2026-04-28,3529,力旺電子,9007,3.74
2026-04-28,3680,家登精密工業,11928,0.61
2026-04-28,4749,新應材,10323,1.07
2026-04-28,5274,信驊科技,3957,6.63
2026-04-28,5289,宜鼎國際,37937,5.15
2026-04-28,5347,世界先進積體電路,158187,2.4
2026-04-28,5483,中美矽晶製品,88385,1.24
2026-04-28,5536,聖暉工程科技,51713,4.74
2026-04-28,5904,寶雅國際,23686,1.34
2026-04-28,6121,新普科技,83422,3.12
2026-04-28,6147,頎邦科技,102450,1.54
2026-04-28,6187,萬潤科技,7367,0.85
2026-04-28,6223,旺矽科技,11297,5.74
2026-04-28,6274,台燿科技,112752,11.33
2026-04-28,6488,環球晶圓,38381,2.32
2026-04-28,6510,中華精測科技,3128,1.21
2026-04-28,8069,元太科技工業,438218,6.39
2026-04-28,8299,群聯電子,27419,5.62
2026-04-28,8358,金居開發,68201,2.57
2026-05-06,1785,光洋應用材料科技,225295,3.57
2026-05-06,1815,富喬工業,147515,1.57
2026-05-06,3081,聯亞光電工業,29976,7.48
2026-05-06,3105,穩懋半導體,61360,2.88
2026-05-06,3131,弘塑科技,7021,2.11
2026-05-06,3211,順達科技,58962,2.07
2026-05-06,3260,威剛科技,43913,1.9
2026-05-06,3264,欣銓科技,60777,1.29
2026-05-06,3324,雙鴻科技,22093,2.29
2026-05-06,3374,精材科技,21221,0.4
2026-05-06,3491,昇達科技,18169,2.77
2026-05-06,3529,力旺電子,9007,3.72
2026-05-06,3680,家登精密工業,11928,0.65
2026-05-06,4749,新應材,10323,0.98
2026-05-06,5274,信驊科技,3957,6.95
2026-05-06,5289,宜鼎國際,37937,5.26
2026-05-06,5347,世界先進積體電路,158187,2.51
2026-05-06,5483,中美矽晶製品,88385,1.21
2026-05-06,5536,聖暉工程科技,51713,4.26
2026-05-06,5904,寶雅國際,23686,1.33
2026-05-06,6121,新普科技,83422,2.85
2026-05-06,6147,頎邦科技,102450,1.68
2026-05-06,6187,萬潤科技,7367,0.84
2026-05-06,6223,旺矽科技,11297,5.25
2026-05-06,6274,台燿科技,112752,13.94
2026-05-06,6488,環球晶圓,38381,2.6
2026-05-06,6510,中華精測科技,3128,1.12
2026-05-06,8069,元太科技工業,438218,5.99
2026-05-06,8299,群聯電子,27419,5.99
2026-05-06,8358,金居開發,68201,2.94
2026-05-13,1785,光洋應用材料科技,236146,3.04
2026-05-13,1815,富喬工業,154999,1.37
2026-05-13,3081,聯亞光電工業,31363,7.44
2026-05-13,3105,穩懋半導體,63260,2.62
2026-05-13,3131,弘塑科技,7235,1.83
2026-05-13,3211,順達科技,61886,2.02
2026-05-13,3260,威剛科技,46246,1.68
2026-05-13,3264,欣銓科技,63767,1.23
2026-05-13,3324,雙鴻科技,23115,2.06
2026-05-13,3374,精材科技,21864,0.43
2026-05-13,3491,昇達科技,19009,2.74
2026-05-13,3529,力旺電子,9281,3.05
2026-05-13,3680,家登精密工業,12291,0.61
2026-05-13,4749,新應材,10637,1.01
2026-05-13,5274,信驊科技,4141,6.18
2026-05-13,5289,宜鼎國際,39692,5.87
2026-05-13,5347,世界先進積體電路,166209,2.34
2026-05-13,5483,中美矽晶製品,92224,1.15
2026-05-13,5536,聖暉工程科技,54413,4.33
2026-05-13,5904,寶雅國際,24782,1.17
2026-05-13,6121,新普科技,87959,2.8
2026-05-13,6147,頎邦科技,107750,1.73
2026-05-13,6187,萬潤科技,7653,0.78
2026-05-13,6223,旺矽科技,11820,5.66
2026-05-13,6274,台燿科技,117545,14.26
2026-05-13,6488,環球晶圓,40311,2.53
2026-05-13,6510,中華精測科技,3223,1.02
2026-05-13,8069,元太科技工業,437415,7.87
2026-05-13,8299,群聯電子,28687,6.29
2026-05-13,8358,金居開發,71273,2.72
2026-05-20,1785,光洋應用材料科技,239676,2.95
2026-05-20,1815,富喬工業,156931,1.39
2026-05-20,3081,聯亞光電工業,31890,7.33
2026-05-20,3105,穩懋半導體,64213,2.56
2026-05-20,3131,弘塑科技,7469,1.72
2026-05-20,3211,順達科技,62760,1.94
2026-05-20,3260,威剛科技,46715,1.69
2026-05-20,3264,欣銓科技,64767,1.19
2026-05-20,3324,雙鴻科技,23503,1.97
2026-05-20,3374,精材科技,22574,0.46
2026-05-20,3491,昇達科技,19329,3.02
2026-05-20,3529,力旺電子,9582,2.89
2026-05-20,3680,家登精密工業,12690,0.57
2026-05-20,4749,新應材,10982,0.97
2026-05-20,5274,信驊科技,4200,5.82
2026-05-20,5289,宜鼎國際,40359,6.03
2026-05-20,5347,世界先進積體電路,168510,2.39
2026-05-20,5483,中美矽晶製品,94025,1.13
2026-05-20,5536,聖暉工程科技,55146,4.5
2026-05-20,5904,寶雅國際,25199,1.25
2026-05-20,6121,新普科技,88746,2.97
2026-05-20,6147,頎邦科技,109182,2.1
2026-05-20,6187,萬潤科技,7837,0.76
2026-05-20,6223,旺矽科技,12018,6.08
2026-05-20,6274,台燿科技,119945,12.9
2026-05-20,6488,環球晶圓,40832,2.32
2026-05-20,6510,中華精測科技,3318,1.0
2026-05-20,8069,元太科技工業,465415,9.54
2026-05-20,8299,群聯電子,29169,5.89
2026-05-20,8358,金居開發,72473,2.97
2026-05-27,1785,光洋應用材料科技,213676,2.64
2026-05-27,1815,富喬工業,139808,1.25
2026-05-27,3081,聯亞光電工業,28427,7.09
2026-05-27,3105,穩懋半導體,57213,2.77
2026-05-27,3131,弘塑科技,6659,1.97
2026-05-27,3211,順達科技,55760,2.24
2026-05-27,3260,威剛科技,41648,1.49
2026-05-27,3264,欣銓科技,57744,1.15
2026-05-27,3324,雙鴻科技,20689,1.85
2026-05-27,3374,精材科技,19831,0.43
2026-05-27,3491,昇達科技,17233,3.1
2026-05-27,3529,力旺電子,8543,2.43
2026-05-27,3680,家登精密工業,11314,0.54
2026-05-27,4749,新應材,9791,0.94
2026-05-27,5274,信驊科技,3744,5.9
2026-05-27,5289,宜鼎國際,35982,5.29
2026-05-27,5347,世界先進積體電路,150210,2.16
2026-05-27,5483,中美矽晶製品,83828,1.17
2026-05-27,5536,聖暉工程科技,48788,4.68
2026-05-27,5904,寶雅國際,22252,1.07
2026-05-27,6121,新普科技,78746,2.7
2026-05-27,6147,頎邦科技,97344,2.23
2026-05-27,6187,萬潤科技,6988,0.68
2026-05-27,6223,旺矽科技,10715,5.92
2026-05-27,6274,台燿科技,106645,15.04
2026-05-27,6488,環球晶圓,36403,2.93
2026-05-27,6510,中華精測科技,2957,0.82
2026-05-27,8069,元太科技工業,415415,8.94
2026-05-27,8299,群聯電子,25917,5.56
2026-05-27,8358,金居開發,65773,3.18
2026-06-03,1785,光洋應用材料科技,220676,2.59
2026-06-03,1815,富喬工業,143808,1.27
2026-06-03,3081,聯亞光電工業,29327,6.87
2026-06-03,3105,穩懋半導體,59213,2.53
2026-06-03,3131,弘塑科技,6889,1.83
2026-06-03,3211,順達科技,57760,2.22
2026-06-03,3260,威剛科技,43101,1.65
2026-06-03,3264,欣銓科技,59744,1.14
2026-06-03,3324,雙鴻科技,21589,2.29
2026-06-03,3374,精材科技,20731,0.47
2026-06-03,3491,昇達科技,17827,2.98
2026-06-03,3529,力旺電子,8838,2.61
2026-06-03,3680,家登精密工業,11704,0.52
2026-06-03,4749,新應材,10129,0.9
2026-06-03,5274,信驊科技,3873,5.77
2026-06-03,5289,宜鼎國際,37223,5.83
2026-06-03,5347,世界先進積體電路,155210,2.16
2026-06-03,5483,中美矽晶製品,85828,1.19
2026-06-03,5536,聖暉工程科技,50788,4.44
2026-06-03,5904,寶雅國際,23152,1.09
2026-06-03,6121,新普科技,81746,2.76
2026-06-03,6147,頎邦科技,100344,2.29
2026-06-03,6187,萬潤科技,7228,0.64
2026-06-03,6223,旺矽科技,11085,5.42
2026-06-03,6274,台燿科技,110645,15.51
2026-06-03,6488,環球晶圓,37659,2.96
2026-06-03,6510,中華精測科技,3060,0.84
2026-06-03,8069,元太科技工業,429415,8.09
2026-06-03,8299,群聯電子,26817,5.96
2026-06-03,8358,金居開發,66917,3.41
2026-06-10,1785,光洋應用材料科技,220676,2.72
2026-06-10,1815,富喬工業,143808,1.22
2026-06-10,3081,聯亞光電工業,29327,6.12
2026-06-10,3105,穩懋半導體,59213,2.63
2026-06-10,3131,弘塑科技,6889,1.99
2026-06-10,3211,順達科技,57760,2.18
2026-06-10,3260,威剛科技,43101,1.56
2026-06-10,3264,欣銓科技,59744,1.18
2026-06-10,3324,雙鴻科技,21589,2.03
2026-06-10,3374,精材科技,20731,0.43
2026-06-10,3491,昇達科技,17827,2.71
2026-06-10,3529,力旺電子,8838,2.45
2026-06-10,3680,家登精密工業,11704,0.54
2026-06-10,4749,新應材,10129,0.87
2026-06-10,5274,信驊科技,3873,6.07
2026-06-10,5289,宜鼎國際,37223,6.22
2026-06-10,5347,世界先進積體電路,155210,2.2
2026-06-10,5483,中美矽晶製品,85828,1.15
2026-06-10,5536,聖暉工程科技,50788,5.15
2026-06-10,5904,寶雅國際,23152,1.3
2026-06-10,6121,新普科技,81746,3.06
2026-06-10,6147,頎邦科技,100344,2.11
2026-06-10,6187,萬潤科技,7228,0.72
2026-06-10,6223,旺矽科技,11085,5.95
2026-06-10,6274,台燿科技,110645,15.44
2026-06-10,6488,環球晶圓,37659,2.71
2026-06-10,6510,中華精測科技,3060,0.91
2026-06-10,8069,元太科技工業,429415,7.63
2026-06-10,8299,群聯電子,26817,5.38
2026-06-10,8358,金居開發,66917,3.45
2026-06-17,1785,光洋應用材料科技,220676,2.73
2026-06-17,1815,富喬工業,143808,1.18
2026-06-17,3081,聯亞光電工業,29327,5.67
2026-06-17,3105,穩懋半導體,59213,2.65
2026-06-17,3131,弘塑科技,6889,1.93
2026-06-17,3211,順達科技,57760,2.13
2026-06-17,3260,威剛科技,43101,1.55
2026-06-17,3264,欣銓科技,59744,1.09
2026-06-17,3324,雙鴻科技,21589,1.95
2026-06-17,3374,精材科技,20731,0.44
2026-06-17,3491,昇達科技,17827,2.38
2026-06-17,3529,力旺電子,8838,2.4
2026-06-17,3680,家登精密工業,11704,0.52
2026-06-17,4749,新應材,10129,0.82
2026-06-17,5274,信驊科技,3873,6.17
2026-06-17,5289,宜鼎國際,37223,5.95
2026-06-17,5347,世界先進積體電路,155210,2.23
2026-06-17,5483,中美矽晶製品,85828,1.35
2026-06-17,5536,聖暉工程科技,50788,5.21
2026-06-17,5904,寶雅國際,23152,1.23
2026-06-17,6121,新普科技,81746,2.87
2026-06-17,6147,頎邦科技,100344,1.98
2026-06-17,6187,萬潤科技,7228,0.72
2026-06-17,6223,旺矽科技,11085,6.13
2026-06-17,6274,台燿科技,110645,15.93
2026-06-17,6488,環球晶圓,37659,3.57
2026-06-17,6510,中華精測科技,3060,0.93
2026-06-17,8069,元太科技工業,429415,7.35
2026-06-17,8299,群聯電子,26817,5.38
2026-06-17,8358,金居開發,66917,3.69
2026-06-25,1785,光洋應用材料科技,220676,2.68
2026-06-25,1815,富喬工業,143808,1.31
2026-06-25,3081,聯亞光電工業,29327,5.3
2026-06-25,3105,穩懋半導體,59213,2.34
2026-06-25,3131,弘塑科技,6889,2.1
2026-06-25,3211,順達科技,57760,2.01
2026-06-25,3260,威剛科技,43101,1.51
2026-06-25,3264,欣銓科技,59744,1.16
2026-06-25,3324,雙鴻科技,21589,1.86
2026-06-25,3374,精材科技,20731,0.53
2026-06-25,3491,昇達科技,17827,2.04
2026-06-25,3529,力旺電子,8838,2.45
2026-06-25,3680,家登精密工業,11704,0.5
2026-06-25,4749,新應材,10129,0.8
2026-06-25,5274,信驊科技,3873,5.75
2026-06-25,5289,宜鼎國際,37223,5.52
2026-06-25,5347,世界先進積體電路,155210,2.91
2026-06-25,5483,中美矽晶製品,85828,1.28
2026-06-25,5536,聖暉工程科技,50788,5.85
2026-06-25,5904,寶雅國際,23152,1.3
2026-06-25,6121,新普科技,81746,2.95
2026-06-25,6147,頎邦科技,100344,2.06
2026-06-25,6187,萬潤科技,7228,0.68
2026-06-25,6223,旺矽科技,11085,6.53
2026-06-25,6274,台燿科技,110645,16.04
2026-06-25,6488,環球晶圓,37659,3.34
2026-06-25,6510,中華精測科技,3060,0.89
2026-06-25,8069,元太科技工業,429415,7.2
2026-06-25,8299,群聯電子,26817,5.66
2026-06-25,8358,金居開發,66917,3.59
2026-07-02,1785,光洋應用材料科技,245676,3.14
2026-07-02,1815,富喬工業,151808,1.3
2026-07-02,3081,聯亞光電工業,33498,5.47
2026-07-02,3105,穩懋半導體,63442,2.2
2026-07-02,3131,弘塑科技,2391,0.79
2026-07-02,3211,順達科技,56526,1.93
2026-07-02,3260,威剛科技,46674,1.6
2026-07-02,3264,欣銓科技,63744,1.34
2026-07-02,3324,雙鴻科技,21162,1.85
2026-07-02,3374,精材科技,22303,0.59
2026-07-02,3491,昇達科技,17403,1.85
2026-07-02,3529,力旺電子,9467,2.37
2026-07-02,3680,家登精密工業,12543,0.59
2026-07-02,4749,新應材,10985,0.86
2026-07-02,5274,信驊科技,4150,6.2
2026-07-02,5289,宜鼎國際,36366,5.25
2026-07-02,5347,世界先進積體電路,166210,2.77
2026-07-02,5483,中美矽晶製品,92828,1.57
2026-07-02,5536,聖暉工程科技,49652,5.98
2026-07-02,5904,寶雅國際,27226,1.6
2026-07-02,6121,新普科技,79907,2.81
2026-07-02,6147,頎邦科技,107344,1.91
2026-07-02,6187,萬潤科技,7816,0.66
2026-07-02,6223,旺矽科技,11874,7.25
2026-07-02,6274,台燿科技,106323,15.14
2026-07-02,6488,環球晶圓,39618,4.02
2026-07-02,6510,中華精測科技,3288,0.9
2026-07-02,8069,元太科技工業,419415,7.26
2026-07-02,8299,群聯電子,28861,5.44
2026-07-02,8358,金居開發,70530,3.39
2026-07-09,1785,光洋應用材料科技,292676,3.13
2026-07-09,1815,富喬工業,180808,1.28
2026-07-09,3081,聯亞光電工業,39460,5.92
2026-07-09,3105,穩懋半導體,74942,2.28
2026-07-09,3131,弘塑科技,2774,0.69
2026-07-09,3211,順達科技,66126,2.24
2026-07-09,3260,威剛科技,55174,1.69
2026-07-09,3264,欣銓科技,75744,1.33
2026-07-09,3324,雙鴻科技,24664,1.7
2026-07-09,3374,精材科技,25940,0.69
2026-07-09,3491,昇達科技,20175,1.92
2026-07-09,3529,力旺電子,11115,2.17
2026-07-09,3680,家登精密工業,14527,0.54
2026-07-09,4749,新應材,12896,0.84
2026-07-09,5274,信驊科技,5306,5.42
2026-07-09,5289,宜鼎國際,42734,4.89
2026-07-09,5347,世界先進積體電路,197210,2.55
2026-07-09,5483,中美矽晶製品,109828,1.73
2026-07-09,5536,聖暉工程科技,58452,5.31
2026-07-09,5904,寶雅國際,32150,1.73
2026-07-09,6121,新普科技,95007,2.99
2026-07-09,6147,頎邦科技,127344,2.07
2026-07-09,6187,萬潤科技,8938,0.7
2026-07-09,6223,旺矽科技,13779,7.29
2026-07-09,6274,台燿科技,125980,14.77
2026-07-09,6488,環球晶圓,47413,4.79
2026-07-09,6510,中華精測科技,3878,0.83
2026-07-09,8069,元太科技工業,499415,7.49
2026-07-09,8299,群聯電子,33811,5.61
2026-07-09,8358,金居開發,82830,3.3
2026-07-17,1785,光洋應用材料科技,334676,2.7
2026-07-17,1815,富喬工業,206808,1.26
2026-07-17,3081,聯亞光電工業,50050,5.55
2026-07-17,3105,穩懋半導體,86242,2.15
2026-07-17,3131,弘塑科技,3253,0.71
2026-07-17,3211,順達科技,76826,2.22
2026-07-17,3260,威剛科技,63474,1.74
2026-07-17,3264,欣銓科技,86744,1.39
2026-07-17,3324,雙鴻科技,28789,1.97
2026-07-17,3374,精材科技,30339,0.82
2026-07-17,3491,昇達科技,22280,2.26
2026-07-17,3529,力旺電子,12115,2.13
2026-07-17,3680,家登精密工業,17066,0.59
2026-07-17,4749,新應材,15079,0.9
2026-07-17,5274,信驊科技,6215,6.03
2026-07-17,5289,宜鼎國際,49394,4.72
2026-07-17,5347,世界先進積體電路,226210,2.87
2026-07-17,5483,中美矽晶製品,125828,2.22
2026-07-17,5536,聖暉工程科技,67452,5.76
2026-07-17,5904,寶雅國際,37039,1.71
2026-07-17,6121,新普科技,108607,3.02
2026-07-17,6147,頎邦科技,146344,1.96
2026-07-17,6187,萬潤科技,10633,0.78
2026-07-17,6223,旺矽科技,16154,6.78
2026-07-17,6274,台燿科技,143980,12.62
2026-07-17,6488,環球晶圓,54845,5.1
2026-07-17,6510,中華精測科技,4476,0.87
2026-07-17,8069,元太科技工業,570415,7.76
2026-07-17,8299,群聯電子,39263,5.25
2026-07-17,8358,金居開發,95930,2.87
2026-07-24,1785,光洋應用材料科技,340676,2.65
2026-07-24,1815,富喬工業,210808,1.14
2026-07-24,3081,聯亞光電工業,51050,6.59
2026-07-24,3105,穩懋半導體,87742,2.2
2026-07-24,3131,弘塑科技,3253,0.68
2026-07-24,3211,順達科技,78126,2.19
2026-07-24,3260,威剛科技,64474,1.81
2026-07-24,3264,欣銓科技,87744,1.35
2026-07-24,3324,雙鴻科技,29275,2.02
2026-07-24,3374,精材科技,30339,0.81
2026-07-24,3491,昇達科技,23780,2.07
2026-07-24,3529,力旺電子,13115,2.38
2026-07-24,3680,家登精密工業,17066,0.58
2026-07-24,4749,新應材,15334,0.87
2026-07-24,5274,信驊科技,6330,6.84
2026-07-24,5289,宜鼎國際,50394,5.06
2026-07-24,5347,世界先進積體電路,230210,2.65
2026-07-24,5483,中美矽晶製品,127828,1.91
2026-07-24,5536,聖暉工程科技,68652,5.64
2026-07-24,5904,寶雅國際,37664,1.8
2026-07-24,6121,新普科技,110507,3.1
2026-07-24,6147,頎邦科技,148344,1.72
2026-07-24,6187,萬潤科技,10633,0.73
2026-07-24,6223,旺矽科技,16427,6.87
2026-07-24,6274,台燿科技,146980,13.47
2026-07-24,6488,環球晶圓,55745,4.21
2026-07-24,6510,中華精測科技,4562,0.87
2026-07-24,8069,元太科技工業,580415,8.13
2026-07-24,8299,群聯電子,39263,5.25
2026-07-24,8358,金居開發,97530,2.62
2026-07-31,1785,光洋應用材料科技,333676,2.72
2026-07-31,1815,富喬工業,205808,1.12
2026-07-31,3081,聯亞光電工業,49850,6.67
2026-07-31,3105,穩懋半導體,85742,2.07
2026-07-31,3131,弘塑科技,3253,0.63
2026-07-31,3211,順達科技,76526,1.84
2026-07-31,3260,威剛科技,63174,2.07
2026-07-31,3264,欣銓科技,85744,1.25
2026-07-31,3324,雙鴻科技,28651,2.12
2026-07-31,3374,精材科技,30339,0.69
2026-07-31,3491,昇達科技,23563,1.88
2026-07-31,3529,力旺電子,12818,2.61
2026-07-31,3680,家登精密工業,17066,0.56
2026-07-31,4749,新應材,15007,0.89
2026-07-31,5274,信驊科技,6195,7.39
2026-07-31,5289,宜鼎國際,49194,5.23
2026-07-31,5347,世界先進積體電路,225210,2.8
2026-07-31,5483,中美矽晶製品,124828,1.61
2026-07-31,5536,聖暉工程科技,67152,5.1
2026-07-31,5904,寶雅國際,37664,2.23
2026-07-31,6121,新普科技,108107,3.13
2026-07-31,6147,頎邦科技,145344,1.55
2026-07-31,6187,萬潤科技,10633,0.81
2026-07-31,6223,旺矽科技,16076,6.97
2026-07-31,6274,台燿科技,142980,13.06
2026-07-31,6488,環球晶圓,54645,3.84
2026-07-31,6510,中華精測科技,4465,0.92
2026-07-31,8069,元太科技工業,568415,8.82
2026-07-31,8299,群聯電子,39075,5.26
2026-07-31,8358,金居開發,95630,2.34
2026-08-07,1785,光洋應用材料科技,332676,2.7
2026-08-07,1815,富喬工業,205808,1.25
2026-08-07,3081,聯亞光電工業,49816,8.13
2026-08-07,3105,穩懋半導體,85742,2.22
2026-08-07,3131,弘塑科技,3233,0.55
2026-08-07,3211,順達科技,76326,1.83
2026-08-07,3260,威剛科技,63074,1.86
2026-08-07,3264,欣銓科技,85744,1.26
2026-08-07,3324,雙鴻科技,28609,2.06
2026-08-07,3374,精材科技,30153,0.65
2026-08-07,3491,昇達科技,23528,2.06
2026-08-07,3529,力旺電子,12799,2.47
2026-08-07,3680,家登精密工業,16958,0.53
2026-08-07,4749,新應材,14986,0.86
2026-08-07,5274,信驊科技,6186,7.16
2026-08-07,5289,宜鼎國際,49165,5.22
2026-08-07,5347,世界先進積體電路,224210,2.28
2026-08-07,5483,中美矽晶製品,124828,1.49
2026-08-07,5536,聖暉工程科技,67052,5.03
2026-08-07,5904,寶雅國際,376640,1.92
2026-08-07,6121,新普科技,108007,2.85
2026-08-07,6147,頎邦科技,145344,1.51
2026-08-07,6187,萬潤科技,10567,0.85
2026-08-07,6223,旺矽科技,16053,6.93
2026-08-07,6274,台燿科技,142980,14.57
2026-08-07,6488,環球晶圓,54445,3.36
2026-08-07,6510,中華精測科技,4458,0.85
2026-08-07,8069,元太科技工業,567415,7.87
2026-08-07,8299,群聯電子,39018,5.58
2026-08-07,8358,金居開發,95330,2.38
2026-08-14,1785,光洋應用材料科技,336676,2.34
2026-08-14,1815,富喬工業,207808,1.27
2026-08-14,3081,聯亞光電工業,50350,8.51
2026-08-14,3105,穩懋半導體,86642,2.18
2026-08-14,3131,弘塑科技,3268,0.55
2026-08-14,3211,順達科技,77126,2.01
2026-08-14,3260,威剛科技,63774,1.71
2026-08-14,3264,欣銓科技,86744,1.3
2026-08-14,3324,雙鴻科技,28920,1.94
2026-08-14,3374,精材科技,30477,0.66
2026-08-14,3491,昇達科技,23783,2.18
2026-08-14,3529,力旺電子,12938,2.29
2026-08-14,3680,家登精密工業,16958,0.52
2026-08-14,4749,新應材,15148,0.79
2026-08-14,5274,信驊科技,6253,7.36
2026-08-14,5289,宜鼎國際,49683,4.88
2026-08-14,5347,世界先進積體電路,227210,2.43
2026-08-14,5483,中美矽晶製品,126828,1.59
2026-08-14,5536,聖暉工程科技,67652,4.16
2026-08-14,5904,寶雅國際,367640,1.93
2026-08-14,6121,新普科技,109107,2.99
2026-08-14,6147,頎邦科技,147344,1.54
2026-08-14,6187,萬潤科技,10681,0.91
2026-08-14,6223,旺矽科技,16227,6.96
2026-08-14,6274,台燿科技,144980,16.15
2026-08-14,6488,環球晶圓,55045,3.7
2026-08-14,6510,中華精測科技,4507,0.9
2026-08-14,8069,元太科技工業,573415,6.32
2026-08-14,8299,群聯電子,39241,5.43
2026-08-14,8358,金居開發,96330,2.75
2026-08-21,1785,光洋應用材料科技,328676,2.36
2026-08-21,1815,富喬工業,203808,1.62
2026-08-21,3081,聯亞光電工業,49232,10.23
2026-08-21,3105,穩懋半導體,84642,2.25
2026-08-21,3131,弘塑科技,3175,0.52
2026-08-21,3211,順達科技,75526,1.88
2026-08-21,3260,威剛科技,62074,1.87
2026-08-21,3264,欣銓科技,84744,1.22
2026-08-21,3324,雙鴻科技,28274,1.95
2026-08-21,3374,精材科技,29795,0.65
2026-08-21,3491,昇達科技,23253,2.12
2026-08-21,3529,力旺電子,12649,1.94
2026-08-21,3680,家登精密工業,16760,0.56
2026-08-21,4749,新應材,14810,0.8
2026-08-21,5274,信驊科技,6113,6.68
2026-08-21,5289,宜鼎國際,48589,5.39
2026-08-21,5347,世界先進積體電路,222210,2.4
2026-08-21,5483,中美矽晶製品,123828,1.55
2026-08-21,5536,聖暉工程科技,66052,4.14
2026-08-21,5904,寶雅國際,363640,1.93
2026-08-21,6121,新普科技,106707,2.95
2026-08-21,6147,頎邦科技,143344,1.6
2026-08-21,6187,萬潤科技,10442,0.89
2026-08-21,6223,旺矽科技,15865,6.17
2026-08-21,6274,台燿科技,141980,15.11
2026-08-21,6488,環球晶圓,53845,3.61
2026-08-21,6510,中華精測科技,4406,0.83
2026-08-21,8069,元太科技工業,560415,6.4
2026-08-21,8299,群聯電子,38361,5.67
2026-08-21,8358,金居開發,94230,2.92
2026-08-28,1785,光洋應用材料科技,325676,2.31
2026-08-28,1815,富喬工業,201808,1.74
2026-08-28,3081,聯亞光電工業,48726,11.06
2026-08-28,3105,穩懋半導體,83642,2.52
2026-08-28,3131,弘塑科技,3112,0.53
2026-08-28,3211,順達科技,74526,2.05
2026-08-28,3260,威剛科技,61674,1.74
2026-08-28,3264,欣銓科技,83744,1.35
2026-08-28,3324,雙鴻科技,27984,2.19
2026-08-28,3374,精材科技,29595,0.78
2026-08-28,3491,昇達科技,23014,2.39
2026-08-28,3529,力旺電子,12519,2.18
2026-08-28,3680,家登精密工業,16586,0.57
2026-08-28,4749,新應材,14657,0.8
2026-08-28,5274,信驊科技,6051,6.49
2026-08-28,5289,宜鼎國際,49047,4.95
2026-08-28,5347,世界先進積體電路,219210,2.3
2026-08-28,5483,中美矽晶製品,122828,1.55
2026-08-28,5536,聖暉工程科技,65652,3.93
2026-08-28,5904,寶雅國際,359640,1.83
2026-08-28,6121,新普科技,105607,2.94
2026-08-28,6147,頎邦科技,143244,1.8
2026-08-28,6187,萬潤科技,10336,0.97
2026-08-28,6223,旺矽科技,15702,5.42
2026-08-28,6274,台燿科技,139980,14.33
2026-08-28,6488,環球晶圓,53245,3.55
2026-08-28,6510,中華精測科技,4306,0.79
2026-08-28,8069,元太科技工業,554415,6.11
2026-08-28,8299,群聯電子,37964,5.61
2026-08-28,8358,金居開發,93230,3.48
2026-09-04,1785,光洋應用材料科技,325676,2.33
2026-09-04,1815,富喬工業,201808,1.67
2026-09-04,3081,聯亞光電工業,48726,10.81
2026-09-04,3105,穩懋半導體,83642,2.63
2026-09-04,3131,弘塑科技,3112,0.52
2026-09-04,3211,順達科技,74526,2.01
2026-09-04,3260,威剛科技,61674,1.73
2026-09-04,3264,欣銓科技,83744,1.33
2026-09-04,3324,雙鴻科技,27984,2.91
2026-09-04,3374,精材科技,29595,0.89
2026-09-04,3491,昇達科技,23014,2.42
2026-09-04,3529,力旺電子,12519,2.09
2026-09-04,3680,家登精密工業,16586,0.6
2026-09-04,4749,新應材,14657,0.8
2026-09-04,5274,信驊科技,6051,7.4
2026-09-04,5289,宜鼎國際,49047,4.67
2026-09-04,5347,世界先進積體電路,219210,2.3
2026-09-04,5483,中美矽晶製品,122828,1.58
2026-09-04,5536,聖暉工程科技,65652,3.92
2026-09-04,5904,寶雅國際,359640,1.82
2026-09-04,6121,新普科技,105607,2.94
2026-09-04,6147,頎邦科技,143244,1.83
2026-09-04,6187,萬潤科技,10336,0.94
2026-09-04,6223,旺矽科技,15702,5.67
2026-09-04,6274,台燿科技,139980,13.38
2026-09-04,6488,環球晶圓,53245,3.66
2026-09-04,6510,中華精測科技,4306,1.01
2026-09-04,8069,元太科技工業,554415,5.76
2026-09-04,8299,群聯電子,37964,5.36
2026-09-04,8358,金居開發,93230,3.26
2026-09-11,1785,光洋應用材料科技,325676,2.23
2026-09-11,1815,富喬工業,211898,1.93
2026-09-11,3081,聯亞光電工業,48726,9.76
2026-09-11,3105,穩懋半導體,83642,2.61
2026-09-11,3131,弘塑科技,3112,0.52
2026-09-11,3211,順達科技,74526,1.92
2026-09-11,3260,威剛科技,61674,1.77
2026-09-11,3264,欣銓科技,83744,1.38
2026-09-11,3324,雙鴻科技,27984,2.71
2026-09-11,3374,精材科技,29595,0.98
2026-09-11,3491,昇達科技,23014,2.32
2026-09-11,3529,力旺電子,12519,2.3
2026-09-11,3680,家登精密工業,16586,0.6
2026-09-11,4749,新應材,14657,0.75
2026-09-11,5274,信驊科技,6051,7.72
2026-09-11,5289,宜鼎國際,49047,4.53
2026-09-11,5347,世界先進積體電路,219210,2.46
2026-09-11,5483,中美矽晶製品,122828,1.54
2026-09-11,5536,聖暉工程科技,65652,3.91
2026-09-11,5904,寶雅國際,359640,1.85
2026-09-11,6121,新普科技,105607,2.87
2026-09-11,6147,頎邦科技,143244,1.85
2026-09-11,6187,萬潤科技,10336,0.92
2026-09-11,6223,旺矽科技,15702,6.29
2026-09-11,6274,台燿科技,139980,13.63
2026-09-11,6488,環球晶圓,53245,3.42
2026-09-11,6510,中華精測科技,4306,1.07
2026-09-11,8069,元太科技工業,554415,5.77
2026-09-11,8299,群聯電子,37964,5.39
2026-09-11,8358,金居開發,93230,3.22
2026-09-18,1785,光洋應用材料科技,328676,2.15
2026-09-18,1815,富喬工業,213898,1.73
2026-09-18,3081,聯亞光電工業,49236,9.6
2026-09-18,3105,穩懋半導體,84742,2.87
2026-09-18,3131,弘塑科技,3140,0.52
2026-09-18,3211,順達科技,75526,1.88
2026-09-18,3260,威剛科技,62274,1.67
2026-09-18,3264,欣銓科技,83744,1.52
2026-09-18,3324,雙鴻科技,28277,2.83
2026-09-18,3374,精材科技,29801,0.9
2026-09-18,3491,昇達科技,23254,2.46
2026-09-18,3529,力旺電子,12650,2.44
2026-09-18,3680,家登精密工業,16762,0.6
2026-09-18,4749,新應材,14810,0.74
2026-09-18,5274,信驊科技,6114,7.98
2026-09-18,5289,宜鼎國際,49561,4.41
2026-09-18,5347,世界先進積體電路,222210,2.59
2026-09-18,5483,中美矽晶製品,123828,1.57
2026-09-18,5536,聖暉工程科技,66252,3.98
2026-09-18,5904,寶雅國際,363740,1.78
2026-09-18,6121,新普科技,106707,2.68
2026-09-18,6147,頎邦科技,143244,2.22
2026-09-18,6187,萬潤科技,10444,0.88
2026-09-18,6223,旺矽科技,15866,6.23
2026-09-18,6274,台燿科技,141980,13.19
2026-09-18,6488,環球晶圓,53845,3.44
2026-09-18,6510,中華精測科技,4359,1.04
2026-09-18,8069,元太科技工業,560415,5.56
2026-09-18,8299,群聯電子,38364,5.56
2026-09-18,8358,金居開發,94230,3.19
