sn,company,lead,type,units,au_units,bid_start,bid_end,open_date,min_price,raw
114001,皇普建設股份有限公司,台新綜合證券股份有限公司,無擔保轉換公司債,5000,4250,2025-01-02,2025-01-06,2025-01-07,101.00,"114001|皇普建設股份有限公司|台新綜合證券股份有限公司|無擔保轉換公司債|5,000|4,250|2025/01/02~2025/01/06|101.00||"
114002,昇陽國際半導體股份有限公司,永豐金證券股份有限公司,無擔保轉換公司債,20000,17850,2025-01-07,2025-01-09,2025-01-10,103.50,"114002|昇陽國際半導體股份有限公司|永豐金證券股份有限公司|無擔保轉換公司債|20,000|17,850|2025/01/07~2025/01/09|103.50||"
114006,旭軟電子科技股份有限公司,中國信託綜合證券股份有限公司,有擔保轉換公司債,2000,1700,2025-02-06,2025-02-10,2025-02-11,100.00,"114006|旭軟電子科技股份有限公司|中國信託綜合證券股份有限公司|有擔保轉換公司債|2,000|1,700|2025/02/06~2025/02/10|100.00||"
114007,兆利科技工業股份有限公司,凱基證券股份有限公司,無擔保轉換公司債,15000,13200,2025-02-10,2025-02-12,2025-02-13,100.00,"114007|兆利科技工業股份有限公司|凱基證券股份有限公司|無擔保轉換公司債|15,000|13,200|2025/02/10~2025/02/12|100.00||"
114008,台灣大哥大股份有限公司,元大證券股份有限公司,無擔保轉換公司債,30000,25500,2025-02-10,2025-02-12,2025-02-13,100.00,"114008|台灣大哥大股份有限公司|元大證券股份有限公司|無擔保轉換公司債|30,000|25,500|2025/02/10~2025/02/12|100.00||"
114009,及成企業股份有限公司,台新綜合證券股份有限公司,有擔保轉換公司債,1500,1275,2025-02-10,2025-02-12,2025-02-13,100.00,"114009|及成企業股份有限公司|台新綜合證券股份有限公司|有擔保轉換公司債|1,500|1,275|2025/02/10~2025/02/12|100.00||"
114010,哲固資訊科技股份有限公司,華南永昌綜合證券股份有限公司,有擔保轉換公司債,1500,1275,2025-02-12,2025-02-14,2025-02-17,100.00,"114010|哲固資訊科技股份有限公司|華南永昌綜合證券股份有限公司|有擔保轉換公司債|1,500|1,275|2025/02/12~2025/02/14|100.00||"
114011,訊芯科技控股股份有限公司-KY,福邦證券股份有限公司,無擔保轉換公司債,25000,22500,2025-02-12,2025-02-14,2025-02-17,100.00,"114011|訊芯科技控股股份有限公司-KY|福邦證券股份有限公司|無擔保轉換公司債|25,000|22,500|2025/02/12~2025/02/14|100.00||"
114013,冠星集團控股有限公司,凱基證券股份有限公司,無擔保轉換公司債,5000,4250,2025-02-13,2025-02-17,2025-02-18,101.00,"114013|冠星集團控股有限公司|凱基證券股份有限公司|無擔保轉換公司債|5,000|4,250|2025/02/13~2025/02/17|101.00||"
114022,綠茵生技股份有限公司,富邦綜合證券股份有限公司,無擔保轉換公司債,3500,2975,2025-03-10,2025-03-12,2025-03-13,100.00,"114022|綠茵生技股份有限公司|富邦綜合證券股份有限公司|無擔保轉換公司債|3,500|2,975|2025/03/10~2025/03/12|100.00||"
114023,弘裕企業股份有限公司,兆豐證券股份有限公司,無擔保轉換公司債,3000,2550,2025-03-14,2025-03-18,2025-03-19,101.50,"114023|弘裕企業股份有限公司|兆豐證券股份有限公司|無擔保轉換公司債|3,000|2,550|2025/03/14~2025/03/18|101.50||"
114024,迎廣科技股份有限公司,台新綜合證券股份有限公司,無擔保轉換公司債,5000,4250,2025-05-13,2025-05-15,2025-05-16,100.00,"114024|迎廣科技股份有限公司|台新綜合證券股份有限公司|無擔保轉換公司債|5,000|4,250|2025/05/13~2025/05/15|100.00||"
114025,三洋實業股份有限公司,台新綜合證券股份有限公司,有擔保轉換公司債,3000,2550,2025-05-14,2025-05-16,2025-05-19,100.00,"114025|三洋實業股份有限公司|台新綜合證券股份有限公司|有擔保轉換公司債|3,000|2,550|2025/05/14~2025/05/16|100.00||"
114026,台灣氣立股份有限公司,富邦綜合證券股份有限公司,有擔保轉換公司債,5000,4250,2025-05-22,2025-05-26,2025-05-27,102.00,"114026|台灣氣立股份有限公司|富邦綜合證券股份有限公司|有擔保轉換公司債|5,000|4,250|2025/05/22~2025/05/26|102.00||"
114027,健策精密工業股份有限公司,富邦綜合證券股份有限公司,無擔保轉換公司債,20000,17012,2025-05-28,2025-06-02,2025-06-03,105.00,"114027|健策精密工業股份有限公司|富邦綜合證券股份有限公司|無擔保轉換公司債|20,000|17,012|2025/05/28~2025/06/02|105.00||"
114029,順德工業股份有限公司,台新綜合證券股份有限公司,無擔保轉換公司債,12000,10200,2025-06-02,2025-06-04,2025-06-05,100.00,"114029|順德工業股份有限公司|台新綜合證券股份有限公司|無擔保轉換公司債|12,000|10,200|2025/06/02~2025/06/04|100.00||"
114030,碩天科技股份有限公司,富邦綜合證券股份有限公司,無擔保轉換公司債,15000,12750,2025-05-29,2025-06-03,2025-06-04,100.00,"114030|碩天科技股份有限公司|富邦綜合證券股份有限公司|無擔保轉換公司債|15,000|12,750|2025/05/29~2025/06/03|100.00||"
114031,聚隆纖維股份有限公司,國票綜合證券股份有限公司,有擔保轉換公司債,4000,3400,2025-06-05,2025-06-09,2025-06-10,100.00,"114031|聚隆纖維股份有限公司|國票綜合證券股份有限公司|有擔保轉換公司債|4,000|3,400|2025/06/05~2025/06/09|100.00||"
114032,倉和股份有限公司,統一綜合證券股份有限公司,無擔保轉換公司債,3000,2550,2025-06-11,2025-06-13,2025-06-16,101.00,"114032|倉和股份有限公司|統一綜合證券股份有限公司|無擔保轉換公司債|3,000|2,550|2025/06/11~2025/06/13|101.00||"
114033,大華建設股份有限公司,凱基證券股份有限公司,無擔保轉換公司債,8000,7180,2025-06-13,2025-06-17,2025-06-18,100.00,"114033|大華建設股份有限公司(第四次)|凱基證券股份有限公司|無擔保轉換公司債|8,000|7,180|2025/06/13~2025/06/17|100.00||"
114034,汎德永業汽車股份有限公司,群益金鼎證券股份有限公司,無擔保轉換公司債,10000,8500,2025-06-13,2025-06-17,2025-06-18,101.00,"114034|汎德永業汽車股份有限公司|群益金鼎證券股份有限公司|無擔保轉換公司債|10,000|8,500|2025/06/13~2025/06/17|101.00||"
114035,竣邦國際股份有限公司-KY,台新綜合證券股份有限公司,無擔保轉換公司債,1500,1275,2025-07-11,2025-07-15,2025-07-16,100.00,"114035|竣邦國際股份有限公司-KY|台新綜合證券股份有限公司|無擔保轉換公司債|1,500|1,275|2025/07/11~2025/07/15|100.00||"
114036,大樹醫藥股份有限公司,國泰綜合證券股份有限公司,無擔保轉換公司債,10000,8650,2025-07-11,2025-07-15,2025-07-16,100.00,"114036|大樹醫藥股份有限公司|國泰綜合證券股份有限公司|無擔保轉換公司債|10,000|8,650|2025/07/11~2025/07/15|100.00||"
114037,福貞控股股份有限公司,台新綜合證券股份有限公司,有擔保轉換公司債,12000,10200,2025-07-17,2025-07-21,2025-07-22,100.00,"114037|福貞控股股份有限公司|台新綜合證券股份有限公司|有擔保轉換公司債|12,000|10,200|2025/07/17~2025/07/21|100.00||"
114038,大井泵浦工業股份有限公司,永豐金證券股份有限公司,無擔保轉換公司債,2000,1709,2025-07-18,2025-07-22,2025-07-23,100.00,"114038|大井泵浦工業股份有限公司(第二次)|永豐金證券股份有限公司|無擔保轉換公司債|2,000|1,709|2025/07/18~2025/07/22|100.00||"
114039,進典工業股份有限公司,永豐金證券股份有限公司,無擔保轉換公司債,3000,2700,2025-07-18,2025-07-22,2025-07-23,101.00,"114039|進典工業股份有限公司|永豐金證券股份有限公司|無擔保轉換公司債|3,000|2,700|2025/07/18~2025/07/22|101.00||"
114040,弘塑科技股份有限公司,凱基證券股份有限公司,無擔保轉換公司債,10000,8500,2025-07-21,2025-07-23,2025-07-24,103.00,"114040|弘塑科技股份有限公司|凱基證券股份有限公司|無擔保轉換公司債|10,000|8,500|2025/07/21~2025/07/23|103.00||"
114041,大量科技股份有限公司,福邦證券股份有限公司,無擔保轉換公司債,5000,4661,2025-07-22,2025-07-24,2025-07-25,100.00,"114041|大量科技股份有限公司(第二次)|福邦證券股份有限公司|無擔保轉換公司債|5,000|4,661|2025/07/22~2025/07/24|100.00||"
114042,正德海運股份有限公司,群益金鼎證券股份有限公司,無擔保轉換公司債,7800,7020,2025-07-22,2025-07-24,2025-07-25,100.50,"114042|正德海運股份有限公司|群益金鼎證券股份有限公司|無擔保轉換公司債|7,800|7,020|2025/07/22~2025/07/24|100.50||"
114043,英屬開曼群島光隆精密股份有限公司-KY,第一金證券股份有限公司,無擔保轉換公司債,5000,4380,2025-07-31,2025-08-04,2025-08-05,100.50,"114043|World Known MFG (Cayman) Limited(英屬開曼群島光隆精密股份有限公司-KY)|第一金證券股份有限公司|無擔保轉換公司債|5,000|4,380|2025/07/31~2025/08/04|100.50||"
114044,意德士科技股份有限公司,元大證券股份有限公司,無擔保轉換公司債,2000,1800,2025-07-31,2025-08-04,2025-08-05,100.00,"114044|意德士科技股份有限公司|元大證券股份有限公司|無擔保轉換公司債|2,000|1,800|2025/07/31~2025/08/04|100.00||"
114045,寶緯工業股份有限公司,華南永昌綜合證券股份有限公司,有擔保轉換公司債,3000,2624,2025-08-13,2025-08-15,2025-08-18,100.00,"114045|寶緯工業股份有限公司(第一次)|華南永昌綜合證券股份有限公司|有擔保轉換公司債|3,000|2,624|2025/08/13~2025/08/15|100.00||"
114046,山富國際旅行社股份有限公司,國泰綜合證券股份有限公司,無擔保轉換公司債,3000,2640,2025-08-13,2025-08-15,2025-08-18,102.00,"114046|山富國際旅行社股份有限公司|國泰綜合證券股份有限公司|無擔保轉換公司債|3,000|2,640|2025/08/13~2025/08/15|102.00||"
114047,雷科股份有限公司,凱基證券股份有限公司,無擔保轉換公司債,2000,1800,2025-08-21,2025-08-25,2025-08-26,100.00,"114047|雷科股份有限公司|凱基證券股份有限公司|無擔保轉換公司債|2,000|1,800|2025/08/21~2025/08/25|100.00||"
114048,高技企業股份有限公司,凱基證券股份有限公司,無擔保轉換公司債,20000,17000,2025-08-25,2025-08-27,2025-08-28,101.00,"114048|高技企業股份有限公司|凱基證券股份有限公司|無擔保轉換公司債|20,000|17,000|2025/08/25~2025/08/27|101.00||"
114050,台灣醣聯生技醫藥股份有限公司,統一綜合證券股份有限公司,有擔保轉換公司債,5000,4250,2025-09-03,2025-09-05,2025-09-08,100.00,"114050|台灣醣聯生技醫藥股份有限公司|統一綜合證券股份有限公司|有擔保轉換公司債|5,000|4,250|2025/09/03~2025/09/05|100.00||"
114051,廣越企業股份有限公司,凱基證券股份有限公司,無擔保轉換公司債,8000,7120,2025-09-12,2025-09-16,2025-09-17,101.00,"114051|廣越企業股份有限公司|凱基證券股份有限公司|無擔保轉換公司債|8,000|7,120|2025/09/12~2025/09/16|101.00||"
114052,百和興業股份有限公司-KY,中國信託綜合證券股份有限公司,有擔保轉換公司債,10000,8500,2025-09-17,2025-09-19,2025-09-22,100.00,"114052|百和興業股份有限公司-KY|中國信託綜合證券股份有限公司|有擔保轉換公司債|10,000|8,500|2025/09/17~2025/09/19|100.00||"
114053,茂為歐買尬數位科技股份有限公司,元富證券股份有限公司,無擔保轉換公司債,4000,3600,2025-09-16,2025-09-18,2025-09-19,100.00,"114053|茂為歐買尬數位科技股份有限公司|元富證券股份有限公司|無擔保轉換公司債|4,000|3,600|2025/09/16~2025/09/18|100.00||"
114054,安集科技股份有限公司,福邦證券股份有限公司,無擔保轉換公司債,6000,5200,2025-09-22,2025-09-24,2025-09-25,100.00,"114054|安集科技股份有限公司|福邦證券股份有限公司|無擔保轉換公司債|6,000|5,200|2025/09/22~2025/09/24|100.00||"
114055,凱衛資訊股份有限公司,兆豐證券股份有限公司,有擔保轉換公司債,1000,850,2025-09-25,2025-09-30,2025-10-01,101.00,"114055|凱衛資訊股份有限公司|兆豐證券股份有限公司|有擔保轉換公司債|1,000|850|2025/09/25~2025/09/30|101.00||"
114056,富旺國際開發股份有限公司,統一綜合證券股份有限公司,有擔保轉換公司債,6000,5350,2025-09-26,2025-10-01,2025-10-02,100.50,"114056|富旺國際開發股份有限公司|統一綜合證券股份有限公司|有擔保轉換公司債|6,000|5,350|2025/09/26~2025/10/01|100.50||"
114057,八方雲集國際股份有限公司,元大證券股份有限公司,無擔保轉換公司債,2000,1800,2025-10-01,2025-10-03,2025-10-06,100.00,"114057|八方雲集國際股份有限公司|元大證券股份有限公司|無擔保轉換公司債|2,000|1,800|2025/10/01~2025/10/03|100.00||"
114058,威力德生醫股份有限公司,台新綜合證券股份有限公司,無擔保轉換公司債,5000,4250,2025-10-01,2025-10-03,2025-10-06,101.00,"114058|威力德生醫股份有限公司|台新綜合證券股份有限公司|無擔保轉換公司債|5,000|4,250|2025/10/01~2025/10/03|101.00||"
114059,今國光學工業股份有限公司,中國信託綜合證券股份有限公司,有擔保轉換公司債,4500,3825,2025-10-07,2025-10-09,2025-10-10,100.00,"114059|今國光學工業股份有限公司|中國信託綜合證券股份有限公司|有擔保轉換公司債|4,500|3,825|2025/10/07~2025/10/09|100.00||"
114060,聯上實業股份有限公司,合作金庫證券股份有限公司,有擔保轉換公司債,4000,3435,2025-10-08,2025-10-13,2025-10-14,102.00,"114060|聯上實業股份有限公司|合作金庫證券股份有限公司|有擔保轉換公司債|4,000|3,435|2025/10/08~2025/10/13|102.00||"
114061,世禾科技股份有限公司,凱基證券股份有限公司,無擔保轉換公司債,5000,4250,2025-10-09,2025-10-14,2025-10-15,100.00,"114061|世禾科技股份有限公司|凱基證券股份有限公司|無擔保轉換公司債|5,000|4,250|2025/10/09~2025/10/14|100.00||"
114063,萬泰科技股份有限公司,國票綜合證券股份有限公司,無擔保轉換公司債,10000,8500,2025-10-21,2025-10-23,2025-10-24,100.00,"114063|萬泰科技股份有限公司|國票綜合證券股份有限公司|無擔保轉換公司債|10,000|8,500|2025/10/21~2025/10/23|100.00||"
114064,金像電子股份有限公司,富邦綜合證券股份有限公司,無擔保轉換公司債,90000,76836,2025-11-06,2025-11-10,2025-11-11,107.00,"114064|金像電子股份有限公司|富邦綜合證券股份有限公司|無擔保轉換公司債|90,000|76,836|2025/11/06~2025/11/10|107.00||"
114065,偉訓科技股份有限公司,統一綜合證券股份有限公司,無擔保轉換公司債,10000,8567,2025-11-10,2025-11-12,2025-11-13,101.00,"114065|偉訓科技股份有限公司|統一綜合證券股份有限公司|無擔保轉換公司債|10,000|8,567|2025/11/10~2025/11/12|101.00||"
114066,來億興業股份有限公司-KY,富邦綜合證券股份有限公司,無擔保轉換公司債,5000,4350,2025-11-25,2025-11-27,2025-11-28,101.00,"114066|來億興業股份有限公司(二)-KY|富邦綜合證券股份有限公司|無擔保轉換公司債|5,000|4,350|2025/11/25~2025/11/27|101.00||"
114067,光紅建聖股份有限公司,台新綜合證券股份有限公司,無擔保轉換公司債,15000,12750,2025-11-26,2025-11-28,2025-12-01,102.50,"114067|光紅建聖股份有限公司|台新綜合證券股份有限公司|無擔保轉換公司債|15,000|12,750|2025/11/26~2025/11/28|102.50||"
114068,系統電子工業股份有限公司,富邦綜合證券股份有限公司,無擔保轉換公司債,5000,4255,2025-11-28,2025-12-02,2025-12-03,101.00,"114068|系統電子工業股份有限公司|富邦綜合證券股份有限公司|無擔保轉換公司債|5,000|4,255|2025/11/28~2025/12/02|101.00||"
114069,康普材料科技股份有限公司,福邦證券股份有限公司,有擔保轉換公司債,6000,5640,2025-12-02,2025-12-04,2025-12-05,100.00,"114069|康普材料科技股份有限公司|福邦證券股份有限公司|有擔保轉換公司債|6,000|5,640|2025/12/02~2025/12/04|100.00||"
114070,伯鑫工具股份有限公司,國泰綜合證券股份有限公司,無擔保轉換公司債,1500,1278,2025-12-10,2025-12-12,2025-12-15,102.00,"114070|伯鑫工具股份有限公司|國泰綜合證券股份有限公司|無擔保轉換公司債|1,500|1,278|2025/12/10~2025/12/12|102.00||"
114071,復盛應用科技股份有限公司,台新綜合證券股份有限公司,無擔保轉換公司債,15000,12750,2025-12-10,2025-12-12,2025-12-15,103.00,"114071|復盛應用科技股份有限公司|台新綜合證券股份有限公司|無擔保轉換公司債|15,000|12,750|2025/12/10~2025/12/12|103.00||"
114072,州巧科技股份有限公司,福邦證券股份有限公司,有擔保轉換公司債,4000,3770,2025-12-10,2024-12-12,2024-12-13,100.00,"114072|州巧科技股份有限公司|福邦證券股份有限公司|有擔保轉換公司債|4,000|3,770|2025/12/10~2024/12/12|100.00||"
114073,中華精測科技股份有限公司,元大證券股份有限公司,無擔保轉換公司債,20000,17000,2025-12-17,2025-12-19,2025-12-22,102.00,"114073|中華精測科技股份有限公司|元大證券股份有限公司|無擔保轉換公司債|20,000|17,000|2025/12/17~2025/12/19|102.00||"
114074,五福旅行社股份有限公司,台新綜合證券股份有限公司,無擔保轉換公司債,3000,2550,2025-12-17,2025-12-19,2025-12-22,101.00,"114074|五福旅行社股份有限公司|台新綜合證券股份有限公司|無擔保轉換公司債|3,000|2,550|2025/12/17~2025/12/19|101.00||"
114075,十銓科技股份有限公司,永豐金證券股份有限公司,有擔保轉換公司債,20000,17361,2025-12-30,2026-01-02,2026-01-05,102.00,"114075|十銓科技股份有限公司|永豐金證券股份有限公司|有擔保轉換公司債|20,000|17,361|2025/12/30~2026/01/02|102.00||"
115001,尖點科技股份有限公司,福邦證券股份有限公司,無擔保轉換公司債,7000,6650,2026-01-05,2026-01-07,2026-01-08,100.00,"115001|尖點科技股份有限公司|福邦證券股份有限公司|無擔保轉換公司債|7,000|6,650|2026/01/05~2026/01/07|100.00||"
115002,天品聯合企業股份有限公司,群益金鼎證券股份有限公司,有擔保轉換公司債,2500,2160,2026-01-05,2026-01-07,2026-01-08,100.00,"115002|天品聯合企業股份有限公司|群益金鼎證券股份有限公司|有擔保轉換公司債|2,500|2,160|2026/01/05~2026/01/07|100.00||"
115003,聯嘉光電投資控股股份有限公司,國泰綜合證券股份有限公司,有擔保轉換公司債,7000,5950,2026-01-06,2026-01-08,2026-01-09,100.00,"115003|聯嘉光電投資控股股份有限公司|國泰綜合證券股份有限公司|有擔保轉換公司債|7,000|5,950|2026/01/06~2026/01/08|100.00||"
115004,志聖工業股份有限公司,富邦綜合證券股份有限公司,無擔保轉換公司債,10000,8500,2026-01-07,2026-01-09,2026-01-12,102.00,"115004|志聖工業股份有限公司|富邦綜合證券股份有限公司|無擔保轉換公司債|10,000|8,500|2026/01/07~2026/01/09|102.00||"
115005,全新光電科技股份有限公司,群益金鼎證券股份有限公司,無擔保轉換公司債,500,4500,2026-01-12,2026-01-14,2026-01-15,102.00,"115005|全新光電科技股份有限公司|群益金鼎證券股份有限公司|無擔保轉換公司債|500|4,500|2026/01/12~2026/01/14|102.00||"
115006,寬魚國際股份有限公司,富邦綜合證券股份有限公司,有擔保轉換公司債,1500,1275,2026-01-14,2026-01-16,2026-01-19,100.50,"115006|寬魚國際股份有限公司|富邦綜合證券股份有限公司|有擔保轉換公司債|1,500|1,275|2026/01/14~2026/01/16|100.50||"
115008,勤誠興業股份有限公司,元大證券股份有限公司,無擔保轉換公司債,7000,6300,2026-01-19,2026-01-21,2026-01-22,102.00,"115008|勤誠興業股份有限公司|元大證券股份有限公司|無擔保轉換公司債|7,000|6,300|2026/01/19~2026/01/21|102.00||"
115009,騰輝電子國際集團股份有限公司-KY,永豐金證券股份有限公司,無擔保轉換公司債,5000,4450,2026-01-19,2026-01-21,2026-01-22,100.00,"115009|騰輝電子國際集團股份有限公司-KY|永豐金證券股份有限公司|無擔保轉換公司債|5,000|4,450|2026/01/19~2026/01/21|100.00||"
115010,閎康科技股份有限公司,元大證券股份有限公司,無擔保轉換公司債,7000,5950,2026-01-20,2026-01-22,2026-01-23,102.00,"115010|閎康科技股份有限公司|元大證券股份有限公司|無擔保轉換公司債|7,000|5,950|2026/01/20~2026/01/22|102.00||"
115011,穎崴科技股份有限公司,凱基證券股份有限公司,無擔保轉換公司債,30000,25500,2026-01-21,2026-01-23,2026-01-26,103.00,"115011|穎崴科技股份有限公司|凱基證券股份有限公司|無擔保轉換公司債|30,000|25,500|2026/01/21~2026/01/23|103.00||"
115013,雙鴻科技股份有限公司,凱基證券股份有限公司,無擔保轉換公司債,20000,17000,2026-02-26,2026-03-03,2026-03-04,102.00,"115013|雙鴻科技股份有限公司|凱基證券股份有限公司|無擔保轉換公司債|20,000|17,000|2026/02/26~2026/03/03|102.00||"
115014,高端疫苗生物製劑股份有限公司,永豐金證券股份有限公司,有擔保轉換公司債,7500,6375,2026-03-04,2026-03-06,2026-03-09,100.50,"115014|高端疫苗生物製劑股份有限公司|永豐金證券股份有限公司|有擔保轉換公司債|7,500|6,375|2026/03/04~2026/03/06|100.50||"
115015,鴻呈實業股份有限公司,兆豐證券股份有限公司,無擔保轉換公司債,4500,3825,2026-03-04,2026-03-06,2026-03-09,102.00,"115015|鴻呈實業股份有限公司|兆豐證券股份有限公司|無擔保轉換公司債|4,500|3,825|2026/03/04~2026/03/06|102.00||"
115016,聯上實業股份有限公司,合作金庫證券股份有限公司,無擔保轉換公司債,2000,1810,2026-03-05,2026-03-09,2026-03-10,100.00,"115016|聯上實業股份有限公司|合作金庫證券股份有限公司|無擔保轉換公司債|2,000|1,810|2026/03/05~2026/03/09|100.00||"
115017,定穎投資控股股份有限公司,凱基證券股份有限公司,無擔保轉換公司債,10000,8500,2026-03-09,2026-03-11,2026-03-12,102.00,"115017|定穎投資控股股份有限公司|凱基證券股份有限公司|無擔保轉換公司債|10,000|8,500|2026/03/09~2026/03/11|102.00||"
115018,逸達生物科技股份有限公司,元富證券股份有限公司,有擔保轉換公司債,4000,3400,2026-03-10,2026-03-12,2026-03-13,100.00,"115018|逸達生物科技股份有限公司|元富證券股份有限公司|有擔保轉換公司債|4,000|3,400|2026/03/10~2026/03/12|100.00||"
115019,今皓實業股份有限公司,群益金鼎證券股份有限公司,有擔保轉換公司債,4500,3850,2026-03-11,2026-03-13,2026-03-16,100.00,"115019|今晧實業股份有限公司|群益金鼎證券股份有限公司|有擔保轉換公司債|4,500|3,850|2026/03/11~2026/03/13|100.00||"
115020,保瑞藥業股份有限公司,台新綜合證券股份有限公司,無擔保轉換公司債,10000,8500,2026-03-27,2026-03-31,2026-04-01,100.00,"115020|保瑞藥業股份有限公司|台新綜合證券股份有限公司|無擔保轉換公司債|10,000|8,500|2026/03/27~2026/03/31|100.00||"
115021,永捷創新科技股份有限公司,台新綜合證券股份有限公司,有擔保轉換公司債,3000,2550,2026-04-16,2026-04-20,2026-04-21,100.00,"115021|永捷創新科技股份有限公司|台新綜合證券股份有限公司|有擔保轉換公司債|3,000|2,550|2026/04/16~2026/04/20|100.00||"
115022,宇瞻科技股份有限公司,凱基證券股份有限公司,無擔保轉換公司債,10000,8500,2026-04-17,2026-04-21,2026-04-22,101.00,"115022|宇瞻科技股份有限公司|凱基證券股份有限公司|無擔保轉換公司債|10,000|8,500|2026/04/17~2026/04/21|101.00||"
115023,經寶精密控股股份有限公司-KY,凱基證券股份有限公司,無擔保轉換公司債,3500,3000,2026-04-23,2026-04-27,2026-04-28,101.00,"115023|JPP Holding Company Limited(經寶精密控股股份有限公司-KY)|凱基證券股份有限公司|無擔保轉換公司債|3,500|3,000|2026/04/23~2026/04/27|101.00||"
115024,金雨企業股份有限公司,元大證券股份有限公司,有擔保轉換公司債,5000,4250,2026-04-27,2026-04-29,2026-04-30,101.00,"115024|金雨企業股份有限公司|元大證券股份有限公司|有擔保轉換公司債|5,000|4,250|2026/04/27~2026/04/29|101.00||"
115025,鉅橡企業股份有限公司,福邦證券股份有限公司,有擔保轉換公司債,3000,2550,2026-04-28,2026-04-30,2026-05-01,100.00,"115025|鉅橡企業股份有限公司|福邦證券股份有限公司|有擔保轉換公司債|3,000|2,550|2026/04/28~2026/04/30|100.00||"
115026,晟德大藥廠股份有限公司,台新綜合證券股份有限公司,無擔保轉換公司債,5000,4250,2026-04-28,2026-04-30,2026-05-01,100.00,"115026|晟德大藥廠股份有限公司|台新綜合證券股份有限公司|無擔保轉換公司債|5,000|4,250|2026/04/28~2026/04/30|100.00||"
115028,家登精密工業股份有限公司,凱基證券股份有限公司,無擔保轉換公司債,15000,13050,2026-05-06,2026-05-08,2026-05-11,102.00,"115028|家登精密工業股份有限公司|凱基證券股份有限公司|無擔保轉換公司債|15,000|13,050|2026/05/06~2026/05/08|102.00||"
115029,崑鼎綠能環保股份有限公司,國泰綜合證券股份有限公司,無擔保轉換公司債,20000,17008,2026-05-06,2026-05-08,2026-05-11,102.00,"115029|崑鼎綠能環保股份有限公司|國泰綜合證券股份有限公司|無擔保轉換公司債|20,000|17,008|2026/05/06~2026/05/08|102.00||"
115031,霖宏科技股份有限公司,群益金鼎證券股份有限公司,有擔保轉換公司債,2900,2560,2026-05-08,2026-05-12,2026-05-13,100.00,"115031|霖宏科技股份有限公司|群益金鼎證券股份有限公司|有擔保轉換公司債|2,900|2,560|2026/05/08~2026/05/12|100.00||"
115032,新應材股份有限公司,兆豐證券股份有限公司,無擔保轉換公司債,20000,17000,2026-05-13,2026-05-15,2026-05-18,100.00,"115032|新應材股份有限公司|兆豐證券股份有限公司|無擔保轉換公司債|20,000|17,000|2026/05/13~2026/05/15|100.00||"
115033,新盛力科技股份有限公司,台新綜合證券股份有限公司,無擔保轉換公司債,7000,5950,2026-05-14,2026-05-18,2026-05-19,102.00,"115033|新盛力科技股份有限公司|台新綜合證券股份有限公司|無擔保轉換公司債|7,000|5,950|2026/05/14~2026/05/18|102.00||"
115034,長興材料工業股份有限公司,台新綜合證券股份有限公司,無擔保轉換公司債,20000,17000,2026-05-22,2026-05-26,2026-05-27,100.00,"115034|長興材料工業股份有限公司|台新綜合證券股份有限公司|無擔保轉換公司債|20,000|17,000|2026/05/22~2026/05/26|100.00||"
115035,昇達科技股份有限公司,凱基證券股份有限公司,無擔保轉換公司債,12000,10200,2026-05-25,2026-05-27,2026-05-28,102.00,"115035|昇達科技股份有限公司|凱基證券股份有限公司|無擔保轉換公司債|12,000|10,200|2026/05/25~2026/05/27|102.00||"
115036,岳豐科技股份有限公司,凱基證券股份有限公司,有擔保轉換公司債,5000,4250,2026-05-26,2026-05-28,2026-05-29,102.00,"115036|岳豐科技股份有限公司|凱基證券股份有限公司|有擔保轉換公司債|5,000|4,250|2026/05/26~2026/05/28|102.00||"
115037,英濟股份有限公司,台新綜合證券股份有限公司,有擔保轉換公司債,3000,2550,2026-06-03,2026-06-05,2026-06-08,100.00,"115037|英濟股份有限公司|台新綜合證券股份有限公司|有擔保轉換公司債|3,000|2,550|2026/06/03~2026/06/05|100.00||"
115038,宜鼎國際股份有限公司,凱基證券股份有限公司,無擔保轉換公司債,30000,26555,2026-06-15,2026-06-17,2026-06-18,102.00,"115038|宜鼎國際股份有限公司|凱基證券股份有限公司|無擔保轉換公司債|30,000|26,555|2026/06/15~2026/06/17|102.00||"
115039,正基科技股份有限公司,凱基證券股份有限公司,無擔保轉換公司債,2000,1760,2026-06-12,2026-06-16,2026-06-17,105.00,"115039|正基科技股份有限公司|凱基證券股份有限公司|無擔保轉換公司債|2,000|1,760|2026/06/12~2026/06/16|105.00||"
115040,佐登妮絲集團股份有限公司,華南永昌綜合證券股份有限公司,有擔保轉換公司債,5000,4750,2026-06-12,2026-06-16,2026-06-17,100.00,"115040|佐登妮絲集團股份有限公司|華南永昌綜合證券股份有限公司|有擔保轉換公司債|5,000|4,750|2026/06/12~2026/06/16|100.00||"
115041,萬潤科技股份有限公司,元大證券股份有限公司,無擔保轉換公司債,30000,25500,2026-06-16,2026-06-18,2026-06-19,102.00,"115041|萬潤科技股份有限公司|元大證券股份有限公司|無擔保轉換公司債|30,000|25,500|2026/06/16~2026/06/18|102.00||"
115042,擎亞電子股份有限公司,統一綜合證券股份有限公司,無擔保轉換公司債,5000,4250,2026-06-29,2026-07-01,2026-07-02,100.00,"115042|擎亞電子股份有限公司|統一綜合證券股份有限公司|無擔保轉換公司債|5,000|4,250|2026/06/29~2026/07/01|100.00||"
115043,萬旭電業股份有限公司,中國信託綜合證券股份有限公司,有擔保轉換公司債,3000,2550,2026-07-02,2026-07-06,2026-07-07,100.00,"115043|萬旭電業股份有限公司|中國信託綜合證券股份有限公司|有擔保轉換公司債|3,000|2,550|2026/07/02~2026/07/06|100.00||"
115044,安國國際科技股份有限公司,福邦證券股份有限公司,有擔保轉換公司債,4000,3400,2026-07-06,2026-07-08,2026-07-09,100.00,"115044|安國國際科技股份有限公司|福邦證券股份有限公司|有擔保轉換公司債|4,000|3,400|2026/07/06~2026/07/08|100.00||"
115046,威宏控股股份有限公司-KY,富邦綜合證券股份有限公司,有擔保轉換公司債,4000,3400,2026-07-09,2026-07-13,2026-07-14,100.00,"115046|威宏控股股份有限公司-KY|富邦綜合證券股份有限公司|有擔保轉換公司債|4,000|3,400|2026/07/09~2026/07/13|100.00||"
115047,雲豹能源科技股份有限公司,凱基證券股份有限公司,有擔保轉換公司債,18000,15600,2026-07-09,2026-07-13,2026-07-14,100.00,"115047|雲豹能源科技股份有限公司|凱基證券股份有限公司|有擔保轉換公司債|18,000|15,600|2026/07/09~2026/07/13|100.00||"
115048,雙鍵化工股份有限公司,凱基證券股份有限公司,有擔保轉換公司債,5000,4430,2026-07-21,2026-07-23,2026-07-24,102.00,"115048|雙鍵化工股份有限公司|凱基證券股份有限公司|有擔保轉換公司債|5,000|4,430|2026/07/21~2026/07/23|102.00||"
115049,昶昕實業股份有限公司,台新綜合證券股份有限公司,無擔保轉換公司債,3000,2550,2026-07-21,2026-07-23,2026-07-24,100.00,"115049|昶昕實業股份有限公司|台新綜合證券股份有限公司|無擔保轉換公司債|3,000|2,550|2026/07/21~2026/07/23|100.00||"
115050,巨漢系統科技股份有限公司,富邦綜合證券股份有限公司,無擔保轉換公司債,10000,8500,2026-07-23,2026-07-27,2026-07-28,102.00,"115050|巨漢系統科技股份有限公司|富邦綜合證券股份有限公司|無擔保轉換公司債|10,000|8,500|2026/07/23~2026/07/27|102.00||"
115051,雍智科技股份有限公司,凱基證券股份有限公司,無擔保轉換公司債,15000,12750,2026-07-24,2026-07-28,2026-07-29,102.00,"115051|雍智科技股份有限公司|凱基證券股份有限公司|無擔保轉換公司債|15,000|12,750|2026/07/24~2026/07/28|102.00||"
115052,聯亞光電工業股份有限公司,元大證券股份有限公司,有擔保轉換公司債,12000,10788,2026-07-28,2026-07-30,2026-07-31,105.00,"115052|聯亞光電工業股份有限公司|元大證券股份有限公司|有擔保轉換公司債|12,000|10,788|2026/07/28~2026/07/30|105.00||"
115053,博智電子股份有限公司,凱基證券股份有限公司,無擔保轉換公司債,20000,17600,2026-07-29,2026-07-31,2026-08-03,105.00,"115053|博智電子股份有限公司|凱基證券股份有限公司|無擔保轉換公司債|20,000|17,600|2026/07/29~2026/07/31|105.00||"
115054,國統國際股份有限公司,台新綜合證券股份有限公司,有擔保轉換公司債,6000,5100,2026-07-31,2026-08-04,2026-08-05,102.00,"115054|國統國際股份有限公司(第五次)|台新綜合證券股份有限公司|有擔保轉換公司債|6,000|5,100|2026/07/31~2026/08/04|102.00||"
115055,聖暉工程科技股份有限公司,國票綜合證券股份有限公司,無擔保轉換公司債,15000,12750,2026-07-31,2026-08-04,2026-08-05,102.00,"115055|聖暉工程科技股份有限公司|國票綜合證券股份有限公司|無擔保轉換公司債|15,000|12,750|2026/07/31~2026/08/04|102.00||"
115056,十銓科技股份有限公司,永豐金證券股份有限公司,無擔保轉換公司債,30000,25932,2026-08-03,2026-08-05,2026-08-06,102.00,"115056|十銓科技股份有限公司|永豐金證券股份有限公司|無擔保轉換公司債|30,000|25,932|2026/08/03~2026/08/05|102.00||"
115057,皇龍開發股份有限公司,台新綜合證券股份有限公司,有擔保轉換公司債,6000,5100,2026-08-03,2026-08-05,2026-08-06,100.00,"115057|皇龍開發股份有限公司|台新綜合證券股份有限公司|有擔保轉換公司債|6,000|5,100|2026/08/03~2026/08/05|100.00||"
115058,倚強科技股份有限公司,群益金鼎證券股份有限公司,無擔保轉換公司債,6000,5100,2026-08-10,2026-08-12,2026-08-13,100.00,"115058|倚強科技股份有限公司|群益金鼎證券股份有限公司|無擔保轉換公司債|6,000|5,100|2026/08/10~2026/08/12|100.00||"
115059,正達國際光電股份有限公司,台新綜合證券股份有限公司,有擔保轉換公司債,6500,5525,2026-08-14,2026-08-18,2026-08-19,100.00,"115059|正達國際光電股份有限公司|台新綜合證券股份有限公司|有擔保轉換公司債|6,500|5,525|2026/08/14~2026/08/18|100.00||"
115060,國統國際股份有限公司,台新綜合證券股份有限公司,無擔保轉換公司債,6000,5100,2026-08-13,2026-08-17,2026-08-18,102.00,"115060|國統國際股份有限公司|台新綜合證券股份有限公司|無擔保轉換公司債|6,000|5,100|2026/08/13~2026/08/17|102.00||"
115061,中國砂輪企業股份有限公司,元大證券股份有限公司,無擔保轉換公司債,10000,9000,2026-08-19,2026-08-21,2026-08-24,103.00,"115061|中國砂輪企業股份有限公司|元大證券股份有限公司|無擔保轉換公司債|10,000|9,000|2026/08/19~2026/08/21|103.00||"
115062,聯華電子股份有限公司,宏遠證券股份有限公司,無擔保轉換公司債,40000,34000,2026-08-19,2026-08-21,2026-08-24,100.00,"115062|聯華電子股份有限公司|宏遠證券股份有限公司|無擔保轉換公司債|40,000|34,000|2026/08/19~2026/08/21|100.00||"
115063,盟立自動化股份有限公司,中國信託綜合證券股份有限公司,無擔保轉換公司債,10000,8500,2026-08-21,2026-08-25,2026-08-26,103.00,"115063|盟立自動化股份有限公司|中國信託綜合證券股份有限公司|無擔保轉換公司債|10,000|8,500|2026/08/21~2026/08/25|103.00||"
115064,寶一科技股份有限公司,台新綜合證券股份有限公司,有擔保轉換公司債,4000,3400,2026-08-26,2026-08-28,2026-08-31,101.00,"115064|寶一科技股份有限公司|台新綜合證券股份有限公司|有擔保轉換公司債|4,000|3,400|2026/08/26~2026/08/28|101.00||"
115065,辛耘企業股份有限公司,元大證券股份有限公司,無擔保轉換公司債,15000,13500,2026-09-07,2026-09-09,2026-09-10,107.00,"115065|辛耘企業股份有限公司|元大證券股份有限公司|無擔保轉換公司債|15,000|13,500|2026/09/07~2026/09/09|107.00||"
115066,晟田科技工業股份有限公司,凱基證券股份有限公司,有擔保轉換公司債,3000,2550,2026-09-04,2026-09-08,2026-09-09,100.00,"115066|晟田科技工業股份有限公司|凱基證券股份有限公司|有擔保轉換公司債|3,000|2,550|2026/09/04~2026/09/08|100.00||"
115067,晶宏半導體股份有限公司,統一綜合證券股份有限公司,無擔保轉換公司債,5000,4250,2026-09-07,2026-09-09,2026-09-10,103.50,"115067|晶宏半導體股份有限公司|統一綜合證券股份有限公司|無擔保轉換公司債|5,000|4,250|2026/09/07~2026/09/09|103.50||"
115068,增你強股份有限公司,富邦綜合證券股份有限公司,無擔保轉換公司債,10000,8500,2026-09-10,2026-09-14,2026-09-15,101.00,"115068|增你強股份有限公司|富邦綜合證券股份有限公司|無擔保轉換公司債|10,000|8,500|2026/09/10~2026/09/14|101.00||"
115069,星宇航空股份有限公司,元大證券股份有限公司,無擔保轉換公司債,15000,13500,2026-09-11,2026-09-15,2026-09-16,100.00,"115069|星宇航空股份有限公司|元大證券股份有限公司|無擔保轉換公司債|15,000|13,500|2026/09/11~2026/09/15|100.00||"
115070,晶豪科技股份有限公司,凱基證券股份有限公司,有擔保轉換公司債,20000,17290,2026-09-15,2026-09-17,2026-09-18,102.00,"115070|晶豪科技股份有限公司|凱基證券股份有限公司|有擔保轉換公司債|20,000|17,290|2026/09/15~2026/09/17|102.00||"
115071,可寧衛股份有限公司,中國信託綜合證券股份有限公司,無擔保轉換公司債,25000,22500,2026-09-17,2026-09-21,2026-09-22,100.00,"115071|可寧衛股份有限公司|中國信託綜合證券股份有限公司|無擔保轉換公司債|25,000|22,500|2026/09/17~2026/09/21|100.00||"
115072,欣大健康投資控股股份有限公司,統一綜合證券股份有限公司,有擔保轉換公司債,3000,2650,2026-10-05,2026-10-07,2026-10-08,102.00,"115072|欣大健康投資控股股份有限公司|統一綜合證券股份有限公司|有擔保轉換公司債|3,000|2,650|2026/10/05~2026/10/07|102.00||"
115073,台灣中華化學工業股份有限公司,統一綜合證券股份有限公司,無擔保轉換公司債,10000,8502,2026-10-02,2026-10-06,2026-10-07,101.50,"115073|臺灣中華化學工業股份有限公司|統一綜合證券股份有限公司|無擔保轉換公司債|10,000|8,502|2026/10/02~2026/10/06|101.50||"
115074,尖點科技股份有限公司,福邦證券股份有限公司,無擔保轉換公司債,4800,4200,2026-10-02,2026-10-06,2026-10-07,100.00,"115074|尖點科技股份有限公司|福邦證券股份有限公司|無擔保轉換公司債|4,800|4,200|2026/10/02~2026/10/06|100.00||"
115076,楠梓電子股份有限公司,富邦綜合證券股份有限公司,無擔保轉換公司債,35000,29800,2026-10-05,2026-10-07,2026-10-08,103.00,"115076|楠梓電子股份有限公司|富邦綜合證券股份有限公司|無擔保轉換公司債|35,000|29,800|2026/10/05~2026/10/07|103.00||"
