id,code,company,short,series,bond_code,type,method,lead,units,bb_units,bb_start,bb_end,premium_lo,premium_hi,min_price,done_date,price_base_date,conv_price,premium,issue_pct,pay_date,list_expected,issue_date,list_date,bb_sn,au_sn,nt_sn,board_date,board_amount,board_method,filed_date,eff_date,sfb_status,stop_date,sfb_amount,wd_date
au115077,6285,啟碁科技股份有限公司,,,,無擔保轉換公司債,競價拍賣,凱基證券股份有限公司,20000,17000,2026-10-07,2026-10-13,,,105.00,,,,,,,,,,,115077,,2026-08-05,6000000000,,,,,,,
b4556-2026-10-06-3,4556,旭然,,3,,有擔保轉換公司債,競價拍賣,授權董事長全權處理,2000,,,,,,,,,,,,,,,,,,,2026-10-06,200000000,競價拍賣,,,,,,
b3147-2026-10-06-1,3147,大綜,,1,,無擔保轉換公司債,詢價圈購,富邦綜合證券股份有限公司,12000,,,,,,,,,,,,,,,,,,,2026-10-06,1200000000,詢價圈購,,,,,,
au115075,8996,高力熱處理工業股份有限公司,,,,無擔保轉換公司債,競價拍賣,富邦綜合證券股份有限公司,15000,12769,2026-10-06,2026-10-09,,,105.00,,,,,,,,,,,115075,,2026-08-11,2500000000,,,,,,,
au115076,2316,楠梓電子股份有限公司,,,,無擔保轉換公司債,競價拍賣,富邦綜合證券股份有限公司,35000,29800,2026-10-05,2026-10-08,,,103.00,,,,,,,,,,,115076,,2026-06-26,3500000000,競價拍賣,,,,,,
au115072,4198,欣大健康投資控股股份有限公司,,,,有擔保轉換公司債,競價拍賣,統一綜合證券股份有限公司,3000,2650,2026-10-05,2026-10-08,,,102.00,,,,,,,,,,,115072,,2026-07-29,300000000,競價拍賣,,,,,,
b4916-2026-10-02-6,4916,事欣科,,6,,無擔保轉換公司債,詢價圈購,統一綜合證券股份有限公司,10000,,,,,,,,,,,,,,,,,,,2026-10-02,1000000000,詢價圈購,,,,,,
au115074,8021,尖點科技股份有限公司,,,,無擔保轉換公司債,競價拍賣,福邦證券股份有限公司,4800,4200,2026-10-02,2026-10-07,,,100.00,,,,,,,,,,,115074,,2026-08-14,480000000,競價拍賣,,,,,,
au115073,1727,台灣中華化學工業股份有限公司,,,,無擔保轉換公司債,競價拍賣,統一綜合證券股份有限公司,10000,8502,2026-10-02,2026-10-07,,,101.50,,,,,,,,,,,115073,,2026-08-12,1000000000,競價拍賣,,,,,,
77381,7738,東聯互動股份有限公司,東聯互動一,1,77381,無擔保轉換公司債,詢價圈購,永豐金證券股份有限公司,5000,4500,2026-10-02,2026-10-05,105.01,110.00,,2026-10-05,2026-10-07,163.5,105.26,100,2026-10-12,2026-10-16,2026-10-16,2026-10-16,115065,,115400,2026-03-13,500000000,競價拍賣,,,,,,
64383,6438,迅得機械股份有限公司,迅得三,3,64383,無擔保轉換公司債,詢價圈購,台新綜合證券股份有限公司,5000,4400,2026-09-29,2026-09-30,105.01,130.00,,2026-09-30,2026-10-02,172,105.20,100.5,2026-10-06,,2026-10-13,2026-10-13,115064,,115396,2026-08-12,500000000,詢價圈購,,,,,,
62854,6285,啟碁科技股份有限公司,啟碁四,4,62854,無擔保轉換公司債,詢價圈購,凱基證券股份有限公司,60000,51000,2026-09-24,2026-09-30,110.00,120.00,,2026-09-30,2026-10-02,268,114.20,101,2026-10-06,2026-10-13,2026-10-13,2026-10-13,115063,,115394,2026-08-05,6000000000,,,,,,,
89965,8996,高力熱處理工業股份有限公司,高力五,5,89965,無擔保轉換公司債,詢價圈購,富邦綜合證券股份有限公司,25000,22500,2026-09-23,2026-09-29,102.00,110.00,,2026-09-29,2026-10-01,1656,105.256,101.5,2026-10-05,2026-10-12,2026-10-12,2026-10-12,115062,,115395,2026-08-11,2500000000,,,,,,,
b7728-2026-09-22-2,7728,光焱科技,,2,,無擔保轉換公司債,詢價圈購,元大證券股份有限公司,6000,,,,,,,,,,,,,,,,,,,2026-09-22,600000000,詢價圈購,,,,,,
b7728-2026-09-22-1,7728,光焱科技,,1,,無擔保轉換公司債,競價拍賣,元大證券股份有限公司,5000,,,,,,,,,,,,,,,,,,,2026-09-22,500000000,競價拍賣,,,,,,
b3479-2026-09-22-4,3479,安勤,,4,,無擔保轉換公司債,競價拍賣,台新綜合證券股份有限公司,10000,,,,,,,,,,,,,,,,,,,2026-09-22,1000000000,競價拍賣,,,,,,
b7711-2026-09-17-1,7711,永擎,,1,,無擔保轉換公司債,競價拍賣,元大證券股份有限公司,42000,,,,,,,,,,,,,,,,,,,2026-09-17,4200000000,競價拍賣,,,,,,
84223,8422,可寧衛股份有限公司,可寧衛三,3,84223,無擔保轉換公司債,競價拍賣,中國信託綜合證券股份有限公司,25000,22500,2026-09-17,2026-09-22,,,100.00,2026-09-23,2026-09-14,30,114.29,100.7,2026-09-29,2026-10-06,2026-10-06,2026-10-06,,115071,115391,2026-07-02,2500000000,競價拍賣,,,,,,
b2344-2026-09-16-5,2344,華邦電,,5,,無擔保轉換公司債,競價拍賣,中國信託綜合證券股份有限公司,40000,,,,,,,,,,,,,,,,,,,2026-09-16,4000000000,競價拍賣,,,,,,
b2344-2026-09-16-4,2344,華邦電,,4,,無擔保轉換公司債,詢價圈購,中國信託綜合證券股份有限公司,140000,,,,,,,,,,,,,,,,,,,2026-09-16,14000000000,詢價圈購,,,,,,
61743,6174,安碁科技股份有限公司,安碁三,3,61743,無擔保轉換公司債,詢價圈購,兆豐證券股份有限公司,3000,2644,2026-09-16,2026-09-17,105.01,110.00,,2026-09-17,2026-09-22,46.4,105.22,102,2026-09-24,2026-10-02,2026-10-02,2026-10-02,115061,,115386,2026-08-11,300000000,詢價圈購,,,,,,
30062,3006,晶豪科技股份有限公司,晶豪科二,2,30062,有擔保轉換公司債,競價拍賣,凱基證券股份有限公司,20000,17290,2026-09-15,2026-09-18,,,102.00,2026-09-21,2026-09-10,308,102.44,118.49,2026-09-23,2026-10-02,2026-10-02,2026-10-02,,115070,115385,2026-05-22,2000000000,競價拍賣,,,,,,
84424,8442,威宏控股股份有限公司,威宏四KY,4,84424,無擔保轉換公司債,詢價圈購,富邦綜合證券股份有限公司,2000,1700,2026-09-14,2026-09-16,105.01,110.00,,2026-09-16,2026-09-18,48,105.01,100,2026-09-22,2026-09-30,2026-09-30,2026-09-30,115059,,115380,2026-03-13,400000000,,,,,,,
26461,2646,星宇航空股份有限公司,星宇航空一,1,26461,無擔保轉換公司債,詢價圈購,元大證券股份有限公司,5000,4500,2026-09-14,2026-09-15,105.10,106.00,,2026-09-15,2026-09-17,21.4,,100,2026-09-21,2026-09-29,2026-09-29,2026-09-29,115060,,115377,2026-05-12,2000000000,,,,,,,
26462,2646,星宇航空股份有限公司,星宇航空二,2,26462,無擔保轉換公司債,競價拍賣,元大證券股份有限公司,15000,13500,2026-09-11,2026-09-16,,,100.00,2026-09-17,2026-09-08,21.2,103,101.18,2026-09-21,2026-09-30,2026-09-30,2026-09-30,,115069,115379,2026-05-12,2000000000,,,,,,,
30286,3028,增你強股份有限公司,增你強六,6,30286,無擔保轉換公司債,競價拍賣,富邦綜合證券股份有限公司,10000,8500,2026-09-10,2026-09-15,,,101.00,2026-09-16,2026-09-07,67.8,104.79,106.52,2026-09-18,2026-09-29,2026-09-29,2026-09-29,,115068,115376,2026-05-08,500000000,,,,,,,
27562,2756,聯發國際餐飲事業股份有限公司,聯發國際二,2,27562,無擔保轉換公司債,詢價圈購,統一綜合證券股份有限公司,4000,3510,2026-09-10,2026-09-11,105.01,110.00,,2026-09-11,2026-09-15,64.3,105.01,101,2026-09-17,2026-09-23,2026-09-23,2026-09-23,115058,,115375,2026-08-07,400000000,詢價圈購,,,,,,
45415,4541,晟田科技工業股份有限公司,晟田五,5,45415,無擔保轉換公司債,詢價圈購,凱基證券股份有限公司,3000,1780,2026-09-09,2026-09-10,105.10,110.00,,2026-09-10,2026-09-01,68.8,103.1,114.41,2026-09-14,2026-09-21,2026-09-21,2026-09-21,115057,,115372,2026-06-11,200000000,詢價圈購,,,,,,
b4542-2026-09-07-2_3,4542,科嶠,,,,無擔保轉換公司債,,富邦綜合證券股份有限公司,5000,,,,,,,,,,,,,,,,,,,2026-09-07,500000000,,,,,,,
35834,3583,辛耘企業股份有限公司,辛耘四,4,35834,無擔保轉換公司債,競價拍賣,元大證券股份有限公司,15000,13500,2026-09-07,2026-09-10,,,107.00,2026-09-11,2026-09-02,825,106.73,126.89,2026-09-15,2026-09-22,2026-09-22,2026-09-22,,115065,115365,2026-05-08,3000000000,,,,,,,
32609,3260,威剛科技股份有限公司,威剛九,9,32609,無擔保轉換公司債,詢價圈購,群益金鼎證券股份有限公司,30000,26460,2026-09-07,2026-09-08,101.50,120.00,,2026-09-08,2026-09-10,435.5,106.95,102,2026-09-14,2026-09-18,2026-09-18,2026-09-18,115055,,115362,2026-07-28,3000000000,詢價圈購,,,,,,
31415,3141,晶宏半導體股份有限公司,晶宏五,5,31415,無擔保轉換公司債,競價拍賣,統一綜合證券股份有限公司,5000,4250,2026-09-07,2026-09-10,,,103.50,2026-09-11,2026-09-02,81.83,102.00,118.48,2026-09-15,2026-09-22,2026-09-22,2026-09-22,,115067,115366,2026-06-16,500000000,,,,,,,
b3033-2026-09-04-8,3033,威健,,8,,無擔保轉換公司債,詢價圈購,華南永昌綜合證券股份有限公司,40000,,,,,,,,,,,,,,,,,,,2026-09-04,4000000000,詢價圈購,,,,,,
b2492-2026-09-04-2,2492,華新科,,2,,無擔保轉換公司債,詢價圈購,國泰綜合證券股份有限公司,45000,,,,,,,,,,,,,,,,,,,2026-09-04,4500000000,詢價圈購,,,,,,
45416,4541,晟田科技工業股份有限公司,晟田六,6,45416,有擔保轉換公司債,競價拍賣,凱基證券股份有限公司,3000,2550,2026-09-04,2026-09-09,,,100.00,2026-09-10,2026-09-14,62.8,105.8,100.5,2026-09-16,2026-09-22,2026-09-22,2026-09-22,,115066,115374,2026-06-11,300000000,競價拍賣,,,,,,
b6937-2026-09-01-1,6937,天虹,,1,,無擔保轉換公司債,競價拍賣,元大證券股份有限公司,8000,,,,,,,,,,,,,,,,,,,2026-09-01,800000000,競價拍賣,,,,,,
22211,2221,大甲永和機械工業股份有限公司,大甲一,1,22211,無擔保轉換公司債,詢價圈購,統一綜合證券股份有限公司,5000,4400,2026-08-31,2026-09-01,105.01,110.00,,2026-09-01,2026-09-03,82.16,105.01,100,2026-09-07,2026-09-11,2026-09-11,2026-09-11,115054,,115354,2026-07-29,500000000,詢價圈購,,,,,,
77431,7743,金利食安科技股份有限公司,金利食安一,1,77431,無擔保轉換公司債,詢價圈購,永豐金證券股份有限公司,2000,1750,2026-08-28,2026-08-31,106.00,110.00,,2026-08-31,2026-09-02,22.5,106.13,102.5,2026-09-04,2026-09-10,2026-09-10,2026-09-10,115053,,115346,2026-07-28,200000000,詢價圈購,,,,,,
b2368-2026-08-27-4,2368,金像電,,4,,無擔保轉換公司債,競價拍賣,台新綜合證券股份有限公司,60000,,,,,,,,,,,,,,,,,,,2026-08-27,6000000000,競價拍賣,,,,,,
b2012-2026-08-27-4,2012,春雨,,4,,無擔保轉換公司債,詢價圈購,群益金鼎證券股份有限公司,12000,,,,,,,,,,,,,,,,,,,2026-08-27,1200000000,詢價圈購,,,,,,
82221,8222,寶一科技股份有限公司,寶一一,1,82221,有擔保轉換公司債,競價拍賣,台新綜合證券股份有限公司,4000,3400,2026-08-26,2026-08-31,,,101.00,2026-09-01,,42.3,105.00,113.02,2026-09-03,2026-09-10,2026-09-10,2026-09-10,,115064,115348,2026-03-09,400000000,競價拍賣,,,,,,
24643,2464,盟立自動化股份有限公司,盟立三,3,24643,無擔保轉換公司債,競價拍賣,中國信託綜合證券股份有限公司,10000,8500,2026-08-21,2026-08-26,,,103.00,2026-08-27,2026-08-18,202.8,106,114.07,2026-08-31,2026-09-07,2026-09-07,2026-09-07,,115063,115340,2026-06-16,1000000000,競價拍賣,,,,,,
b6534-2026-08-19-1,6534,正瀚-創,,1,,有擔保轉換公司債,詢價圈購,富邦綜合證券股份有限公司,7000,,,,,,,,,,,,,,,,,,,2026-08-19,700000000,詢價圈購,,,,,,
23032,2303,聯華電子股份有限公司,聯電二,2,23032,無擔保轉換公司債,競價拍賣,宏遠證券股份有限公司,40000,34000,2026-08-19,2026-08-24,,,100.00,2026-08-26,2026-08-14,130.7,104.98,119.82,2026-08-28,2026-09-03,2026-09-03,2026-09-03,,115062,115336,2026-06-03,4000000000,競價拍賣,,,,,,
15602,1560,中國砂輪企業股份有限公司,中砂二,2,15602,無擔保轉換公司債,競價拍賣,元大證券股份有限公司,10000,9000,2026-08-19,2026-08-24,,,103.00,2026-08-26,2026-08-14,708.3,102,124.21,2026-08-28,2026-09-03,2026-09-03,2026-09-03,,115061,115337,2026-06-18,1000000000,競價拍賣,,,,,,
b5381-2026-08-14-3,5381,光譜,,3,,有擔保轉換公司債,競價拍賣,富邦綜合證券股份有限公司,5000,,,,,,,,,,,,,,,,,,,2026-08-14,500000000,競價拍賣,,,,,,
31494,3149,正達國際光電股份有限公司,正達四,4,31494,有擔保轉換公司債,競價拍賣,台新綜合證券股份有限公司,6500,5525,2026-08-14,2026-08-19,,,100.00,2026-08-20,,68.1,104.42,113.79,2026-08-24,2026-08-31,2026-08-31,2026-08-31,,115059,115331,2025-11-22,650000000,競價拍賣,,,,,,
b6658-2026-08-13-1,6658,聯策,,1,,無擔保轉換公司債,競價拍賣,台新綜合證券股份有限公司,3000,,,,,,,,,,,,,,,,,,,2026-08-13,300000000,競價拍賣,,,,,,
b3450-2026-08-13-1_2,3450,聯鈞,,,,無擔保轉換公司債,,元大證券股份有限公司,30000,,,,,,,,,,,,,,,,,,,2026-08-13,3000000000,,,,,,,
89366,8936,國統國際股份有限公司,國統六,6,89366,無擔保轉換公司債,競價拍賣,台新綜合證券股份有限公司,6000,5100,2026-08-13,2026-08-18,,,102.00,2026-08-19,,53.8,102.09,102.00,2026-08-21,2026-08-28,2026-08-28,2026-08-28,,115060,115330,2026-05-12,600000000,,,,,,,
b8147-2026-08-12-4,8147,正淩,,4,,無擔保轉換公司債,競價拍賣,授權董事長全權處理之,3000,,,,,,,,,,,,,,,,,,,2026-08-12,300000000,競價拍賣,,,,,,
b3533-2026-08-12-3,3533,嘉澤,,3,,無擔保轉換公司債,競價拍賣,華南永昌綜合證券股份有限公司,30000,,,,,,,,,,,,,,,,,,,2026-08-12,3000000000,競價拍賣,,,,,,
b3455-2026-08-12-1_2,3455,由田,,,,無擔保轉換公司債,,由董事會授權董事長全權處理之,10000,,,,,,,,,,,,,,,,,,,2026-08-12,1000000000,,,,,,,
b3209-2026-08-12-5,3209,全科,,5,,無擔保轉換公司債,競價拍賣,授權董事長決定,15000,,,,,,,,,,,,,,,,,,,2026-08-12,1500000000,競價拍賣,,,,,,
b2367-2026-08-12-3,2367,燿華,,3,,無擔保轉換公司債,詢價圈購,台銀綜合證券股份有限公司,15000,,,,,,,,,,,,,,,,,,,2026-08-12,1500000000,詢價圈購,,,,,,
b1569-2026-08-12-7,1569,濱川,,7,,有擔保轉換公司債,競價拍賣,授權董事長決定,4000,,,,,,,,,,,,,,,,,,,2026-08-12,400000000,競價拍賣,,,,,,
76311,7631,聚賢研發股份有限公司,聚賢研發一創,1,76311,無擔保轉換公司債,詢價圈購,宏遠證券股份有限公司,4000,3400,2026-08-12,2026-08-14,102.00,110.00,,2026-08-14,2026-08-18,150.8,105.38,100.5,,2026-08-26,2026-08-26,2026-08-26,115052,,115328,2026-06-24,400000000,詢價圈購,,,,,,
b6725-2026-08-11-1,6725,矽科宏晟,,1,,無擔保轉換公司債,詢價圈購,台新綜合證券(股)公司,6000,,,,,,,,,,,,,,,,,,,2026-08-11,600000000,詢價圈購,,,,,,
b3706-2026-08-11-1_2,3706,神達,,,,無擔保轉換公司債,,凱基證券股份有限公司,100000,,,,,,,,,,,,,,,,,,,2026-08-11,10000000000,,,,,,,
b3702-2026-08-11-4,3702,大聯大,,4,,無擔保轉換公司債,詢價圈購,授權董事長決定,150000,,,,,,,,,,,,,,,,,,,2026-08-11,15000000000,詢價圈購,,,,,,
b3095-2026-08-11-5,3095,及成,,5,,有擔保轉換公司債,競價拍賣,台新綜合證券股份有限公司,1000,,,,,,,,,,,,,,,,,,,2026-08-11,100000000,競價拍賣,,,,,,
b7740-2026-08-10-1,7740,熙特爾-創,,1,,無擔保轉換公司債,詢價圈購,富邦綜合證券股份有限公司,12000,,,,,,,,,,,,,,,,,,,2026-08-10,1200000000,詢價圈購,,,,,,
b6846-2026-08-10-3,6846,綠茵,,3,,無擔保轉換公司債,競價拍賣,福邦證券股份有限公司,3000,,,,,,,,,,,,,,,,,,,2026-08-10,300000000,競價拍賣,,,,,,
b4906-2026-08-10-7_8,4906,正文,,,,無擔保轉換公司債,,凱基證券股份有限公司,12000,,,,,,,,,,,,,,,,,,,2026-08-10,1200000000,,,,,,,
b4566-2026-08-10-4,4566,時碩工業,,4,,無擔保轉換公司債,詢價圈購,台新綜合證券股份有限公司,10000,,,,,,,,,,,,,,,,,,,2026-08-10,1000000000,詢價圈購,,,,,,
32191,3219,倚強科技股份有限公司,倚強科一,1,32191,無擔保轉換公司債,競價拍賣,群益金鼎證券股份有限公司,6000,5100,2026-08-10,2026-08-13,,,100.00,2026-08-14,,66.4,106.58,109.5,2026-08-18,2026-08-25,2026-08-25,2026-08-25,,115058,115325,2026-07-01,600000000,競價拍賣,,,,,,
b6669-2026-08-07-1,6669,緯穎,,1,,無擔保轉換公司債,詢價圈購,授權董事長或其指定之人全權處理之,150000,,,,,,,,,,,,,,,,,,,2026-08-07,15000000000,詢價圈購,,,,,,
b4540-2026-08-07-3,4540,全球傳動,,3,,有擔保轉換公司債,競價拍賣,授權董事長全權處理之,3000,,,,,,,,,,,,,,,,,,,2026-08-07,300000000,競價拍賣,,,,,,
b3413-2026-08-07-3,3413,京鼎,,3,,無擔保轉換公司債,詢價圈購,福邦證券股份有限公司,35000,,,,,,,,,,,,,,,,,,,2026-08-07,3500000000,詢價圈購,,,,,,
49731,4973,廣穎電通股份有限公司,廣穎電通一,1,49731,無擔保轉換公司債,詢價圈購,台新綜合證券股份有限公司,5000,4500,2026-08-07,2026-08-11,105.01,120.00,,2026-08-11,2026-08-13,169.6,106.67,100,2026-08-14,,2026-08-21,2026-08-21,115051,,115323,2026-05-08,500000000,詢價圈購,,,,,,
b6944-2026-08-06-1_2,6944,兆聯實業,,,,無擔保轉換公司債,,富邦綜合證券股份有限公司,13000,,,,,,,,,,,,,,,,,,,2026-08-06,1300000000,,,,,,,
b6922-2026-08-06-1,6922,宸曜,,1,,無擔保轉換公司債,競價拍賣,凱基證券股份有限公司,5000,,,,,,,,,,,,,,,,,,,2026-08-06,500000000,競價拍賣,,,,,,
b3289-2026-08-06-6,3289,宜特,,6,,無擔保轉換公司債,詢價圈購,授權董事長決定,12000,,,,,,,,,,,,,,,,,,,2026-08-06,1200000000,詢價圈購,,,,,,
30166,3016,嘉晶電子股份有限公司,嘉晶六,6,30166,無擔保轉換公司債,詢價圈購,凱基證券股份有限公司,3500,3126,2026-08-05,2026-08-06,105.01,115.00,,2026-08-06,2026-08-10,105,107.56,101,2026-08-12,2026-08-18,2026-08-18,2026-08-18,115050,,115317,2026-06-30,350000000,詢價圈購,,,,,,
65702,6570,維田科技股份有限公司,維田二,2,65702,無擔保轉換公司債,詢價圈購,統一綜合證券股份有限公司,2500,2250,2026-08-03,2026-08-04,105.01,110.00,,2026-08-04,2026-08-06,55.73,106,101,2026-08-10,2026-08-14,2026-08-14,2026-08-14,115049,,115313,2026-06-29,250000000,詢價圈購,,,,,,
49675,4967,十銓科技股份有限公司,十銓五,5,49675,無擔保轉換公司債,競價拍賣,永豐金證券股份有限公司,30000,25932,2026-08-03,2026-08-06,,,102.00,2026-08-07,2026-07-29,213.5,101.67,124.55,2026-08-11,2026-08-18,2026-08-18,2026-08-18,,115056,115316,2026-06-17,3000000000,競價拍賣,,,,,,
35122,3512,皇龍開發股份有限公司,皇龍二,2,35122,有擔保轉換公司債,競價拍賣,台新綜合證券股份有限公司,6000,5100,2026-08-03,2026-08-06,,,100.00,2026-08-07,,20.5,104.86,102.75,2026-08-11,2026-08-18,2026-08-18,2026-08-18,,115057,115318,2026-06-01,600000000,競價拍賣,,,,,,
89365,8936,國統國際股份有限公司,國統五,5,89365,有擔保轉換公司債,競價拍賣,台新綜合證券股份有限公司,6000,5100,2026-07-31,2026-08-05,,,102.00,2026-08-06,,55,103.58,110.35,2026-08-10,2026-08-17,2026-08-17,2026-08-17,,115054,115314,2026-05-12,600000000,,,,,,,
55363,5536,聖暉工程科技股份有限公司,聖暉三,3,55363,無擔保轉換公司債,競價拍賣,國票綜合證券股份有限公司,15000,12750,2026-07-31,2026-08-05,,,102.00,2026-08-06,2026-07-28,1158,104.796,117.04,2026-08-10,2026-08-17,2026-08-17,2026-08-17,,115055,115315,2026-06-17,1500000000,,,,,,,
30811,3081,聯亞光電工業股份有限公司,聯亞一,1,30811,無擔保轉換公司債,詢價圈購,元大證券股份有限公司,12000,15822,2026-07-31,2026-08-03,105.10,120.00,,2026-08-03,2026-07-23,1757.9,105.58,123.88,2026-08-05,2026-08-12,2026-08-12,2026-08-12,115048,,115307,2026-06-17,1200000000,競價拍賣,,,,,,
b6274-2026-07-29-6,6274,台燿,,6,,無擔保轉換公司債,詢價圈購,統一綜合證券股份有限公司,100000,,,,,,,,,,,,,,,,,,,2026-07-29,10000000000,詢價圈購,,,,,,
81553,8155,博智電子股份有限公司,博智三,3,81553,無擔保轉換公司債,競價拍賣,凱基證券股份有限公司,20000,17600,2026-07-29,2026-08-03,,,105.00,2026-08-04,2026-07-24,318,102.19,113.36,2026-08-06,2026-08-13,2026-08-13,2026-08-13,,115053,115308,2026-06-09,3000000000,,,,,,,
30812,3081,聯亞光電工業股份有限公司,聯亞二,2,30812,有擔保轉換公司債,競價拍賣,元大證券股份有限公司,18000,10788,2026-07-28,2026-07-31,,,105.00,2026-08-03,2026-08-05,2168.8,,104,2026-08-07,2026-08-13,2026-08-13,2026-08-13,,115052,115310,2026-06-17,1800000000,詢價圈購,,,,,,
31414,3141,晶宏半導體股份有限公司,晶宏四,4,31414,無擔保轉換公司債,詢價圈購,統一綜合證券股份有限公司,5000,4410,2026-07-27,2026-07-28,105.01,110.00,,2026-07-28,2026-07-30,63.01,105.01,101,2026-08-03,2026-08-07,2026-08-07,2026-08-07,115047,,115293,2026-06-16,500000000,,,,,,,
66831,6683,雍智科技股份有限公司,雍智一,1,66831,無擔保轉換公司債,競價拍賣,凱基證券股份有限公司,15000,12750,2026-07-24,2026-07-29,,,102.00,2026-07-30,2026-07-21,1127.1,102,117.75,2026-08-03,2026-08-10,2026-08-10,2026-08-10,,115051,115297,2026-04-13,1500000000,競價拍賣,,,,,,
23031,2303,聯華電子股份有限公司,聯電一,1,23031,無擔保轉換公司債,詢價圈購,宏遠證券股份有限公司,120000,102000,2026-07-24,2026-07-28,105.00,120.00,,2026-07-28,2026-07-30,146,119.97,101,,2026-08-07,2026-08-07,2026-08-07,115046,,115294,2026-06-03,12000000000,詢價圈購,,,,,,
69032,6903,巨漢系統科技股份有限公司,巨漢二,2,69032,無擔保轉換公司債,競價拍賣,富邦綜合證券股份有限公司,10000,8500,2026-07-23,2026-07-28,,,102.00,2026-07-29,2026-07-20,369.8,102,116.12,2026-07-31,2026-08-07,2026-08-07,2026-08-07,,115050,115295,2026-05-12,500000000,,,,,,,
84381,8438,昶昕實業股份有限公司,昶昕一,1,84381,無擔保轉換公司債,競價拍賣,台新綜合證券股份有限公司,3000,2550,2026-07-21,2026-07-24,,,100.00,2026-07-27,2026-07-16,90.8,102.02,100.00,2026-07-29,2026-08-05,2026-08-05,2026-08-05,,115049,115290,2026-02-24,300000000,競價拍賣,,,,,,
55362,5536,聖暉工程科技股份有限公司,聖暉二,2,55362,無擔保轉換公司債,詢價圈購,國票綜合證券股份有限公司,15000,13250,2026-07-21,2026-07-23,105.10,110.00,,2026-07-23,2026-07-27,1178,105.18,102,2026-07-29,2026-08-04,2026-08-04,2026-08-04,115045,,115289,2026-06-17,1500000000,,,,,,,
47642,4764,雙鍵化工股份有限公司,雙鍵二,2,47642,有擔保轉換公司債,競價拍賣,凱基證券股份有限公司,5000,4430,2026-07-21,2026-07-24,,,102.00,2026-07-27,2026-07-16,336.8,102.03,122.54,2026-07-29,2026-08-05,2026-08-05,2026-08-05,,115048,115291,2026-03-13,500000000,競價拍賣,,,,,,
81552,8155,博智電子股份有限公司,博智二,2,81552,無擔保轉換公司債,詢價圈購,凱基證券股份有限公司,30000,26400,2026-07-20,2026-07-22,105.00,115.00,,2026-07-22,2026-07-24,338,108.62,105,2026-07-28,2026-08-03,2026-08-03,2026-08-03,115044,,115285,2026-06-09,3000000000,,,,,,,
b6597-2026-07-16-1,6597,立誠,,1,,無擔保轉換公司債,詢價圈購,福邦證券股份有限公司,4500,,,,,,,,,,,,,,,,,,,2026-07-16,450000000,詢價圈購,,,,,,
52912,5291,邑昇實業股份有限公司,邑昇二,2,52912,無擔保轉換公司債,詢價圈購,統一綜合證券股份有限公司,2000,1780,2026-07-16,2026-07-17,105.01,110.00,,2026-07-17,2026-07-21,53,107.5,100,2026-07-23,2026-07-29,2026-07-29,2026-07-29,115043,,115281,2026-04-22,200000000,詢價圈購,,,,,,
b3339-2026-07-14-5,3339,泰谷,,5,,有擔保轉換公司債,競價拍賣,永豐金證券股份有限公司,5000,,,,,,,,,,,,,,,,,,,2026-07-14,500000000,競價拍賣,,,,,,
35833,3583,辛耘企業股份有限公司,辛耘三,3,35833,無擔保轉換公司債,詢價圈購,元大證券股份有限公司,5000,4500,2026-07-14,2026-07-16,105.01,110.00,,2026-07-16,2026-07-22,850,,107,2026-07-24,2026-07-30,2026-07-30,2026-07-30,115042,,115284,2026-05-08,3000000000,,,,,,,
69031,6903,巨漢系統科技股份有限公司,巨漢一,1,69031,無擔保轉換公司債,詢價圈購,富邦綜合證券股份有限公司,5000,4500,2026-07-10,2026-07-14,105.01,110.00,,2026-07-14,2026-07-16,406.6,105.01,105,2026-07-20,2026-07-24,2026-07-24,2026-07-24,115041,,115272,2026-05-12,500000000,,,,,,,
24867,2486,一詮精密工業股份有限公司,一詮七,7,24867,無擔保轉換公司債,詢價圈購,中國信託綜合證券股份有限公司,20000,17533,2026-07-10,2026-07-14,102.00,110.00,,2026-07-14,2026-07-15,256,104.28,100.3,2026-07-17,2026-07-23,2026-07-23,2026-07-23,115040,,115269,2026-04-14,2000000000,詢價圈購,,,,,,
84423,8442,威宏控股股份有限公司-KY,威宏三KY,3,84423,有擔保轉換公司債,競價拍賣,富邦綜合證券股份有限公司,4000,3400,2026-07-09,2026-07-14,,,100.00,2026-07-15,2026-07-06,42.5,102,110.59,2026-07-17,2026-07-24,2026-07-24,2026-07-24,,115046,115270,2026-03-13,400000000,,,,,,,
68692,6869,雲豹能源科技股份有限公司,雲豹能源二,2,68692,有擔保轉換公司債,競價拍賣,凱基證券股份有限公司,18000,15600,2026-07-09,2026-07-14,,,100.00,2026-07-15,2026-07-06,72.3,102,104.28,2026-07-17,2026-07-24,2026-07-24,2026-07-24,,115047,115275,2026-05-12,1800000000,競價拍賣,,,,,,
66931,6693,廣閎科技股份有限公司,廣閎科一,1,66931,無擔保轉換公司債,詢價圈購,兆豐證券股份有限公司,5000,4380,2026-07-08,2026-07-09,105.10,110.00,,2026-07-09,2026-07-16,228.1,105.1,102,2026-07-20,2026-07-24,2026-07-24,2026-07-24,115039,,115273,,,,,,,,,
80541,8054,安國國際科技股份有限公司,安國一,1,80541,有擔保轉換公司債,競價拍賣,福邦證券股份有限公司,4000,3400,2026-07-06,2026-07-09,,,100.00,2026-07-13,2026-07-01,122.6,103.03,116.19,2026-07-15,2026-07-22,2026-07-22,2026-07-22,,115044,115267,2026-05-08,400000000,競價拍賣,,,,,,
30285,3028,增你強股份有限公司,增你強五,5,30285,無擔保轉換公司債,詢價圈購,富邦綜合證券股份有限公司,5000,4363,2026-07-06,2026-07-08,105.01,110.00,,2026-07-08,2026-07-16,78,106.12,100.5,2026-07-20,2026-07-24,2026-07-24,2026-07-24,115038,,115274,2026-05-08,500000000,,,,,,,
61343,6134,萬旭電業股份有限公司,萬旭三,3,61343,有擔保轉換公司債,競價拍賣,中國信託綜合證券股份有限公司,3000,2550,2026-07-02,2026-07-07,,,100.00,2026-07-08,2026-06-29,34,103.50,121.18,2026-07-10,2026-07-17,2026-07-20,2026-07-20,,115043,115263,2026-05-12,300000000,競價拍賣,,,,,,
16231,1623,大東電業廠股份有限公司,大東電一,1,16231,無擔保轉換公司債,詢價圈購,國泰綜合證券股份有限公司,20000,17500,2026-07-02,2026-07-06,105.00,110.00,,2026-07-06,2026-07-08,232,105.12,100.5,2026-07-10,2026-07-16,2026-07-16,2026-07-16,115037,,115261,2026-05-29,2000000000,詢價圈購,,,,,,
80963,8096,擎亞電子股份有限公司,擎亞三,3,80963,無擔保轉換公司債,競價拍賣,統一綜合證券股份有限公司,5000,4250,2026-06-29,2026-07-02,,,100.00,2026-07-03,2026-06-24,155,103,114.60,2026-07-07,2026-07-14,2026-07-14,2026-07-14,,115042,115258,2026-05-11,800000000,,,,,,,
bb115036,6693,廣閎科技股份有限公司,,,,無擔保轉換公司債,詢價圈購,兆豐證券股份有限公司,5000,4380,2026-06-24,2026-06-25,105.10,110.00,,,,,,,,,,,115036,,,2026-05-06,500000000,詢價圈購,,,,,,
36054,3605,宏致電子股份有限公司,宏致四,4,36054,無擔保轉換公司債,詢價圈購,凱基證券股份有限公司,10000,8520,2026-06-23,2026-06-24,106.00,120.00,,2026-06-24,2026-06-26,88,111.73,100.5,2026-06-30,2026-07-06,2026-07-06,2026-07-06,115035,,115248,,,,,,,,,
80962,8096,擎亞電子股份有限公司,擎亞二,2,80962,無擔保轉換公司債,詢價圈購,統一綜合證券股份有限公司,8000,6930,2026-06-18,2026-06-22,105.01,110.00,,2026-06-22,2026-06-24,158,105.01,101,2026-06-26,2026-07-02,2026-07-02,2026-07-02,115033,,115242,2026-05-11,800000000,,,,,,,
65843,6584,南俊國際股份有限公司,南俊國際三,3,65843,無擔保轉換公司債,詢價圈購,凱基證券股份有限公司,8000,7105,2026-06-18,2026-06-22,105.10,110.00,,2026-06-22,2026-06-24,685,105.55,100,2026-06-26,2026-07-02,2026-07-02,2026-07-02,115034,,115245,2026-05-11,800000000,詢價圈購,,,,,,
61876,6187,萬潤科技股份有限公司,萬潤六,6,61876,無擔保轉換公司債,競價拍賣,元大證券股份有限公司,30000,25500,2026-06-16,2026-06-19,,,102.00,2026-06-23,2026-06-11,1150,104.36,140.21,2026-06-25,2026-07-02,2026-07-02,2026-07-02,,115041,115244,2026-04-30,3000000000,競價拍賣,,,,,,
52892,5289,宜鼎國際股份有限公司,宜鼎二,2,52892,無擔保轉換公司債,競價拍賣,凱基證券股份有限公司,30000,26555,2026-06-15,2026-06-18,,,102.00,2026-06-22,2026-06-10,2180,109.55,125.69,2026-06-24,2026-07-01,2026-07-01,2026-07-01,,115038,115239,2026-02-26,3000000000,競價拍賣,,,,,,
65463,6546,正基科技股份有限公司,正基三,3,65463,無擔保轉換公司債,競價拍賣,凱基證券股份有限公司,2000,1760,2026-06-12,2026-06-17,,,105.00,2026-06-18,2026-06-09,81.5,103.69,111.04,2026-06-23,2026-06-30,2026-06-30,2026-06-30,,115039,115236,2026-04-07,500000000,,,,,,,
41904,4190,佐登妮絲集團股份有限公司,佐登四KY,4,41904,有擔保轉換公司債,競價拍賣,華南永昌綜合證券股份有限公司,5000,4750,2026-06-12,2026-06-17,,,100.00,2026-06-18,2026-06-09,26.6,107.00,100.00,2026-06-23,2026-06-30,2026-06-30,2026-06-30,,115040,115240,2026-04-14,600000000,競價拍賣,,,,,,
811211,8112,至上電子股份有限公司,至上11,11,811211,無擔保轉換公司債,詢價圈購,凱基證券股份有限公司,20000,17470,2026-06-09,2026-06-10,102.00,115.00,,2026-06-10,2026-06-12,95.3,104.36,100.2,2026-06-16,2026-06-23,2026-06-23,2026-06-23,115032,,115227,2026-05-11,2000000000,詢價圈購,,,,,,
b3597-2026-06-04-2,3597,映興,,2,,無擔保轉換公司債,競價拍賣,德信綜合證券股份有限公司,2000,,,,,,,,,,,,,,,,,,,2026-06-04,200000000,競價拍賣,,,,,,
32943,3294,英濟股份有限公司,英濟三,3,32943,有擔保轉換公司債,競價拍賣,台新綜合證券股份有限公司,3000,2550,2026-06-03,2026-06-08,,,100.00,2026-06-09,,41.8,103,117.71,2026-06-11,2026-06-18,2026-06-18,2026-06-18,,115037,115224,2025-12-12,300000000,競價拍賣,2025-12-30,2026-01-16,生效,,300000000,
62236,6223,旺矽科技股份有限公司,旺矽六,6,62236,無擔保轉換公司債,詢價圈購,凱基證券股份有限公司,50000,44900,2026-06-01,2026-06-03,102.00,115.00,,2026-06-03,2026-06-05,6223,106.832,100.5,2026-06-09,2026-06-15,2026-06-15,2026-06-15,115031,,115218,2026-04-08,5000000000,,,,,,,
b8916-2026-05-29-2,8916,光隆,,2,,無擔保轉換公司債,競價拍賣,永豐金證券股份有限公司,2000,,,,,,,,,,,,,,,,,,,2026-05-29,200000000,競價拍賣,,,,,,2026-08-07
b2530-2026-05-29-5,2530,華建,,5,,無擔保轉換公司債,競價拍賣,台新綜合證券股份有限公司,9000,,,,,,,,,,,,,,,,,,,2026-05-29,900000000,競價拍賣,,,,,,
65462,6546,正基科技股份有限公司,正基二,2,65462,無擔保轉換公司債,詢價圈購,凱基證券股份有限公司,5000,4750,2026-05-27,2026-05-28,106.00,110.00,,2026-05-28,2026-06-01,88.5,109.10,100.5,2026-06-03,2026-06-09,2026-06-09,2026-06-09,115030,,115209,2026-04-07,500000000,,,,,,,
622010,6220,岳豐科技股份有限公司,岳豐十,10,622010,有擔保轉換公司債,競價拍賣,凱基證券股份有限公司,5000,4250,2026-05-26,2026-05-29,,,102.00,2026-06-01,2026-05-21,33,106.28,112.14,2026-06-03,2026-06-10,2026-06-10,2026-06-10,,115036,115210,2026-04-10,500000000,競價拍賣,,,,,,
34913,3491,昇達科技股份有限公司,昇達科三,3,34913,無擔保轉換公司債,競價拍賣,凱基證券股份有限公司,12000,10200,2026-05-25,2026-05-28,,,102.00,2026-05-29,2026-05-20,1788,103.293,144.93,2026-06-02,2026-06-09,2026-06-09,2026-06-09,,115035,115208,2026-04-16,1200000000,競價拍賣,,,,,,
17172,1717,長興材料工業股份有限公司,長興二,2,17172,無擔保轉換公司債,競價拍賣,台新綜合證券股份有限公司,20000,17000,2026-05-22,2026-05-27,,,100.00,2026-05-28,,76,102.98,130.28,2026-06-01,2026-06-08,2026-06-08,2026-06-08,,115034,115207,2026-03-13,2000000000,競價拍賣,,,,,,
b5263-2026-05-14-6,5263,智崴,,6,,有擔保轉換公司債,競價拍賣,兆豐證券股份有限公司,6000,,,,,,,,,,,,,,,,,,,2026-05-14,600000000,競價拍賣,,,,,,
49311,4931,新盛力科技股份有限公司,新盛力一,1,49311,無擔保轉換公司債,競價拍賣,台新綜合證券股份有限公司,7000,5950,2026-05-14,2026-05-19,,,102.00,2026-05-20,,175,102.94,135.82,2026-05-22,2026-05-29,2026-05-29,2026-05-29,,115033,115196,2026-03-06,700000000,競價拍賣,,,,,,
b3128-2026-05-13-3,3128,昇銳,,3,,無擔保轉換公司債,競價拍賣,群益金鼎證券股份有限公司,3000,,,,,,,,,,,,,,,,,,,2026-05-13,300000000,競價拍賣,,,,,,2026-07-14
47491,4749,新應材股份有限公司,新應材一,1,47491,無擔保轉換公司債,競價拍賣,兆豐證券股份有限公司,20000,17000,2026-05-13,2026-05-18,,,100.00,2026-05-19,2026-05-08,1072,106.92,134.69,2026-05-21,2026-05-28,2026-05-28,2026-05-28,,115032,115192,2026-03-11,2000000000,競價拍賣,,,,,,
47224,4722,國精化學股份有限公司,國精化四,4,47224,無擔保轉換公司債,詢價圈購,華南永昌綜合證券股份有限公司,10000,8680,2026-05-13,2026-05-15,105.10,110.00,,,2026-05-18,265.7,,102,,2026-05-26,2026-05-26,2026-05-26,115028,,115188,2026-03-09,1000000000,詢價圈購,,,,,,
b9958-2026-05-12-9,9958,世紀鋼,,9,,無擔保轉換公司債,詢價圈購,永豐金證券股份有限公司,15000,,,,,,,,,,,,,,,,,,,2026-05-12,1500000000,詢價圈購,,,,,,
54642,5464,霖宏科技股份有限公司,霖宏二,2,54642,有擔保轉換公司債,競價拍賣,群益金鼎證券股份有限公司,2900,2560,2026-05-08,2026-05-13,,,100.00,2026-05-14,2026-05-05,33.4,102.14,158.4,2026-05-18,2026-05-25,2026-05-25,2026-05-25,,115031,115185,2026-03-11,290000000,競價拍賣,,,,,,
47602,4760,勤凱科技股份有限公司,勤凱二,2,47602,無擔保轉換公司債,詢價圈購,富邦綜合證券股份有限公司,4000,3531,2026-05-08,2026-05-12,105.10,110.00,,2026-05-12,2026-05-14,303.5,105.13,100.5,2026-05-18,2026-05-22,2026-05-22,2026-05-22,115027,,115183,2025-05-06,400000000,詢價圈購,,,,,,
b2451-2026-05-07-2,2451,創見,,2,,無擔保轉換公司債,競價拍賣,元大證券股份有限公司,30000,,,,,,,,,,,,,,,,,,,2026-05-07,3000000000,競價拍賣,,,,,,
b5386-2026-05-06-2,5386,青雲,,2,,無擔保轉換公司債,詢價圈購,中國信託綜合證券股份有限公司,6500,,,,,,,,,,,,,,,,,,,2026-05-06,650000000,詢價圈購,,,,,,2026-07-06
76101,7610,聯友金屬科技股份有限公司,聯友金屬一創,1,76101,無擔保轉換公司債,詢價圈購,福邦證券股份有限公司,8000,7013,2026-05-06,2026-05-08,102.00,110.00,,2026-05-08,2026-05-12,795,104.61,101,2026-05-14,2026-05-20,2026-05-20,2026-05-20,115026,,115179,2026-03-05,800000000,詢價圈購,,,,,,
68032,6803,崑鼎綠能環保股份有限公司,崑鼎二,2,68032,無擔保轉換公司債,競價拍賣,國泰綜合證券股份有限公司,20000,17008,2026-05-06,2026-05-11,,,102.00,2026-05-12,2026-04-30,324,111.98,102,2026-05-14,2026-05-21,2026-05-21,2026-05-21,,115029,115181,2026-03-09,2000000000,競價拍賣,,,,,,
36806,3680,家登精密工業股份有限公司,家登六,6,36806,無擔保轉換公司債,競價拍賣,凱基證券股份有限公司,15000,13050,2026-05-06,2026-05-11,,,102.00,2026-05-12,2026-04-30,483,102.07,136.9,2026-05-14,2026-05-21,2026-05-21,2026-05-21,,115028,115180,2026-03-10,1000000000,,,,,,,
80746,8074,鉅橡企業股份有限公司,鉅橡六,6,80746,有擔保轉換公司債,競價拍賣,福邦證券股份有限公司,3000,2550,2026-04-28,2026-05-01,,,100.00,2026-05-05,2026-04-23,79.2,102,127.24,2026-05-07,2026-05-14,2026-05-14,2026-05-14,,115025,115172,2026-03-06,300000000,競價拍賣,,,,,,
41239,4123,晟德大藥廠股份有限公司,晟德九,9,41239,無擔保轉換公司債,競價拍賣,台新綜合證券股份有限公司,5000,4250,2026-04-28,2026-05-01,,,100.00,2026-05-05,,42,104.37,100.00,2026-05-07,2026-05-14,2026-05-14,2026-05-14,,115026,115171,2026-03-03,1500000000,,,,,,,
84624,8462,柏文健康事業股份有限公司,柏文四,4,84624,無擔保轉換公司債,詢價圈購,永豐金證券股份有限公司,4000,3600,2026-04-27,2026-04-28,105.01,110.00,,2026-04-28,2026-04-29,152.2,105.04,100,2026-05-04,2026-05-08,2026-05-08,2026-05-08,115025,,115162,2026-03-11,400000000,詢價圈購,,,,,,
45031,4503,金雨企業股份有限公司,金雨一,1,45031,有擔保轉換公司債,競價拍賣,元大證券股份有限公司,5000,4250,2026-04-27,2026-04-30,,,101.00,2026-05-04,2026-04-22,46,106.36,108.86,2026-05-06,2026-05-13,2026-05-13,2026-05-13,,115024,115167,2026-03-11,500000000,競價拍賣,,,,,,
36805,3680,家登精密工業股份有限公司,家登五,5,36805,無擔保轉換公司債,詢價圈購,凱基證券股份有限公司,10000,9000,2026-04-24,2026-04-27,105.01,115.00,,2026-04-27,2026-04-29,488.9,105.02,100,2026-05-04,2026-05-08,2026-05-08,2026-05-08,115024,,115161,2026-03-10,1000000000,,,,,,,
52845,5284,經寶精密控股股份有限公司-KY,jpp五KY,5,52845,無擔保轉換公司債,競價拍賣,凱基證券股份有限公司,3500,3000,2026-04-23,2026-04-28,,,101.00,2026-04-29,2026-04-20,322.6,102.01,120.02,2026-05-04,2026-05-11,2026-05-11,2026-05-11,,115023,115164,2026-03-11,350000000,詢價圈購,,,,,,
52844,5284,經寶精密控股-KY,jpp四KY,4,52844,無擔保轉換公司債,詢價圈購,凱基證券股份有限公司,2000,1800,2026-04-21,2026-04-22,105.01,115.00,,2026-04-22,2026-04-24,353,105.06,100.5,2026-04-28,2026-05-05,2026-05-05,2026-05-05,115023,,115153,2026-03-11,200000000,詢價圈購,,,,,,
66034,6603,富強鑫精密工業股份有限公司,富強鑫四,4,66034,無擔保轉換公司債,詢價圈購,統一綜合證券股份有限公司,4000,3584,2026-04-20,2026-04-21,105.01,110.00,,2026-04-21,2026-04-23,26.63,105.05,100,2026-04-27,2026-05-04,2026-05-04,2026-05-04,115022,,115146,2025-11-11,400000000,詢價圈購,2025-12-10,2025-12-29,生效,,400000000,
82711,8271,宇瞻科技股份有限公司,宇瞻一,1,82711,無擔保轉換公司債,競價拍賣,凱基證券股份有限公司,10000,8500,2026-04-17,2026-04-22,,,101.00,2026-04-23,2026-04-14,165,104.21,137.25,2026-04-27,2026-05-05,2026-05-05,2026-05-05,,115022,115151,2026-02-25,1000000000,競價拍賣,,,,,,
41238,4123,晟德大藥廠股份有限公司,晟德八,8,41238,無擔保轉換公司債,詢價圈購,台新綜合證券股份有限公司,15000,12750,2026-04-17,2026-04-21,105.10,120.00,,2026-04-21,2026-04-23,43,106.86,100,,,2026-05-04,2026-05-04,115021,,115152,2026-03-03,1500000000,,,,,,,
81114,8111,立碁電子工業股份有限公司,立碁四,4,81114,無擔保轉換公司債,詢價圈購,群益金鼎證券股份有限公司,5000,4425,2026-04-16,2026-04-17,105.01,110.00,,2026-04-17,2026-04-20,75.1,105.01,101,2026-04-22,2026-04-28,2026-04-28,2026-04-28,115020,,115141,2025-11-11,500000000,詢價圈購,,,,,,
47148,4714,永捷創新科技股份有限公司,永捷八,8,47148,有擔保轉換公司債,競價拍賣,台新綜合證券股份有限公司,3000,2550,2026-04-16,2026-04-21,,,100.00,2026-04-22,2026-04-13,16.1,109.90,113.43,2026-04-24,2026-05-04,2026-05-04,2026-05-04,,115021,115147,2025-12-05,300000000,競價拍賣,2025-12-17,2026-03-20,生效,,300000000,
31352,3135,凌航科技股份有限公司,凌航二,2,31352,無擔保轉換公司債,詢價圈購,統一綜合證券股份有限公司,15000,13230,2026-04-14,2026-04-15,105.01,120.00,,2026-04-15,2026-04-24,129.9,105.01,100,2026-04-28,2026-05-05,2026-05-05,2026-05-05,115019,,115154,2026-03-11,1500000000,詢價圈購,,,,,,
b9935-2026-04-13-4,9935,慶豐富,,4,,無擔保轉換公司債,詢價圈購,凱基證券股份有限公司,3000,,,,,,,,,,,,,,,,,,,2026-04-13,300000000,詢價圈購,,,,,,
b2762-2026-04-10-1,2762,世界健身-KY,,1,,無擔保轉換公司債,詢價圈購,群益金鼎證券股份有限公司,5000,,,,,,,,,,,,,,,,,,,2026-04-10,500000000,詢價圈購,,,,,,
84762,8476,台境企業股份有限公司,台境二,2,84762,無擔保轉換公司債,詢價圈購,群益金鼎證券股份有限公司,2500,2220,2026-04-08,2026-04-09,105.10,110.00,,2026-04-09,2026-04-13,19.7,105.5,100,2026-04-15,2026-04-21,2026-04-21,2026-04-21,115018,,115134,2025-11-12,250000000,詢價圈購,2025-12-30,2026-01-29,生效,,250000000,
64725,6472,保瑞藥業股份有限公司,保瑞五,5,64725,無擔保轉換公司債,競價拍賣,台新綜合證券股份有限公司,10000,8500,2026-03-27,2026-04-01,,,100.00,2026-04-02,,485,102.46,107.99,2026-04-08,2026-04-15,2026-04-15,2026-04-15,,115020,115131,2025-11-13,2000000000,,2025-12-31,2026-01-19,生效,,1000000000,
64724,6472,保瑞藥業股份有限公司,保瑞四,4,64724,無擔保轉換公司債,詢價圈購,台新綜合證券股份有限公司,20000,17600,2026-03-18,2026-03-20,105.01,130.00,,2026-03-20,2026-03-24,500,105.63,101,2026-03-26,,2026-04-01,2026-04-01,115017,,115123,2025-11-13,2000000000,,2025-12-31,2026-01-19,生效,,2000000000,
b1295-2026-03-11-1,1295,生合,,1,,無擔保轉換公司債,競價拍賣,台新綜合證券股份有限公司,4000,,,,,,,,,,,,,,,,,,,2026-03-11,400000000,競價拍賣,,,,,,
30112,3011,今皓實業股份有限公司,今皓二,2,30112,有擔保轉換公司債,競價拍賣,群益金鼎證券股份有限公司,4500,3850,2026-03-11,2026-03-16,,,100.00,2026-03-17,2026-03-06,12.5,102,105.03,2026-03-19,2026-03-26,2026-03-26,2026-03-26,,115019,115114,2025-11-26,450000000,競價拍賣,2025-12-30,2026-01-28,生效,,450000000,
65761,6576,逸達生物科技股份有限公司,逸達一,1,65761,有擔保轉換公司債,競價拍賣,元富證券股份有限公司,4000,3400,2026-03-10,2026-03-13,,,100.00,2026-03-16,2026-03-05,84.3,105.12,104.51,2026-03-18,2026-03-25,2026-03-25,2026-03-25,,115018,115111,2025-12-19,400000000,競價拍賣,2025-12-31,2026-01-29,生效,,400000000,
37152,3715,定穎投資控股股份有限公司,定穎投控二,2,37152,無擔保轉換公司債,競價拍賣,凱基證券股份有限公司,10000,8500,2026-03-09,2026-03-12,,,102.00,2026-03-13,2026-03-04,159,102.8,125.12,2026-03-17,2026-03-24,2026-03-24,2026-03-24,,115017,115110,2025-10-27,1000000000,競價拍賣,2025-11-03,2025-11-19,生效,,1000000000,
41136,4113,聯上實業股份有限公司,聯上六,6,41136,無擔保轉換公司債,競價拍賣,合作金庫證券股份有限公司,2000,1810,2026-03-05,2026-03-10,,,100.00,2026-03-11,2026-03-02,20.45,102.00,100,2026-03-13,2026-03-20,2026-03-20,2026-03-20,,115016,115106,,,,,,,,,
69131,6913,鴻呈實業股份有限公司,鴻呈一,1,69131,無擔保轉換公司債,競價拍賣,兆豐證券股份有限公司,4500,3825,2026-03-04,2026-03-09,,,102.00,2026-03-10,2026-02-26,126,105,109.55,2026-03-12,2026-03-19,2026-03-19,2026-03-19,,115015,115105,2025-11-10,450000000,競價拍賣,2025-12-24,2026-01-13,生效,,450000000,
65472,6547,高端疫苗生物製劑股份有限公司,高端疫苗二,2,65472,有擔保轉換公司債,競價拍賣,永豐金證券股份有限公司,7500,6375,2026-03-04,2026-03-09,,,100.50,2026-03-10,2026-02-26,37,103.18,104.95,2026-03-12,2026-03-19,2026-03-19,2026-03-19,,115014,115104,2025-11-06,750000000,競價拍賣,2025-12-31,2026-01-29,生效,,750000000,
23291,2329,華泰電子股份有限公司,華泰一,1,23291,無擔保轉換公司債,詢價圈購,凱基證券股份有限公司,25000,21825,2026-03-03,2026-03-05,105.10,110.00,,2026-03-05,2026-03-10,51.3,107,102,2026-03-12,2026-03-18,2026-03-18,2026-03-18,115016,,115102,2025-10-29,2500000000,詢價圈購,2025-12-22,2026-01-09,生效,,2500000000,
33247,3324,雙鴻科技股份有限公司,雙鴻七,7,33247,無擔保轉換公司債,競價拍賣,凱基證券股份有限公司,20000,17000,2026-02-26,2026-03-04,,,102.00,2026-03-05,2026-02-23,1105,102,129.77,2026-03-09,2026-03-16,2026-03-16,2026-03-16,,115013,115095,2025-12-17,3000000000,,2025-12-31,2026-02-03,生效,,2000000000,
55344,5534,長虹建設股份有限公司,長虹四,4,55344,無擔保轉換公司債,詢價圈購,群益金鼎證券股份有限公司,15000,13500,2026-02-25,2026-02-26,105.01,110.00,,2026-02-26,2026-03-03,80,105.08,101,2026-03-05,2026-03-11,2026-03-11,2026-03-11,115015,,115091,2025-11-11,1500000000,詢價圈購,2025-12-26,2026-01-14,生效,,1500000000,
68621,6862,三集瑞科技國際集團股份有限公司,三集瑞一KY,1,68621,無擔保轉換公司債,詢價圈購,華南永昌綜合證券股份有限公司,10000,8800,2026-02-24,2026-02-26,105.50,110.00,,2026-02-26,2026-03-05,197,,101.0,2026-03-09,2026-03-13,2026-03-13,2026-03-13,115014,,115096,2025-09-25,1000000000,詢價圈購,2025-12-31,2026-02-02,生效,,1000000000,
68941,6894,衛司特科技股份有限公司,衛司特一,1,68941,無擔保轉換公司債,詢價圈購,兆豐證券股份有限公司,3000,2650,2026-02-23,2026-02-24,105.10,110.00,,2026-02-24,2026-02-26,262.4,105.13,102,2026-03-03,2026-03-09,2026-03-09,2026-03-09,115013,,115088,2025-12-11,300000000,詢價圈購,2025-12-24,2026-01-13,生效,,300000000,
33246,3324,雙鴻科技股份有限公司,雙鴻六,6,33246,無擔保轉換公司債,詢價圈購,凱基證券股份有限公司,30000,26200,2026-02-05,2026-02-06,102.00,115.00,,2026-02-06,2026-02-10,1124,107.56,100.2,2026-02-23,2026-03-02,2026-03-02,2026-03-02,115012,,115084,2025-12-17,3000000000,,2025-12-31,2026-02-03,生效,,3000000000,
b5536-2026-01-30-1,5536,聖暉*,,1,,無擔保轉換公司債,,待定,5500,,,,,,,,,,,,,,,,,,,2026-01-30,550000000,,,,,,,
22363,2236,百達精密工業股份有限公司,百達三KY,3,22363,無擔保轉換公司債,詢價圈購,台新綜合證券股份有限公司,2500,2200,2026-01-27,2026-01-29,105.01,110.00,,2026-01-29,2026-02-02,118.1,105.01,100,2026-02-04,,2026-02-10,2026-02-10,115011,,115074,,,,,,,,,
82993,8299,群聯電子股份有限公司,群聯三,3,82993,無擔保轉換公司債,詢價圈購,凱基證券股份有限公司,60000,51000,2026-01-23,2026-01-27,110.00,120.00,,2026-01-27,2026-01-29,2488,115.185,101,2026-02-02,2026-02-06,2026-02-06,2026-02-06,115010,,115071,2025-07-14,6000000000,詢價圈購,2025-08-08,2025-09-10,生效,,6000000000,
65152,6515,穎崴科技股份有限公司,穎崴二,2,65152,無擔保轉換公司債,競價拍賣,凱基證券股份有限公司,30000,25500,2026-01-21,2026-01-26,,,103.00,2026-01-27,2026-01-16,3540.4,102,130.03,2026-01-29,2026-02-05,2026-02-05,2026-02-05,,115011,115070,2025-12-10,3000000000,競價拍賣,2025-12-22,2026-01-09,生效,,3000000000,
35872,3587,閎康科技股份有限公司,閎康二,2,35872,無擔保轉換公司債,競價拍賣,元大證券股份有限公司,7000,5950,2026-01-20,2026-01-23,,,102.00,2026-01-23,2026-01-15,198,103.13,117.66,2026-01-28,2026-02-04,2026-02-04,2026-02-04,,115010,115067,,,,2025-12-23,2026-01-12,生效,,700000000,
23742,2374,佳能企業股份有限公司,佳能二,2,23742,無擔保轉換公司債,詢價圈購,凱基證券股份有限公司,3000,2700,2026-01-20,2026-01-21,105.01,115.00,,2026-01-21,2026-01-23,86.8,105.19,101,2026-01-27,2026-02-02,2026-02-02,2026-02-02,115009,,115055,2025-12-11,300000000,詢價圈購,2025-12-30,2026-01-16,生效,,300000000,
au115009,6672,騰輝電子國際集團股份有限公司-KY,,2,,無擔保轉換公司債,競價拍賣,永豐金證券股份有限公司,5000,4450,2026-01-19,2026-01-22,,,100.00,2026-01-23,2026-01-14,93,102.18,115.87,2026-01-27,2026-02-03,,,,115009,115058,2025-11-07,500000000,競價拍賣,,,,,,
82103,8210,勤誠興業股份有限公司,勤誠三,3,82103,無擔保轉換公司債,競價拍賣,元大證券股份有限公司,7000,6300,2026-01-19,2026-01-22,,,102.00,2026-01-23,2026-01-14,985.3,103.5,117.76,2026-01-27,2026-02-03,2026-02-03,2026-02-03,,115008,115060,2025-08-07,1500000000,,2025-12-09,2025-12-26,生效,,700000000,
61011,6101,寬魚國際股份有限公司,寬魚國際一,1,61011,無擔保轉換公司債,詢價圈購,富邦綜合證券股份有限公司,1500,2250,2026-01-16,2026-01-20,105.01,110.00,,2026-01-20,2026-01-09,36.9,102,107.3,2026-01-22,2026-01-29,2026-01-29,2026-01-29,115007,,115049,2025-11-13,150000000,,2025-12-08,2026-01-07,生效,,150000000,
49231,4923,力士科技股份有限公司,力士一,1,49231,無擔保轉換公司債,詢價圈購,統一綜合證券股份有限公司,2500,2375,2026-01-16,2026-01-19,105.01,110.00,,2026-01-19,2026-01-21,34.66,105.15,100,2026-01-23,2026-01-29,2026-01-29,2026-01-29,115008,,115051,2025-12-11,250000000,詢價圈購,2025-12-22,2026-01-14,生效,,250000000,
61012,6101,寬魚國際股份有限公司,寬魚國際二,2,61012,有擔保轉換公司債,競價拍賣,富邦綜合證券股份有限公司,2500,1275,2026-01-14,2026-01-19,,,100.50,2026-01-20,2026-01-22,38.9,105.01,100,2026-01-26,2026-01-30,2026-01-30,2026-01-30,,115006,115054,2025-11-13,150000000,,2025-12-08,2026-01-07,生效,,250000000,
24552,2455,全新光電科技股份有限公司,全新二,2,24552,無擔保轉換公司債,詢價圈購,群益金鼎證券股份有限公司,5000,4500,2026-01-13,2026-01-14,105.01,110.00,,2026-01-14,2026-01-15,162.9,105.02,100.2,2026-01-19,2026-01-23,2026-01-23,2026-01-23,115006,,115037,2025-10-30,500000000,詢價圈購,,,,,,
82102,8210,勤誠興業股份有限公司,勤誠二,2,82102,無擔保轉換公司債,詢價圈購,元大證券股份有限公司,8000,7200,2026-01-12,2026-01-14,105.10,108.00,,2026-01-14,2026-01-16,1007.2,,100.5,2026-01-20,2026-01-26,2026-01-26,2026-01-26,115005,,115040,2025-08-07,1500000000,,2025-12-09,2025-12-26,生效,,800000000,
24553,2455,全新光電科技股份有限公司,全新三,3,24553,無擔保轉換公司債,競價拍賣,群益金鼎證券股份有限公司,5000,4500,2026-01-12,2026-01-15,,,102.00,2026-01-14,,153.5,103.02,124.47,2026-01-20,2026-01-27,2026-01-27,2026-01-27,,115005,115041,2025-10-30,500000000,競價拍賣,2025-12-15,2026-01-05,生效,,500000000,
22331,2233,宇隆科技股份有限公司,宇隆一,1,22331,無擔保轉換公司債,詢價圈購,台新綜合證券股份有限公司,13000,11050,2026-01-12,2026-01-13,106.00,115.00,,2026-01-13,2026-01-15,250,107.00,101,2026-01-19,,2026-01-23,2026-01-23,115004,,115038,2025-11-05,1300000000,詢價圈購,2025-12-12,2025-12-31,生效,,1300000000,
bb115003,6672,騰輝電子國際集團股份有限公司-KY,,1,,無擔保轉換公司債,詢價圈購,永豐金證券股份有限公司,5000,4425,2026-01-09,2026-01-12,105.10,110.00,,2026-01-12,2026-01-14,96,105.48,100,2026-01-16,2026-01-22,,,115003,,115034,2025-11-07,500000000,詢價圈購,2025-12-11,2025-12-30,生效,,500000000,
61993,6199,天品聯合企業股份有限公司,天品三,3,61993,無擔保轉換公司債,詢價圈購,群益金鼎證券股份有限公司,2500,3123,2026-01-08,2026-01-09,105.10,110.00,,2026-01-09,2025-12-30,104.6,102,113.35,2026-01-13,2026-01-20,2026-01-20,2026-01-20,115002,,115021,2025-11-21,250000000,,2025-12-02,2025-12-26,生效,,250000000,
37151,3715,定穎投資控股股份有限公司,定穎投控一,1,37151,無擔保轉換公司債,詢價圈購,凱基證券股份有限公司,5000,4250,2026-01-07,2026-01-09,105.10,110.00,,2026-01-09,2026-01-13,140,108.36,101,2026-01-15,2026-01-21,2026-01-21,2026-01-21,115001,,115028,2025-10-27,500000000,詢價圈購,2025-11-03,2025-11-19,生效,,500000000,
24673,2467,志聖工業股份有限公司,志聖三,3,24673,無擔保轉換公司債,競價拍賣,富邦綜合證券股份有限公司,10000,8500,2026-01-07,2026-01-12,,,102.00,2026-01-13,2026-01-02,246.6,102,123.34,2026-01-15,2026-01-22,2026-01-22,2026-01-22,,115004,115026,2025-11-07,700000000,,2025-11-28,2025-12-16,生效,,1000000000,
37171,3717,聯嘉光電投資控股股份有限公司,聯嘉投控一,1,37171,有擔保轉換公司債,競價拍賣,國泰綜合證券股份有限公司,7000,5950,2026-01-06,2026-01-09,,,100.00,2026-01-12,2025-12-31,17.5,103.55,105.57,2026-01-14,2026-01-21,2026-01-21,2026-01-21,,115003,115029,2025-11-13,700000000,競價拍賣,2025-12-02,2025-12-18,生效,,700000000,
80212,8021,尖點科技股份有限公司,尖點二,2,80212,無擔保轉換公司債,競價拍賣,福邦證券股份有限公司,7000,6650,2026-01-05,2026-01-08,,,100.00,2026-01-09,2025-12-30,203.5,110,115.16,2026-01-13,2026-01-20,2026-01-20,2026-01-20,,115001,115023,2025-11-07,700000000,競價拍賣,2025-12-05,2025-12-23,生效,,700000000,
61994,6199,天品聯合企業股份有限公司,天品四,4,61994,有擔保轉換公司債,競價拍賣,群益金鼎證券股份有限公司,3500,2160,2026-01-05,2026-01-08,,,100.00,2026-01-09,2026-01-13,114.8,105.1,100,2026-01-15,2026-01-21,2026-01-21,2026-01-21,,115002,115027,2025-11-21,250000000,,2025-12-02,2025-12-26,生效,,350000000,
f3605-2025-12-31-1000,3605,宏致電子,,,,無擔保轉換公司債,詢價圈購,凱基證券,10000,,,,,,,,,,,,,,,,,,,2025-12-22,1000000000,詢價圈購,2025-12-31,2026-01-19,生效,,1000000000,
au114075,4967,十銓科技股份有限公司,,4,,有擔保轉換公司債,競價拍賣,永豐金證券股份有限公司,20000,17361,2025-12-30,2026-01-05,,,102.00,2026-01-06,2025-12-24,147,102.01,134.44,2026-01-08,2026-01-15,,,,114075,115012,2025-11-27,2000000000,競價拍賣,2025-12-04,2025-12-22,生效,,2000000000,
f1727-2025-12-26-600,1727,中華化工,,,,無擔保轉換公司債,詢價圈購,富邦證券,6000,,,,,,,,,,,,,,,,,,,2025-12-10,600000000,詢價圈購,2025-12-26,2026-01-14,廢止/撤銷,,600000000,2026-05-26
bb114063,3260,威剛科技股份有限公司,,8,,無擔保轉換公司債,詢價圈購,群益金鼎證券股份有限公司,20000,17950,2025-12-26,2025-12-29,101.50,110.00,,2025-12-29,2025-12-30,244,106.71,100,2026-01-02,2026-01-08,,,114063,,114450,2025-11-12,2000000000,詢價圈購,2025-12-01,2025-12-17,生效,,2000000000,
bb114062,3702,大聯大控股股份有限公司,,1,,無擔保交換公司債,詢價圈購,凱基證券股份有限公司,30000,25500,2025-12-26,2025-12-29,102.00,130.00,,2025-12-29,2026-01-06,160.8,115.27,101,2026-01-08,2026-01-14,,,114062,,115010,2025-11-11,3000000000,詢價圈購,2025-12-05,2025-12-16,生效,,3000000000,
24672,2467,志聖工業股份有限公司,志聖二,2,24672,無擔保轉換公司債,詢價圈購,富邦綜合證券股份有限公司,7000,5970,2025-12-24,2025-12-29,105.01,110.00,,2025-12-29,2025-12-31,250.6,105.01,105,2026-01-05,2026-01-09,2026-01-09,2026-01-09,114061,,115003,2025-11-07,700000000,,2025-11-28,2025-12-16,生效,,700000000,
84312,8431,匯鑽科技股份有限公司,匯鑽科二,2,84312,無擔保轉換公司債,詢價圈購,華南永昌綜合證券股份有限公司,3000,2700,2025-12-18,2025-12-22,105.01,110.00,,2025-12-22,2025-12-24,68,,100,2025-12-29,2026-01-05,2026-01-05,2026-01-05,114060,,114445,2025-11-14,300000000,詢價圈購,2025-11-27,2025-12-15,生效,,300000000,
65101,6510,中華精測科技股份有限公司,精測一,1,65101,無擔保轉換公司債,競價拍賣,元大證券股份有限公司,20000,17000,2025-12-17,2025-12-22,,,102.00,2025-12-23,2025-12-12,2016.8,103.64,128.43,2025-12-26,2026-01-05,2026-01-05,2026-01-05,,114073,114448,2025-07-29,2000000000,競價拍賣,2025-11-07,2025-11-25,生效,,2000000000,
27451,2745,五福旅行社股份有限公司,五福一,1,27451,無擔保轉換公司債,競價拍賣,台新綜合證券股份有限公司,3000,2550,2025-12-17,2025-12-22,,,101.00,2025-12-23,2025-12-12,111.3,102.00,104.97,2025-12-26,2026-01-05,2026-01-05,2026-01-05,,114074,114446,2025-11-10,300000000,競價拍賣,2025-11-18,2025-12-04,生效,,300000000,
35431,3543,州巧科技股份有限公司,州巧一,1,35431,有擔保轉換公司債,競價拍賣,福邦證券股份有限公司,4000,,,,,,,2025-12-16,2025-12-05,46.3,104.80,111.76,2025-12-18,2025-12-26,2025-12-26,2025-12-26,,,114434,,,,,,,,,
au114072,3543,州巧科技股份有限公司,,,,有擔保轉換公司債,競價拍賣,福邦證券股份有限公司,4000,3770,2025-12-10,2024-12-13,,,100.00,,,,,,,,,,,114072,,2025-08-13,400000000,競價拍賣,2025-10-27,2025-11-27,生效,,400000000,
69041,6904,伯鑫工具股份有限公司,伯鑫一,1,69041,無擔保轉換公司債,競價拍賣,國泰綜合證券股份有限公司,1500,1278,2025-12-10,2025-12-15,,,102.00,2025-12-16,2025-12-05,130,104,103.60,2025-12-18,2025-12-26,2025-12-26,2025-12-26,,114070,114437,2025-08-12,200000000,競價拍賣,2025-10-22,2025-11-10,生效,,200000000,
66702,6670,復盛應用科技股份有限公司,復盛應用二,2,66702,無擔保轉換公司債,競價拍賣,台新綜合證券股份有限公司,15000,12750,2025-12-10,2025-12-15,,,103.00,2025-12-16,,270,105.68,108.66,2025-12-18,2025-12-26,2025-12-26,2025-12-26,,114071,114436,2025-04-01,2000000000,競價拍賣,2025-06-18,2025-07-21,生效,,2000000000,
67962,6796,晉弘科技股份有限公司,晉弘二,2,67962,無擔保轉換公司債,詢價圈購,富邦綜合證券股份有限公司,2000,1800,2025-12-08,2025-12-10,105.01,110.00,,2025-12-10,2025-12-12,101.6,105.46,100.5,2025-12-16,2025-12-22,2025-12-22,2025-12-22,114058,,114423,2025-09-24,200000000,競價拍賣,2025-10-17,2025-11-05,生效,,200000000,
f2301-2025-12-05-8000,2301,光寶科技,,,,無擔保轉換公司債,詢價圈購,元大證券,80000,,,,,,,,,,,,,,,,,,,2025-10-29,8000000000,詢價圈購,2025-12-05,2025-12-23,廢止/撤銷,,8000000000,2026-06-08
f2301-2025-12-05-4000,2301,光寶科技,,,,無擔保轉換公司債,競價拍賣,元大證券,40000,,,,,,,,,,,,,,,,,,,2025-10-29,4000000000,競價拍賣,2025-12-05,2025-12-23,廢止/撤銷,,4000000000,2026-06-08
f3290-2025-12-04-700,3290,東浦精密光電,,,,無擔保轉換公司債,,台新證券,7000,,,,,,,,,,,,,,,,,,,2025-10-23,700000000,,2025-12-04,,自行撤回,,700000000,2026-01-14
f3290-2025-12-04-300,3290,東浦精密光電,,,,無擔保轉換公司債,,台新證券,3000,,,,,,,,,,,,,,,,,,,2025-10-23,700000000,,2025-12-04,,自行撤回,,300000000,2026-01-14
80426,8042,台灣金山電子工業股份有限公司,金山電六,6,80426,無擔保轉換公司債,詢價圈購,永豐金證券股份有限公司,3500,3052,2025-12-03,2025-12-04,105.10,110.00,,2025-12-04,2025-12-08,60,105.26,100,2025-12-10,2025-12-16,2025-12-16,2025-12-16,114057,,114416,2025-08-11,350000000,詢價圈購,2025-10-08,2025-10-28,生效,,350000000,
47394,4739,康普材料科技股份有限公司,康普四,4,47394,有擔保轉換公司債,競價拍賣,福邦證券股份有限公司,6000,5640,2025-12-02,2025-12-05,,,100.00,2025-12-08,2025-11-27,71,108.6,110.46,2025-12-10,2025-12-17,2025-12-17,2025-12-17,,114069,114415,2025-10-15,600000000,競價拍賣,2025-11-03,2025-11-19,生效,,600000000,
53097,5309,系統電子工業股份有限公司,系統電七,7,53097,無擔保轉換公司債,競價拍賣,富邦綜合證券股份有限公司,5000,4255,2025-11-28,2025-12-03,,,101.00,2025-12-04,2025-11-25,55,102.8,116.91,2025-12-08,2025-12-15,2025-12-15,2025-12-15,,114068,114414,2025-09-17,700000000,,2025-10-27,2025-11-12,生效,,500000000,
53096,5309,系統電子工業股份有限公司,系統電六,6,53096,無擔保轉換公司債,詢價圈購,富邦綜合證券股份有限公司,7000,6188,2025-11-28,2025-12-02,105.10,110.00,,2025-12-02,2025-12-04,63.5,105.1,100.5,2025-12-08,2025-12-12,2025-12-12,2025-12-12,114056,,114412,2025-09-17,700000000,,2025-10-27,2025-11-12,生效,,700000000,
au114067,6442,光紅建聖股份有限公司,,3,,無擔保轉換公司債,競價拍賣,台新綜合證券股份有限公司,15000,12750,2025-11-26,2025-12-01,,,102.50,2025-12-02,,1065.9,102,124.86,2025-12-04,2025-12-11,,,,114067,114407,2025-10-07,1500000000,競價拍賣,2025-10-21,2025-11-07,生效,,1500000000,
68902,6890,來億興業股份有限公司-KY,來億二KY,2,68902,無擔保轉換公司債,競價拍賣,富邦綜合證券股份有限公司,5000,4350,2025-11-25,2025-11-28,,,101.00,2025-12-01,2025-11-20,245.2,102,119.83,2025-12-03,2025-12-10,2025-12-10,2025-12-10,,114066,114400,2025-10-03,5050000000,,2025-10-23,2025-11-11,生效,,500000000,
27324,2732,六角國際事業股份有限公司,六角四,4,27324,無擔保轉換公司債,詢價圈購,華南永昌綜合證券股份有限公司,6000,5370,2025-11-24,2025-11-26,105.01,110.00,,2025-11-26,2025-11-28,74.3,,100,2025-12-02,2025-12-08,2025-12-08,2025-12-08,114055,,114397,2025-10-16,600000000,詢價圈購,2025-10-31,2025-11-18,生效,,600000000,
bb114054,3135,凌航科技股份有限公司,,1,,無擔保轉換公司債,詢價圈購,統一綜合證券股份有限公司,10000,8860,2025-11-21,2025-11-24,105.01,120.00,,2025-11-24,2025-11-26,52.19,105.01,100,2025-11-28,2025-12-04,,,114054,,114394,2025-10-22,1000000000,詢價圈購,2025-10-31,2025-11-18,生效,,1000000000,
bb114053,6442,光紅建聖股份有限公司,,2,,無擔保轉換公司債,詢價圈購,台新綜合證券股份有限公司,10000,8700,2025-11-17,2025-11-19,105.01,115.00,,2025-11-19,2025-11-21,1103.5,105.43,100.5,2025-11-26,,,,114053,,114393,2025-10-07,1000000000,詢價圈購,2025-10-21,2025-11-07,生效,,1000000000,
68901,6890,來億興業股份有限公司-KY,來億一KY,1,68901,無擔保轉換公司債,詢價圈購,富邦綜合證券股份有限公司,45000,39000,2025-11-14,2025-11-18,102.00,110.00,,2025-11-18,2025-11-20,246.4,102.5,100,2025-11-24,2025-11-28,2025-11-28,2025-11-28,114052,,114388,2025-10-03,5050000000,,2025-10-23,2025-11-11,生效,,4500000000,
b8467-2025-11-13-5,8467,波力-KY,,5,,無擔保轉換公司債,詢價圈購,富邦綜合證券股份有限公司,3900,,,,,,,,,,,,,,,,,,,2025-11-13,390000000,詢價圈購,,,,,,
b8467-2025-11-13-4,8467,波力-KY,,4,,有擔保轉換公司債,競價拍賣,富邦綜合證券股份有限公司,2100,,,,,,,,,,,,,,,,,,,2025-11-13,210000000,競價拍賣,,,,,,
47721,4772,台灣特品化學股份有限公司,台特化一,1,47721,無擔保轉換公司債,詢價圈購,元大證券股份有限公司,20000,17790,2025-11-13,2025-11-17,102.00,110.00,,2025-11-17,2025-11-19,323.8,,101,2025-11-21,2025-11-27,2025-11-27,2025-11-27,114051,,114387,2025-08-04,2000000000,詢價圈購,2025-10-20,2025-11-06,生效,,2000000000,
30322,3032,偉訓科技股份有限公司,偉訓二,2,30322,無擔保轉換公司債,競價拍賣,統一綜合證券股份有限公司,10000,8567,2025-11-10,2025-11-13,,,101.00,2025-11-14,2025-11-05,101.9,102,104.73,2025-11-18,2025-11-25,2025-11-25,2025-11-25,,114065,114379,,,,,,,,,
au114064,2368,金像電子股份有限公司,,3,,無擔保轉換公司債,競價拍賣,富邦綜合證券股份有限公司,90000,76836,2025-11-06,2025-11-11,,,107.00,2025-11-13,2025-11-03,450,103.45,112.88,2025-11-18,2025-11-24,,,,114064,114377,2025-09-04,9000000000,競價拍賣,2025-10-14,2025-10-31,生效,,9000000000,
24023,2402,毅嘉科技股份有限公司,毅嘉三,3,24023,無擔保轉換公司債,詢價圈購,兆豐證券股份有限公司,10000,9000,2025-11-05,2025-11-06,105.50,115.00,,2025-11-06,2025-11-11,55,109.67,102,2025-11-13,2025-11-19,2025-11-19,2025-11-19,114050,,114374,2025-08-06,1000000000,詢價圈購,2025-09-25,2025-10-16,生效,,1000000000,
30321,3032,偉訓科技股份有限公司,偉訓一,1,30321,無擔保轉換公司債,詢價圈購,統一綜合證券股份有限公司,10000,8733,2025-10-31,2025-11-03,106.00,115.00,,2025-11-03,2025-11-05,105.9,106,100,2025-11-07,2025-11-13,2025-11-13,2025-11-13,114049,,114368,,,,2025-09-17,2025-10-29,生效,,1000000000,
bb114048,6274,台燿科技股份有限公司,,5,,無擔保轉換公司債,詢價圈購,國泰綜合證券股份有限公司,40000,34000,2025-10-30,2025-11-03,102.00,110.00,,2025-11-03,2025-11-05,386,102.04,108,2025-11-07,2025-11-13,,,114048,,114367,2025-08-13,4000000000,詢價圈購,2025-10-02,2025-10-22,生效,,4000000000,
61907,6190,萬泰科技股份有限公司,萬泰科七,7,61907,無擔保轉換公司債,競價拍賣,國票綜合證券股份有限公司,10000,8500,2025-10-21,2025-10-24,,,100.00,2025-10-28,2025-10-16,41.7,101.78,106.21,2025-10-30,2025-11-06,2025-11-06,2025-11-06,,114063,114361,2025-08-12,1000000000,競價拍賣,2025-09-18,2025-10-08,生效,,1000000000,
30371,3037,欣興電子股份有限公司,欣興一,1,30371,無擔保轉換公司債,詢價圈購,中國信託綜合證券股份有限公司,40000,34000,2025-10-17,2025-10-21,102.00,107.00,,2025-10-21,2025-10-23,165.4,104,101,2025-10-28,2025-11-03,2025-11-03,2025-11-03,114047,,114356,2025-08-27,4000000000,詢價圈購,2025-09-19,2025-10-09,生效,,4000000000,
36841,3684,榮昌科技股份有限公司,榮昌一,1,36841,無擔保轉換公司債,詢價圈購,群益金鼎證券股份有限公司,3000,2700,2025-10-14,2025-10-15,105.10,110.00,,2025-10-15,2025-10-17,50.7,105.1,101,2025-10-21,2025-10-28,2025-10-28,2025-10-28,114046,,114346,2025-09-04,300000000,詢價圈購,2025-09-15,2025-10-02,生效,,300000000,
35513,3551,世禾科技股份有限公司,世禾三,3,35513,無擔保轉換公司債,競價拍賣,凱基證券股份有限公司,5000,4250,2025-10-09,2025-10-15,,,100.00,2025-10-16,2025-10-03,173,103.60,114.42,2025-10-20,2025-10-28,2025-10-28,2025-10-28,,114061,114345,2025-04-16,500000000,競價拍賣,2025-04-28,2025-05-15,生效,,500000000,
41135,4113,聯上實業股份有限公司,聯上五,5,41135,有擔保轉換公司債,競價拍賣,合作金庫證券股份有限公司,4000,3435,2025-10-08,2025-10-14,,,102.00,2025-10-15,2025-10-02,26.3,110.04,102,2025-10-17,2025-10-27,2025-10-27,2025-10-27,,114060,114342,2025-06-26,400000000,競價拍賣,2025-07-23,2025-09-25,生效,,400000000,
62093,6209,今國光學工業股份有限公司,今國光三,3,62093,有擔保轉換公司債,競價拍賣,中國信託綜合證券股份有限公司,4500,3825,2025-10-07,2025-10-10,,,100.00,2025-10-14,2025-10-01,38.6,105,115.02,2025-10-16,2025-10-23,2025-10-23,2025-10-23,,114059,114340,2025-08-12,450000000,競價拍賣,2025-08-25,2025-09-30,生效,,450000000,
77131,7713,威力德生醫股份有限公司,威力德生醫一,1,77131,無擔保轉換公司債,競價拍賣,台新綜合證券股份有限公司,5000,4250,2025-10-01,2025-10-06,,,101.00,2025-10-08,,73.9,102.07,103.84,2025-10-13,2025-10-20,2025-10-20,2025-10-20,,114058,114335,2025-08-08,500000000,競價拍賣,2025-09-01,2025-09-17,生效,,500000000,
61635,6163,華電聯網股份有限公司,華電網五,5,61635,無擔保轉換公司債,詢價圈購,統一綜合證券股份有限公司,3000,2695,2025-10-01,2025-10-02,105.01,110.00,,2025-10-02,2025-10-07,25.02,105.01,100,2025-10-09,2025-10-16,2025-10-16,2025-10-16,114045,,114328,,,,,,,,,
27532,2753,八方雲集國際股份有限公司,八方雲集二,2,27532,無擔保轉換公司債,競價拍賣,元大證券股份有限公司,2000,1800,2025-10-01,2025-10-06,,,100.00,2025-10-08,2025-09-25,210,102.44,107.18,2025-10-13,2025-10-20,2025-10-20,2025-10-20,,114057,114333,2025-08-12,800000000,,2025-08-29,2025-09-16,生效,,200000000,
62194,6219,富旺國際開發股份有限公司,富旺四,4,62194,有擔保轉換公司債,競價拍賣,統一綜合證券股份有限公司,6000,5350,2025-09-26,2025-10-02,,,100.50,2025-10-03,2025-09-23,21.17,105,103.05,2025-10-08,2025-10-16,2025-10-16,2025-10-16,,114056,114327,2025-08-08,600000000,競價拍賣,2025-09-03,2025-09-19,生效,,600000000,
52011,5201,凱衛資訊股份有限公司,凱衛一,1,52011,有擔保轉換公司債,競價拍賣,兆豐證券股份有限公司,1000,850,2025-09-25,2025-10-01,,,101.00,2025-10-02,2025-09-22,41.2,103.78,112.96,2025-10-07,2025-10-15,2025-10-15,2025-10-15,,114055,114323,2025-08-11,100000000,競價拍賣,2025-08-28,2025-09-15,生效,,100000000,
27531,2753,八方雲集國際股份有限公司,八方雲集一,1,27531,無擔保轉換公司債,詢價圈購,元大證券股份有限公司,8000,6960,2025-09-23,2025-09-25,105.10,115.00,,2025-09-25,2025-09-30,212,,100.5,2025-10-02,2025-10-09,2025-10-09,2025-10-09,114044,,114321,2025-08-12,800000000,,2025-08-29,2025-09-16,生效,,800000000,
64775,6477,安集科技股份有限公司,安集五,5,64775,無擔保轉換公司債,競價拍賣,福邦證券股份有限公司,6000,5200,2025-09-22,2025-09-25,,,100.00,2025-09-26,2025-09-17,44.3,102.19,100.71,2025-10-01,2025-10-09,2025-10-09,2025-10-09,,114054,114318,,,,2025-08-28,2025-09-15,生效,,600000000,
12561,1256,鮮活控股股份有限公司,鮮活果汁一KY,1,12561,無擔保轉換公司債,詢價圈購,兆豐證券股份有限公司,2000,1700,2025-09-22,2025-09-23,106.00,120.00,,2025-09-23,2025-09-26,190,111.44,101.5,,2025-10-08,2025-10-08,2025-10-08,114043,,114316,2025-07-31,200000000,詢價圈購,2025-08-28,2025-09-15,生效,,200000000,
36873,3687,茂為歐買尬數位科技股份有限公司,歐買尬三,3,36873,無擔保轉換公司債,詢價圈購,元富證券股份有限公司,2000,1700,2025-09-18,2025-09-22,105.10,110.00,,2025-09-22,2025-09-24,80.1,106.04,100,2025-09-26,2025-10-03,2025-10-03,2025-10-03,114042,,114313,2025-08-12,400000000,,2025-08-22,2025-09-09,生效,,200000000,
84041,8404,百和興業股份有限公司-KY,百和興業一KY,1,84041,有擔保轉換公司債,競價拍賣,中國信託綜合證券股份有限公司,10000,8500,2025-09-17,2025-09-22,,,100.00,2025-09-23,2025-09-12,26.8,105,101.83,2025-09-25,2025-10-03,2025-10-03,2025-10-03,,114052,114312,,,,2025-04-01,2025-04-21,生效,,1200000000,
69571,6957,英屬開曼群島商裕慶金屬股份有限公司-KY,裕慶一KY,1,69571,無擔保轉換公司債,詢價圈購,凱基證券股份有限公司,10000,8860,2025-09-17,2025-09-18,105.10,110.00,,2025-09-18,2025-09-23,190,105.56,100.5,2025-09-25,2025-10-02,2025-10-02,2025-10-02,114041,,114310,,,,2025-08-22,2025-09-09,生效,,1000000000,
47223,4722,國精化學股份有限公司,國精化三,3,47223,無擔保轉換公司債,詢價圈購,富邦綜合證券股份有限公司,5000,4385,2025-09-16,2025-09-18,105.10,110.00,,2025-09-18,2025-09-22,141.3,105.1,102,2025-09-24,2025-10-01,2025-10-01,2025-10-01,114040,,114309,2025-07-04,500000000,詢價圈購,2025-08-06,2025-08-22,生效,,500000000,
36872,3687,茂為歐買尬數位科技股份有限公司,歐買尬二,2,36872,無擔保轉換公司債,競價拍賣,元富證券股份有限公司,4000,3600,2025-09-16,2025-09-19,,,100.00,2025-09-22,2025-09-11,75.9,102.96,104.51,2025-09-24,2025-10-02,2025-10-02,2025-10-02,,114053,114314,2025-08-12,400000000,,2025-08-22,2025-09-09,生效,,400000000,
44383,4438,廣越企業股份有限公司,廣越三,3,44383,無擔保轉換公司債,競價拍賣,凱基證券股份有限公司,8000,7120,2025-09-12,2025-09-17,,,101.00,2025-09-18,2025-09-09,76,102.703,102.1,2025-09-22,2025-09-30,2025-09-30,2025-09-30,,114051,114305,2025-06-10,800000000,競價拍賣,2025-07-21,2025-08-06,生效,,800000000,
41684,4168,台灣醣聯生技醫藥股份有限公司,醣聯四,4,41684,有擔保轉換公司債,競價拍賣,統一綜合證券股份有限公司,5000,4250,2025-09-03,2025-09-08,,,100.00,2025-09-09,2025-08-29,24,102.02,109.13,2025-09-11,2025-09-18,2025-09-18,2025-09-18,,114050,114290,2025-07-10,500000000,競價拍賣,2025-07-30,2025-08-27,生效,,500000000,
32843,3284,太普高精密影像股份有限公司,太普高三,3,32843,無擔保轉換公司債,詢價圈購,永豐金證券股份有限公司,2000,1800,2025-09-02,2025-09-03,105.01,110.00,,2025-09-03,2025-09-05,23.91,105.01,100,2025-09-09,2025-09-15,2025-09-15,2025-09-15,114039,,114285,2025-05-08,200000000,詢價圈購,2025-05-29,2025-06-17,生效,,200000000,
65331,6533,晶心科技股份有限公司,晶心科一,1,65331,無擔保轉換公司債,詢價圈購,凱基證券股份有限公司,15000,13201,2025-08-25,2025-08-27,106.00,120.00,,2025-08-27,2025-08-29,308,108.83,101,2025-09-02,2025-09-08,2025-09-08,2025-09-08,114038,,114280,2025-05-05,1500000000,,2025-07-18,2025-08-15,生效,,1500000000,
54391,5439,高技企業股份有限公司,高技一,1,54391,無擔保轉換公司債,競價拍賣,凱基證券股份有限公司,20000,17000,2025-08-25,2025-08-28,,,101.00,2025-08-29,2025-08-20,300,103.27,111.88,2025-09-02,2025-09-09,2025-09-09,2025-09-09,,114048,114281,2025-07-24,2000000000,競價拍賣,2025-08-01,2025-08-19,生效,,2000000000,
62076,6207,雷科股份有限公司,雷科六,6,62076,無擔保轉換公司債,競價拍賣,凱基證券股份有限公司,2000,1800,2025-08-21,2025-08-26,,,100.00,2025-08-27,2025-08-18,50.6,102,116.21,2025-08-29,2025-09-05,2025-09-05,2025-09-05,,114047,114272,2025-05-06,800000000,,2025-07-01,2025-07-17,生效,,200000000,
74022,7402,邑錡股份有限公司,邑錡二,2,74022,無擔保轉換公司債,詢價圈購,統一綜合證券股份有限公司,4000,3600,2025-08-20,2025-08-21,105.01,110.00,,2025-08-21,2025-08-25,97.6,105.01,100,2025-08-27,2025-09-02,2025-09-02,2025-09-02,114037,,114269,2025-05-02,400000000,詢價圈購,2025-06-26,2025-08-01,生效,,400000000,
62075,6207,雷科股份有限公司,雷科五,5,62075,無擔保轉換公司債,詢價圈購,凱基證券股份有限公司,6000,5340,2025-08-13,2025-08-14,105.10,110.00,,2025-08-14,2025-08-18,52.1,105.1,100,2025-08-20,2025-08-26,2025-08-26,2025-08-26,114036,,114257,2025-05-06,800000000,,2025-07-01,2025-07-17,生效,,800000000,
45581,4558,寶緯工業股份有限公司,寶緯一,1,45581,有擔保轉換公司債,競價拍賣,華南永昌綜合證券股份有限公司,3000,2624,2025-08-13,2025-08-18,,,100.00,2025-08-19,2025-08-08,29.8,102.58,101.17,2025-08-21,2025-08-28,2025-08-28,2025-08-28,,114045,114262,2025-05-07,300000000,競價拍賣,2025-07-18,2025-08-05,生效,,300000000,
27431,2743,山富國際旅行社股份有限公司,山富一,1,27431,無擔保轉換公司債,競價拍賣,國泰綜合證券股份有限公司,3000,2640,2025-08-13,2025-08-18,,,102.00,2025-08-19,2025-08-08,135,106.30,102,2025-08-21,2025-08-28,2025-08-28,2025-08-28,,114046,114264,2025-05-14,300000000,競價拍賣,2025-07-21,2025-08-06,生效,,300000000,
65914,6591,動力科技股份有限公司-KY,動力四KY,4,65914,無擔保轉換公司債,詢價圈購,康和綜合證券股份有限公司,2500,2125,2025-08-12,2025-08-13,105.10,110.00,,2025-08-13,2025-08-19,72.88,105.01,100,2025-08-21,,2025-08-27,2025-08-27,114035,,114260,2025-05-09,251250000,詢價圈購,2025-07-21,2025-08-06,生效,,250000000,
f2236-2025-08-07-450,2236,F-百達,,,,無擔保轉換公司債,,台新證券,4500,,,,,,,,,,,,,,,,,,,2025-05-13,1000000000,,2025-08-07,2025-08-25,生效,,450000000,
37075,3707,漢磊科技股份有限公司,漢磊五,5,37075,無擔保轉換公司債,詢價圈購,凱基證券股份有限公司,10000,8875,2025-08-07,2025-08-08,105.10,110.00,,2025-08-08,2025-08-12,40.1,105.3,100.5,2025-08-14,2025-08-20,2025-08-20,2025-08-20,114034,,114252,2025-06-11,1000000000,詢價圈購,2025-06-27,2025-07-15,生效,,1000000000,
68211,6821,聯寶電子股份有限公司,聯寶一,1,68211,無擔保轉換公司債,詢價圈購,統一綜合證券股份有限公司,3000,2700,2025-08-04,2025-08-05,105.10,115.00,,2025-08-05,2025-08-07,43.06,105.01,100,2025-08-11,2025-08-15,2025-08-15,2025-08-15,114033,,114246,2025-05-12,300000000,詢價圈購,2025-07-01,2025-07-17,生效,,300000000,
75562,7556,意德士科技股份有限公司,意德士二,2,75562,無擔保轉換公司債,競價拍賣,元大證券股份有限公司,2000,1800,2025-07-31,2025-08-05,,,100.00,2025-08-06,2025-07-28,178.5,102,109.25,2025-08-08,2025-08-15,2025-08-15,2025-08-15,,114044,114247,2025-04-07,100000000,,2025-07-07,2025-07-23,生效,,200000000,
45811,4581,英屬開曼群島光隆精密股份有限公司-KY,光隆精密一KY,1,45811,無擔保轉換公司債,競價拍賣,第一金證券股份有限公司,5000,4380,2025-07-31,2025-08-05,,,100.50,2025-08-06,2025-07-28,53.4,102.5,100.5,2025-08-08,2025-08-15,2025-08-15,2025-08-15,,114043,114245,2025-04-21,500000000,,2025-05-09,2025-05-27,生效,,500000000,
75561,7556,意德士科技股份有限公司,意德士一永,1,75561,無擔保轉換公司債,詢價圈購,元大證券股份有限公司,1000,900,2025-07-29,2025-07-31,105.10,110.00,,2025-07-31,2025-08-04,182,,101,2025-08-06,2025-08-12,2025-08-12,2025-08-12,114032,,114242,2025-04-07,100000000,,2025-07-07,2025-07-23,生效,,100000000,
f4113-2025-07-23-300,4113,聯上實業,,,,無擔保轉換公司債,競價拍賣,合庫證券,3000,,,,,,,,,,,,,,,,,,,2025-06-26,300000000,競價拍賣,2025-07-23,2025-09-25,生效,,300000000,
au114041,3167,大量科技股份有限公司,,2,,無擔保轉換公司債,競價拍賣,福邦證券股份有限公司,5000,4661,2025-07-22,2025-07-25,,,100.00,2025-07-28,2025-07-17,170.00,108.40,109.09,2025-07-30,2025-08-06,,,,114041,114233,2025-03-10,500000000,競價拍賣,2025-03-21,2025-04-10,生效,,500000000,
26418,2641,正德海運股份有限公司,正德八,8,26418,無擔保轉換公司債,競價拍賣,群益金鼎證券股份有限公司,7800,7020,2025-07-22,2025-07-25,,,100.50,2025-07-28,2025-07-17,19.3,102.12,100.5,2025-07-30,2025-08-06,2025-08-06,2025-08-06,,114042,114238,2025-05-08,780000000,競價拍賣,2025-06-13,2025-07-11,生效,,780000000,
au114040,3131,弘塑科技股份有限公司,,2,,無擔保轉換公司債,競價拍賣,凱基證券股份有限公司,10000,8500,2025-07-21,2025-07-24,,,103.00,2025-07-25,2025-07-16,1649.2,102.01,110.5,2025-07-29,2025-08-05,,,,114040,114231,2025-03-04,1000000000,,,,,,,
17863,1786,科妍生物科技股份有限公司,科妍三,3,17863,無擔保轉換公司債,詢價圈購,統一綜合證券股份有限公司,4000,3600,2025-07-21,2025-07-21,105.10,115.00,,2025-07-21,2025-07-24,116.5,105.4,100,2025-07-28,2025-08-01,2025-08-01,2025-08-01,114031,,114224,,,,,,,,,
69822,6982,大井泵浦工業股份有限公司,大井泵浦二,2,69822,無擔保轉換公司債,競價拍賣,永豐金證券股份有限公司,2000,1709,2025-07-18,2025-07-23,,,100.00,2025-07-24,2025-07-15,61.8,102.10,100,2025-07-28,2025-08-04,2025-08-04,2025-08-04,,114038,114230,2025-05-09,300000000,,2025-06-13,2025-07-01,生效,,200000000,
68431,6843,進典工業股份有限公司,進典一,1,68431,無擔保轉換公司債,競價拍賣,永豐金證券股份有限公司,3000,2700,2025-07-18,2025-07-23,,,101.00,2025-07-24,2025-07-15,61.4,104.90,101.83,2025-07-28,2025-08-04,2025-08-04,2025-08-04,,114039,114228,2025-05-08,300000000,競價拍賣,2025-05-28,2025-06-16,生效,,300000000,
bb114030,3131,弘塑科技股份有限公司,,1,,無擔保轉換公司債,詢價圈購,凱基證券股份有限公司,10000,8502,2025-07-17,2025-07-18,105.01,115.00,,2025-07-18,2025-07-22,1762.2,108,100.5,2025-07-24,2025-07-30,,,114030,,114223,2025-03-04,1000000000,,2025-04-25,2025-05-14,生效,,1000000000,
84113,8411,福貞控股股份有限公司,福貞三KY,3,84113,有擔保轉換公司債,競價拍賣,台新綜合證券股份有限公司,12000,10200,2025-07-17,2025-07-22,,,100.00,2025-07-23,,13.3,103,100.00,2025-07-25,2025-08-01,2025-08-01,2025-08-01,,114037,114225,2025-03-14,1200000000,競價拍賣,2025-04-21,2025-05-08,生效,,1200000000,
f2230-2025-07-16-300,2230,泰茂實業,,,,無擔保轉換公司債,詢價圈購,國票證券,3000,,,,,,,,,,,,,,,,,,,2025-03-06,500000000,詢價圈購,2025-07-16,,自行撤回,2025-07-31,300000000,2025-08-19
64693,6469,大樹醫藥股份有限公司,大樹三,3,64693,無擔保轉換公司債,競價拍賣,國泰綜合證券股份有限公司,10000,8650,2025-07-11,2025-07-16,,,100.00,2025-07-17,2025-07-08,149.74,102,102.20,2025-07-21,2025-07-28,2025-07-28,2025-07-28,,114036,114219,2025-02-27,1000000000,競價拍賣,2025-04-28,2025-05-15,生效,,1000000000,
44421,4442,竣邦國際股份有限公司-KY,竣邦一KY,1,44421,無擔保轉換公司債,競價拍賣,台新綜合證券股份有限公司,1500,1275,2025-07-11,2025-07-16,,,100.00,2025-07-17,,49,103,100.37,2025-07-21,2025-07-28,2025-07-28,2025-07-28,,114035,114220,2025-05-09,150000000,競價拍賣,2025-05-28,2025-07-03,生效,,150000000,
35267,3526,凡甲科技股份有限公司,凡甲七,7,35267,無擔保轉換公司債,詢價圈購,凱基證券股份有限公司,15000,13500,2025-07-11,2025-07-14,106.00,115.00,,2025-07-14,2025-07-16,269.6,114.97,101,2025-07-18,2025-07-24,2025-07-24,2025-07-24,114029,,114216,2025-06-13,1500000000,,2025-06-23,2025-07-09,生效,,1500000000,
69821,6982,大井泵浦工業股份有限公司,大井泵浦一,1,69821,無擔保轉換公司債,詢價圈購,永豐金證券股份有限公司,3000,2550,2025-07-10,2025-07-11,105.01,110.00,,2025-07-11,2025-07-15,63.6,105.07,100,2025-07-17,2025-07-23,2025-07-23,2025-07-23,114028,,114215,2025-05-09,300000000,,2025-06-13,2025-07-01,生效,,300000000,
bb114027,6163,華電聯網股份有限公司,,,,無擔保轉換公司債,詢價圈購,統一綜合證券股份有限公司,3000,2695,2025-07-09,2025-07-10,105.01,110.00,,,,,,,,,,,114027,,,2025-03-25,300000000,詢價圈購,2025-04-17,2025-05-06,生效,,300000000,
30401,3040,遠見科技股份有限公司,遠見一,1,30401,無擔保轉換公司債,詢價圈購,統一綜合證券股份有限公司,5000,4500,2025-06-19,2025-06-19,105.01,110.00,,2025-06-19,2025-06-20,48.3,105.01,100,2025-06-24,2025-06-30,2025-06-30,2025-06-30,114026,,114203,2025-04-15,500000000,詢價圈購,2025-04-29,2025-06-16,生效,,500000000,
f6191-2025-06-13-1000,6191,精成科技,,,,無擔保轉換公司債,詢價圈購,宏遠證券,10000,,,,,,,,,,,,,,,,,,,2025-05-28,1000000000,詢價圈購,2025-06-13,2025-07-01,廢止/撤銷,,1000000000,2025-12-03
25304,2530,大華建設股份有限公司,華建四,4,25304,無擔保轉換公司債,競價拍賣,凱基證券股份有限公司,8000,7180,2025-06-13,2025-06-18,,,100.00,2025-06-19,2025-06-10,32.5,102.3,100.37,2025-06-23,2025-06-30,2025-06-30,2025-06-30,,114033,114201,,,,,,,,,
22472,2247,汎德永業汽車股份有限公司,汎德永業二,2,22472,無擔保轉換公司債,競價拍賣,群益金鼎證券股份有限公司,10000,8500,2025-06-13,2025-06-18,,,101.00,2025-06-19,,297.8,102.5,102.37,2025-06-23,2025-06-30,2025-06-30,2025-06-30,,114034,114204,2025-05-09,1000000000,競價拍賣,2025-05-20,2025-06-06,生效,,1000000000,
22471,2247,汎德永業汽車股份有限公司,汎德永業一,1,22471,無擔保轉換公司債,詢價圈購,群益金鼎證券股份有限公司,10000,8500,2025-06-13,2025-06-16,105.10,110.00,,2025-06-16,2025-06-18,307.6,106.20,101,2025-06-20,2025-06-26,2025-06-26,2025-06-26,114025,,114199,2025-05-09,1000000000,詢價圈購,,,,,,
61565,6156,松上電子股份有限公司,松上五,5,61565,無擔保轉換公司債,詢價圈購,永豐金證券股份有限公司,3500,3000,2025-06-12,2025-06-13,105.01,110.00,,2025-06-13,2025-06-17,30.1,105.91,100,2025-06-19,2025-06-25,2025-06-25,2025-06-25,114024,,114196,2025-02-26,350000000,,2025-05-06,2025-05-22,生效,,350000000,
65381,6538,倉和股份有限公司,倉和一,1,65381,無擔保轉換公司債,競價拍賣,統一綜合證券股份有限公司,3000,2550,2025-06-11,2025-06-16,,,101.00,2025-06-17,2025-06-06,104.4,102.3,102.54,2025-06-19,2025-06-26,2025-06-26,2025-06-26,,114032,114197,2025-03-06,300000000,競價拍賣,2025-03-21,2025-04-10,生效,,300000000,
61777,6177,達麗建設事業股份有限公司,達麗七,7,61777,無擔保轉換公司債,詢價圈購,國泰綜合證券股份有限公司,6000,5200,2025-06-11,2025-06-13,105.10,110.00,,2025-06-13,2025-06-17,52.3,105.01,100,2025-06-19,2025-06-25,2025-06-25,2025-06-25,114022,,114194,,,,,,,,,
25303,2530,大華建設股份有限公司,華建三,3,25303,無擔保轉換公司債,詢價圈購,凱基證券股份有限公司,5000,4400,2025-06-11,2025-06-12,105.01,110.00,,2025-06-12,2025-06-13,34.7,105.18,100,2025-06-17,2025-06-23,2025-06-23,2025-06-23,114023,,114193,,,,,,,,,
31882,3188,鑫龍騰開發股份有限公司,鑫龍騰二,2,31882,無擔保轉換公司債,詢價圈購,凱基證券股份有限公司,6000,5400,2025-06-09,2025-06-10,105.10,106.00,,2025-06-10,2025-06-12,31.4,105.1,100,2025-06-16,2025-06-20,2025-06-20,2025-06-20,114021,,114189,2025-03-11,600000000,,2025-03-24,2025-04-11,生效,,600000000,
41645,4164,承業生醫投資控股股份有限公司,承業醫五,5,41645,無擔保轉換公司債,詢價圈購,台新綜合證券股份有限公司,9000,7930,2025-06-06,2025-06-10,105.10,130.00,,2025-06-10,2025-06-12,48.4,105.2,100.5,2025-06-16,,2025-06-20,2025-06-20,114020,,114192,,,,,,,,,
14664,1466,聚隆纖維股份有限公司,聚隆四,4,14664,有擔保轉換公司債,競價拍賣,國票綜合證券股份有限公司,4000,3400,2025-06-05,2025-06-10,,,100.00,2025-06-11,2025-06-02,18.8,104,103.11,2025-06-13,2025-06-20,2025-06-20,2025-06-20,,114031,114188,2025-03-14,400000000,競價拍賣,2025-04-28,2025-05-15,生效,,400000000,
14723,1472,三洋實業股份有限公司,三洋實業三,3,14723,無擔保轉換公司債,詢價圈購,台新綜合證券股份有限公司,4000,3400,2025-06-03,2025-06-05,105.10,115.00,,2025-06-05,2025-06-09,105,105.21,100,2025-06-11,,2025-06-17,2025-06-17,114019,,114186,2025-03-11,300000000,,2025-04-14,2025-04-30,生效,,400000000,
23511,2351,順德工業股份有限公司,順德一,1,23511,無擔保轉換公司債,競價拍賣,台新綜合證券股份有限公司,12000,10200,2025-06-02,2025-06-05,,,100.00,2025-06-06,,75,104.90,102.18,2025-06-10,2025-06-17,2025-06-17,2025-06-17,,114029,114183,,,,,,,,,
36173,3617,碩天科技股份有限公司,碩天三,3,36173,無擔保轉換公司債,競價拍賣,富邦綜合證券股份有限公司,15000,12750,2025-05-29,2025-06-04,,,100.00,2025-06-05,2025-05-26,305,114.66,100,2025-06-09,2025-06-16,2025-06-16,2025-06-16,,114030,114184,,,,,,,,,
au114027,3653,健策精密工業股份有限公司,,5,,無擔保轉換公司債,競價拍賣,富邦綜合證券股份有限公司,20000,17012,2025-05-28,2025-06-03,,,105.00,2025-06-02,2025-05-23,1320.90,102,108.37,2025-06-06,2025-06-13,,,,114027,114181,2025-02-25,3000000000,,2025-03-17,2025-04-02,生效,,2000000000,
45554,4555,台灣氣立股份有限公司,氣立四,4,45554,有擔保轉換公司債,競價拍賣,富邦綜合證券股份有限公司,5000,4250,2025-05-22,2025-05-27,,,102.00,2025-05-28,2025-05-19,44,104.76,102,2025-06-02,2025-06-09,2025-06-09,2025-06-09,,114026,114174,2025-03-21,500000000,競價拍賣,2025-03-24,2025-04-23,生效,,500000000,
bb114018,3653,健策精密工業股份有限公司,,4,,無擔保轉換公司債,詢價圈購,富邦綜合證券股份有限公司,30000,25505,2025-05-19,2025-05-21,102.00,120.00,,2025-05-21,2025-05-23,1327.40,102.5,101,2025-05-27,2025-06-03,,,114018,,114171,2025-02-25,3000000000,,2025-03-17,2025-04-02,生效,,3000000000,
41295,4129,聯合骨科器材股份有限公司,聯合五,5,41295,無擔保轉換公司債,詢價圈購,凱基證券股份有限公司,7000,5950,2025-05-16,2025-05-19,105.01,115.00,,2025-05-19,2025-05-21,109.8,110.09,100.5,2025-05-23,2025-05-29,2025-05-29,2025-05-29,114017,,114165,2025-03-07,700000000,,2025-04-25,2025-05-14,生效,,700000000,
68732,6873,泓德能源科技股份有限公司,泓德能源二,2,68732,無擔保轉換公司債,詢價圈購,元大證券股份有限公司,30000,25500,2025-05-15,2025-05-19,105.01,115.00,,2025-05-19,2025-05-21,246,,100.5,2025-05-23,2025-05-29,2025-05-29,2025-05-29,114016,,114164,2025-03-21,3000000000,詢價圈購,2025-04-09,2025-04-25,生效,,3000000000,
14722,1472,三洋實業股份有限公司,三洋實業二,2,14722,有擔保轉換公司債,競價拍賣,台新綜合證券股份有限公司,3000,2550,2025-05-14,2025-05-19,,,100.00,2025-05-20,,102,102.48,110.71,2025-05-22,2025-05-29,2025-05-29,2025-05-29,,114025,114159,2025-03-11,300000000,,2025-04-14,2025-04-30,生效,,300000000,
61172,6117,迎廣科技股份有限公司,迎廣二,2,61172,無擔保轉換公司債,競價拍賣,台新綜合證券股份有限公司,5000,4250,2025-05-13,2025-05-16,,,100.00,2025-05-19,2025-05-08,79.3,102.00,110.73,2025-05-21,2025-05-28,2025-05-28,2025-05-28,,114024,114157,2025-03-31,500000000,競價拍賣,2025-04-15,2025-05-02,生效,,500000000,
bb114015,4916,事欣科技股份有限公司,,5,,無擔保轉換公司債,詢價圈購,統一綜合證券股份有限公司,5000,4450,2025-04-30,2025-05-02,105.01,120.00,,2025-05-02,2025-05-06,43.30,105.1,100,2025-05-08,2025-05-14,,,114015,,114143,2025-03-11,500000000,詢價圈購,2025-04-09,2025-04-25,生效,,500000000,
bb114014,6290,良維科技股份有限公司,,10,,無擔保轉換公司債,詢價圈購,富邦綜合證券股份有限公司,8000,7200,2025-04-28,2025-04-30,105.10,110.00,,2025-04-30,2025-05-05,80.1,105.1,101,2025-05-07,2025-05-13,,,114014,,114142,2025-03-10,800000000,詢價圈購,2025-04-02,2025-04-22,生效,,800000000,
67711,6771,平和環保科技股份有限公司,平和環保一創,1,67711,有擔保轉換公司債,詢價圈購,群益金鼎證券股份有限公司,3500,3150,2025-04-24,2025-04-25,102.00,105.00,,2025-04-25,2025-04-29,55,103.03,100.5,2025-05-02,2025-05-08,2025-05-08,2025-05-08,114013,,114139,2025-03-11,350000000,詢價圈購,2025-03-28,2025-04-17,生效,,350000000,
80872,8087,麗升能源科技股份有限公司,麗升能源二,2,80872,無擔保轉換公司債,詢價圈購,兆豐證券股份有限公司,5000,4500,2025-04-14,2025-04-15,105.50,110.00,,2025-04-15,2025-04-23,40.4,105.5,100,,2025-05-02,2025-05-02,2025-05-02,114012,,114132,2025-03-07,500000000,詢價圈購,2025-03-18,2025-04-07,生效,,500000000,
bb114011,1786,科妍生物科技股份有限公司,,,,無擔保轉換公司債,詢價圈購,統一綜合證券股份有限公司,4000,3600,2025-04-08,2025-04-09,105.10,115.00,,,,,,,,,,,114011,,,2025-03-06,400000000,詢價圈購,2025-03-14,2025-04-01,生效,,400000000,
f3188-2025-03-24-200,3188,鑫龍騰,,,,無擔保轉換公司債,,凱基證券,2000,,,,,,,,,,,,,,,,,,,2025-03-11,600000000,,2025-03-24,2025-04-11,廢止/撤銷,,200000000,2025-10-03
84222,8422,可寧衛股份有限公司,可寧衛二,2,84222,無擔保轉換公司債,詢價圈購,台新綜合證券股份有限公司,20000,17567,2025-03-20,2025-03-24,102.00,110.00,,2025-03-24,2025-03-26,200,103.00,101,2025-03-28,,2025-04-07,2025-04-07,114010,,114114,,,,,,,,,
14743,1474,弘裕企業股份有限公司,弘裕三,3,14743,無擔保轉換公司債,競價拍賣,兆豐證券股份有限公司,3000,2550,2025-03-14,2025-03-19,,,101.50,2025-03-20,2025-03-11,14.5,102.83,101.5,2025-03-24,2025-03-31,2025-03-31,2025-03-31,,114023,114107,,,,,,,,,
bb114009,2337,旺宏電子股份有限公司,,2,,無擔保轉換公司債,詢價圈購,凱基證券股份有限公司,30000,27000,2025-03-10,2025-03-12,105.00,115.00,,2025-03-12,2025-03-14,23.0,107,100.5,2025-03-18,2025-03-24,,,114009,,114100,,,,,,,,,
68462,6846,綠茵生技股份有限公司,綠茵二,2,68462,無擔保轉換公司債,競價拍賣,富邦綜合證券股份有限公司,3500,2975,2025-03-10,2025-03-13,,,100.00,2025-03-14,2025-03-05,81.3,102,105.38,2025-03-18,2025-03-25,2025-03-25,2025-03-25,,114022,114102,,,,,,,,,
14364,1436,華友聯開發股份有限公司,華友聯四,4,14364,無擔保轉換公司債,詢價圈購,國泰綜合證券股份有限公司,20000,17000,2025-03-04,2025-03-06,102.00,110.00,,2025-03-06,2025-03-10,140.3,102,101,2025-03-12,2025-03-18,2025-03-18,2025-03-18,114008,,114091,,,,,,,,,
68461,6846,綠茵生技股份有限公司,綠茵一,1,68461,無擔保轉換公司債,詢價圈購,富邦綜合證券股份有限公司,3500,3075,2025-02-26,2025-03-03,105.01,110.00,,2025-03-03,2025-03-05,83.8,105.10,100,2025-03-07,2025-03-13,2025-03-13,2025-03-13,114007,,114087,,,,,,,,,
bb114006,4164,承業生醫投資控股股份有限公司,,,,無擔保轉換公司債,詢價圈購,台新綜合證券股份有限公司,15000,12975,2025-02-21,2025-02-24,105.10,130.00,,,,,,,,,,,114006,,,,,,,,,,,
15984,1598,岱宇國際股份有限公司,岱宇四,4,15984,無擔保轉換公司債,詢價圈購,統一綜合證券股份有限公司,2000,1720,2025-02-17,2025-02-18,105.10,110.00,,2025-02-18,2025-02-20,33.6,105.1,100,2025-02-24,2025-03-03,2025-03-03,2025-03-03,114005,,114058,,,,,,,,,
99063,9906,欣巴巴事業股份有限公司,欣巴巴三,3,99063,無擔保轉換公司債,詢價圈購,國泰綜合證券股份有限公司,7000,5951,2025-02-13,2025-02-17,105.10,110.00,,2025-02-17,2025-02-19,111.8,105.3,100,2025-02-21,2025-02-27,2025-02-27,2025-02-27,114003,,114054,,,,,,,,,
68541,6854,錼創科技股份有限公司,錼創科技一KY創,1,68541,有擔保轉換公司債,詢價圈購,中國信託綜合證券股份有限公司,8000,6800,2025-02-13,2025-02-17,102.00,105.00,,2025-02-17,2025-02-19,250.9,102,100,2025-02-21,2025-02-27,2025-02-27,2025-02-27,114004,,114055,,,,,,,,,
45102,4510,高鋒工業股份有限公司,高鋒二,2,45102,無擔保轉換公司債,詢價圈購,群益金鼎證券股份有限公司,9000,7937,2025-02-13,2025-02-14,105.10,110.00,,2025-02-14,2025-02-18,49.2,105.2857,100.5,2025-02-20,2025-02-26,2025-02-26,2025-02-26,114002,,114051,,,,,,,,,
44391,4439,冠星集團控股有限公司,冠星一KY,1,44391,無擔保轉換公司債,競價拍賣,凱基證券股份有限公司,5000,4250,2025-02-13,2025-02-18,,,101.00,2025-02-19,2025-02-10,103,102.04,102.32,2025-02-21,2025-03-03,2025-03-03,2025-03-03,,114013,114056,,,,,,,,,
au114011,6451,訊芯科技控股股份有限公司-KY,,2,,無擔保轉換公司債,競價拍賣,福邦證券股份有限公司,25000,22500,2025-02-12,2025-02-17,,,100.00,2025-02-18,2025-02-07,241.2,103.5,104.08,2025-02-20,2025-02-27,,,,114011,114053,,,,,,,,,
au114010,3434,哲固資訊科技股份有限公司,,1,,有擔保轉換公司債,競價拍賣,華南永昌綜合證券股份有限公司,1500,1275,2025-02-12,2025-02-17,,,100.00,2025-02-18,2025-02-07,30.30,102.53,106.77,2025-02-20,2025-02-27,,,,114010,114052,,,,,,,,,
35483,3548,兆利科技工業股份有限公司,兆利三,3,35483,無擔保轉換公司債,競價拍賣,凱基證券股份有限公司,15000,13200,2025-02-10,2025-02-13,,,100.00,2025-02-14,2025-02-05,170,103.85,110.05,2025-02-18,2025-02-25,2025-02-25,2025-02-25,,114007,114050,,,,,,,,,
30954,3095,及成企業股份有限公司,及成四,4,30954,有擔保轉換公司債,競價拍賣,台新綜合證券股份有限公司,1500,1275,2025-02-10,2025-02-13,,,100.00,2025-02-14,,41.1,102.00,113.44,2025-02-18,2025-02-25,2025-02-25,2025-02-25,,114009,114048,,,,,,,,,
30455,3045,台灣大哥大股份有限公司,台灣大五,5,30455,無擔保轉換公司債,競價拍賣,元大證券股份有限公司,30000,25500,2025-02-10,2025-02-13,,,100.00,2025-02-14,2025-02-05,115.8,104,100.63,2025-02-18,2025-02-25,2025-02-25,2025-02-25,,114008,114049,,,,,,,,,
30454,3045,台灣大哥大股份有限公司,台灣大四,4,30454,無擔保轉換公司債,詢價圈購,元大證券股份有限公司,70000,59500,2025-02-10,2025-02-12,110.00,115.00,,2025-02-12,2025-02-14,123,,100,2025-02-18,2025-02-24,2025-02-24,2025-02-24,114001,,114047,,,,,,,,,
33902,3390,旭軟電子科技股份有限公司,旭軟二,2,33902,有擔保轉換公司債,競價拍賣,中國信託綜合證券股份有限公司,2000,1700,2025-02-06,2025-02-11,,,100.00,2025-02-12,2025-02-03,26.2,102.02,112.55,2025-02-14,2025-02-21,2025-02-21,2025-02-21,,114006,114045,,,,,,,,,
80282,8028,昇陽國際半導體股份有限公司,昇陽半導體二,2,80282,無擔保轉換公司債,競價拍賣,永豐金證券股份有限公司,20000,17850,2025-01-07,2025-01-10,,,103.50,2025-01-13,2025-01-02,140.3,102,103.5,2025-01-15,2025-01-22,2025-01-22,2025-01-22,,114002,114024,,,,,,,,,
45691,4569,英屬開曼群島商六方科技股份有限公司-KY,六方科一KY,1,45691,無擔保轉換公司債,競價拍賣,元大證券股份有限公司,5000,,,,,,,2025-01-06,2024-12-25,212,103.9,105.25,2025-01-08,2025-01-15,2025-01-15,2025-01-15,,,114017,,,,,,,,,
27551,2755,揚秦國際企業股份有限公司,揚秦一,1,27551,無擔保轉換公司債,競價拍賣,永豐金證券股份有限公司,2000,,,,,,,2025-01-06,2024-12-25,106,103.51,101,2025-01-08,2025-01-15,2025-01-15,2025-01-15,,,114016,,,,,,,,,
25284,2528,皇普建設股份有限公司,皇普四,4,25284,無擔保轉換公司債,競價拍賣,台新綜合證券股份有限公司,5000,4250,2025-01-02,2025-01-07,,,101.00,2025-01-08,,45,107.40,101.12,2025-01-10,2025-01-17,2025-01-17,2025-01-17,,114001,114022,,,,,,,,,
15142,1514,亞力電機股份有限公司,亞力二,2,15142,無擔保轉換公司債,詢價圈購,元大證券股份有限公司,12000,,,,,,,2024-12-31,2025-01-03,113.2,,100.5,2025-01-07,2025-01-13,2025-01-13,2025-01-13,,,114013,,,,,,,,,
nt114010,3138,耀登科技股份有限公司,,2,,無擔保轉換公司債,詢價圈購,富邦綜合證券股份有限公司,7000,,,,,,,2024-12-30,2025-01-02,118,105.36,100.5,2025-01-06,2025-01-10,,,,,114010,,,,,,,,,
81551,8155,博智電子股份有限公司,博智一,1,81551,無擔保轉換公司債,詢價圈購,凱基證券股份有限公司,,,,,,,,2024-12-30,2025-01-02,126.8,105.67,105,2025-01-06,2025-01-10,2025-01-10,2025-01-10,,,114009,,,,,,,,,
