code,name,abbr
1101,台灣水泥股份有限公司,台泥
1102,亞洲水泥股份有限公司,亞泥
1103,嘉新水泥股份有限公司,嘉泥
1104,環球水泥股份有限公司,環泥
1108,幸福水泥股份有限公司,幸福
1109,信大水泥股份有限公司,信大
1110,東南水泥股份有限公司,東泥
1201,味全食品工業股份有限公司,味全
1203,味王股份有限公司,味王
1210,大成長城企業股份有限公司,大成
1213,大西洋飲料股份有限公司,大飲
1215,台灣卜蜂企業股份有限公司,卜蜂
1216,統一企業股份有限公司,統一
1217,愛之味股份有限公司,愛之味
1218,泰山企業股份有限公司,泰山
1219,福壽實業股份有限公司,福壽
1220,台榮產業股份有限公司,台榮
1225,福懋油脂股份有限公司,福懋油
1227,佳格食品股份有限公司,佳格
1229,聯華實業控股股份有限公司,聯華
1231,聯華食品工業股份有限公司,聯華食
1232,大統益股份有限公司,大統益
1233,天仁茶業股份有限公司,天仁
1234,黑松股份有限公司,黑松
1235,興泰實業股份有限公司,興泰
1236,宏亞食品股份有限公司,宏亞
1256,鮮活控股股份有限公司,鮮活果汁-KY
1301,台灣塑膠工業股份有限公司,台塑
1303,南亞塑膠工業股份有限公司,南亞
1304,台灣聚合化學品股份有限公司,台聚
1305,華夏海灣塑膠股份有限公司,華夏
1307,三芳化學工業股份有限公司,三芳
1308,亞洲聚合股份有限公司,亞聚
1309,台達化學工業股份有限公司,台達化
1310,台灣苯乙烯工業股份有限公司,台苯
1312,國喬石油化學股份有限公司,國喬
1313,聯成化學科技股份有限公司,聯成
1314,中國石油化學工業開發(股)公司,中石化
1315,達新工業股份有限公司,達新
1316,上曜建設開發股份有限公司,上曜
1319,東陽實業廠股份有限公司,東陽
1321,大洋塑膠工業股份有限公司,大洋
1323,永裕塑膠工業股份有限公司,永裕
1324,地球綜合工業股份有限公司,地球
1325,恒大股份有限公司,恆大
1326,台灣化學纖維股份有限公司,台化
1337,亞洲塑膠再生資源控股有限公司,再生-KY
1338,廣華控股有限公司,廣華-KY
1339,昭輝實業股份有限公司,昭輝
1340,勝悅新材料有限公司,勝悅-KY
1341,富林塑膠工業(開曼)控股(股)公司,富林-KY
1342,八貫企業股份有限公司,八貫
1402,遠東新世紀股份有限公司,遠東新
1409,新光合成纖維股份有限公司,新纖
1410,南洋染整股份有限公司,南染
1413,宏洲纖維工業股份有限公司,宏洲
1414,東和紡織股份有限公司,東和
1416,廣豐實業股份有限公司,廣豐
1417,嘉裕股份有限公司,嘉裕
1418,東華龍股份有限公司,東華
1419,新光紡織股份有限公司,新紡
1423,利華羊毛工業股份有限公司,利華
1432,大魯閣實業股份有限公司,大魯閣
1434,福懋興業股份有限公司,福懋
1435,中福國際(股)公司,中福
1436,華友聯開發股份有限公司,華友聯
1437,勤益投資控股股份有限公司,勤益控
1438,三地開發地產股份有限公司,三地開發
1439,雋揚國際股份有限公司,雋揚
1440,台南紡織股份有限公司,南紡
1441,大東紡織股份有限公司,大東
1442,名軒開發股份有限公司,名軒
1443,立益物流開發股份有限公司,立益物流
1444,力麗企業股份有限公司,力麗
1445,大宇紡織股份有限公司,大宇
1446,宏和精密紡織股份有限公司,宏和
1447,力鵬企業股份有限公司,力鵬
1449,佳和實業股份有限公司,佳和
1451,年興紡織股份有限公司,年興
1452,宏益纖維工業股份有限公司,宏益
1453,大將開發股份有限公司,大將
1454,台灣富綢纖維股份有限公司,台富
1455,集盛實業股份有限公司,集盛
1456,怡華實業股份有限公司,怡華
1457,宜進實業股份有限公司,宜進
1459,聯發紡織纖維股份有限公司,聯發
1460,宏遠興業股份有限公司,宏遠
1463,強盛新投資控股股份有限公司,強盛新
1464,得力實業股份有限公司,得力
1465,偉全實業股份有限公司,偉全
1466,聚隆纖維股份有限公司,聚隆
1467,南緯實業股份有限公司,南緯
1468,昶和纖維興業股份有限公司,昶和
1470,大統新創股份有限公司,大統新創
1471,首利實業股份有限公司,首利
1472,三洋實業股份有限公司,三洋實業
1473,台南企業股份有限公司,台南
1474,弘裕企業股份有限公司,弘裕
1475,台灣業旺股份有限公司,業旺
1476,儒鴻企業股份有限公司,儒鴻
1477,聚陽實業股份有限公司,聚陽
1503,士林電機廠股份有限公司,士電
1504,東元電機股份有限公司,東元
1506,正道工業股份有限公司,正道
1512,瑞利企業股份有限公司,瑞利
1513,中興電工機械股份有限公司,中興電
1514,亞力電機股份有限公司,亞力
1515,力山工業股份有限公司,力山
1516,川飛能源股份有限公司,川飛
1517,利奇機械工業股份有限公司,利奇
1519,華城電機股份有限公司,華城
1521,大億交通工業製造股份有限公司,大億
1522,堤維西交通工業股份有限公司,堤維西
1524,耿鼎企業股份有限公司,耿鼎
1525,江申工業股份有限公司,江申
1526,日馳企業股份有限公司,日馳
1527,鑽全實業股份有限公司,鑽全
1528,恩德科技股份有限公司,恩德
1529,樂事綠能科技股份有限公司,樂事綠能
1530,亞崴機電股份有限公司,亞崴
1531,高林股份有限公司,高林股
1532,勤美股份有限公司,勤美
1533,車王電子股份有限公司,車王電
1535,中宇環保工程股份有限公司,中宇
1536,和大工業股份有限公司,和大
1537,廣隆光電科技股份有限公司,廣隆
1538,正峰工業股份有限公司,正峰
1539,巨庭機械股份有限公司,巨庭
1540,喬福機械工業股份有限公司,喬福
1541,錩泰工業股份有限公司,錩泰
1558,伸興工業股份有限公司,伸興
1560,中國砂輪企業股份有限公司,中砂
1563,巧新科技工業股份有限公司,巧新
1568,倉佑實業股份有限公司,倉佑
1582,信錦企業股份有限公司,信錦
1583,程泰機械股份有限公司,程泰
1587,吉茂精密股份有限公司,吉茂
1589,永冠能源科技集團有限公司,永冠-KY
1590,亞德客國際集團,亞德客-KY
1597,直得科技股份有限公司,直得
1598,岱宇國際股份有限公司,岱宇
1603,中華電線電纜股份有限公司,華電
1604,聲寶股份有限公司,聲寶
1605,華新麗華股份有限公司,華新
1608,華榮電線電纜股份有限公司,華榮
1609,大亞電線電纜股份有限公司,大亞
1611,中國電器股份有限公司,中電
1612,宏泰電工股份有限公司,宏泰
1614,台灣三洋電機股份有限公司,三洋電
1615,大山電線電纜股份有限公司,大山
1616,億泰電線電纜股份有限公司,億泰
1617,榮星電線工業股份有限公司,榮星
1618,合機電線電纜股份有限公司,合機
1623,大東電業廠股份有限公司,大東電
1626,艾美特(開曼)國際有限公司,艾美特-KY
1702,南僑投資控股股份有限公司,南僑
1707,葡萄王生技股份有限公司,葡萄王
1708,東南實業股份有限公司,東鹼
1709,和益化學工業股份有限公司,和益
1710,東聯化學股份有限公司,東聯
1711,台灣永光化學工業股份有限公司,永光
1712,興農股份有限公司,興農
1713,國泰化工廠股份有限公司,國化
1714,和桐化學股份有限公司,和桐
1717,長興材料工業股份有限公司,長興
1718,中國人造纖維股份有限公司,中纖
1720,生達化學製藥股份有限公司,生達
1721,國慶科技股份有限公司,國慶科技
1722,台灣肥料股份有限公司,台肥
1723,中鋼碳素化學股份有限公司,中碳
1725,元禎企業股份有限公司,元禎
1726,永記造漆工業股份有限公司,永記
1727,台灣中華化學工業股份有限公司,中華化
1730,花仙子企業股份有限公司,花仙子
1731,美吾華股份有限公司,美吾華
1732,毛寶股份有限公司,毛寶
1733,五鼎生物技術股份有限公司,五鼎
1734,杏輝藥品工業股份有限公司,杏輝
1735,日勝化工股份有限公司,日勝化
1736,喬山健康科技股份有限公司,喬山
1737,台鹽實業股份有限公司,臺鹽
1752,南光化學製藥股份有限公司,南光
1760,寶齡富錦生技股份有限公司,寶齡富錦
1762,中化合成生技股份有限公司,中化生
1773,勝一化工股份有限公司,勝一
1776,展宇科技材料股份有限公司,展宇
1783,和康生物科技股份有限公司,和康生
1786,科妍生物科技股份有限公司,科妍
1789,台灣神隆股份有限公司,神隆
1795,美時化學製藥股份有限公司,美時
1802,台灣玻璃工業股份有限公司,台玻
1805,寶徠建設股份有限公司,寶徠
1806,冠軍建材股份有限公司,冠軍
1808,潤隆建設股份有限公司,潤隆
1809,中國製釉股份有限公司,中釉
1810,和成欣業股份有限公司,和成
1817,凱撒衛浴股份有限公司,凱撒衛
1903,士林紙業股份有限公司,士紙
1904,正隆股份有限公司,正隆
1905,中華紙漿股份有限公司,華紙
1906,寶隆國際股份有限公司,寶隆
1907,永豐餘投資控股股份有限公司,永豐餘
1909,榮成紙業股份有限公司,榮成
2002,中國鋼鐵股份有限公司,中鋼
2006,東和鋼鐵企業股份有限公司,東和鋼鐵
2007,燁興企業股份有限公司,燁興
2008,高興昌鋼鐵股份有限公司,高興昌
2009,第一伸銅科技股份有限公司,第一銅
2010,春源鋼鐵工業股份有限公司,春源
2012,春雨工廠股份有限公司,春雨
2013,中國鋼鐵結構股份有限公司,中鋼構
2014,中鴻鋼鐵股份有限公司,中鴻
2015,豐興鋼鐵股份有限公司,豐興
2017,官田鋼鐵股份有限公司,官田鋼
2020,美亞鋼管廠股份有限公司,美亞
2022,聚亨企業股份有限公司,聚亨
2023,燁輝企業股份有限公司,燁輝
2024,志聯工業股份有限公司,志聯
2025,千興不銹鋼(股)公司,千興
2027,大成不銹鋼工業股份有限公司,大成鋼
2028,威致鋼鐵工業股份有限公司,威致
2029,盛餘股份有限公司,盛餘
2030,彰源企業股份有限公司,彰源
2031,新光鋼鐵股份有限公司,新光鋼
2032,新鋼工業股份有限公司,新鋼
2033,佳大世界股份有限公司,佳大
2034,允強實業股份有限公司,允強
2038,海光企業股份有限公司,海光
2049,上銀科技股份有限公司,上銀
2059,川湖科技股份有限公司,川湖
2062,橋椿金屬股份有限公司,橋椿
2069,運錩鋼鐵股份有限公司,運錩
2072,世紀能源設備股份有限公司,世紀風電
2101,南港輪胎股份有限公司,南港
2102,泰豐輪胎股份有限公司,泰豐
2103,台橡股份有限公司,台橡
2104,國際中橡投資控股股份有限公司,國際中橡
2105,正新橡膠工業股份有限公司,正新
2106,建大工業股份有限公司,建大
2107,厚生股份有限公司,厚生
2108,南帝化學工業股份有限公司,南帝
2109,華豐橡膠工業股份有限公司,華豐
2114,鑫永銓股份有限公司,鑫永銓
2115,六暉控股股份有限公司,六暉-KY
2201,裕隆汽車製造股份有限公司,裕隆
2204,中華汽車工業股份有限公司,中華
2206,三陽工業股份有限公司,三陽工業
2207,和泰汽車股份有限公司,和泰車
2208,台灣國際造船股份有限公司,台船
2211,長榮鋼鐵股份有限公司,長榮鋼
2227,裕隆日產汽車股份有限公司,裕日車
2228,劍麟股份有限公司,劍麟
2231,為升電裝工業股份有限公司,為升
2233,宇隆科技股份有限公司,宇隆
2236,百達精密工業股份有限公司,百達-KY
2237,華德動能科技股份有限公司,華德動能-創
2239,開曼英利工業股份有限公司,英利-KY
2241,艾姆勒科技股份有限公司,艾姆勒
2243,宏旭控股股份有限公司,宏旭-KY
2247,汎德永業汽車股份有限公司,汎德永業
2248,華勝汽車電子股份有限公司,華勝-KY
2250,第一化成控股(開曼)股份有限公司,IKKA-KY
2254,巨鎧精密工業股份有限公司,巨鎧精密-創
2258,鴻華先進科技股份有限公司,鴻華先進-創
2301,光寶科技股份有限公司,光寶科
2302,麗正國際科技股份有限公司,麗正
2303,聯華電子股份有限公司,聯電
2305,全友電腦股份有限公司,全友
2308,台達電子工業股份有限公司,台達電
2312,金寶電子工業股份有限公司,金寶
2313,華通電腦股份有限公司,華通
2314,台揚科技股份有限公司,台揚
2316,楠梓電子股份有限公司,楠梓電
2317,鴻海精密工業股份有限公司,鴻海
2321,東訊股份有限公司,東訊
2323,中環股份有限公司,中環
2324,仁寶電腦工業股份有限公司,仁寶
2327,國巨股份有限公司,國巨*
2328,廣宇科技股份有限公司,廣宇
2329,華泰電子股份有限公司,華泰
2330,台灣積體電路製造股份有限公司,台積電
2331,精英電腦股份有限公司,精英
2332,友訊科技股份有限公司,友訊
2337,旺宏電子股份有限公司,旺宏
2338,台灣光罩股份有限公司,光罩
2340,台亞半導體股份有限公司,台亞
2342,台灣茂矽電子股份有限公司,茂矽
2344,華邦電子股份有限公司,華邦電
2345,智邦科技股份有限公司,智邦
2347,聯強國際股份有限公司,聯強
2348,海悅國際開發股份有限公司,海悅
2349,錸德科技股份有限公司,錸德
2351,順德工業股份有限公司,順德
2352,佳世達科技股份有限公司,佳世達
2353,宏碁股份有限公司,宏碁
2354,鴻準精密工業股份有限公司,鴻準
2355,敬鵬工業股份有限公司,敬鵬
2356,英業達股份有限公司,英業達
2357,華碩電腦股份有限公司,華碩
2359,所羅門股份有限公司,所羅門
2360,致茂電子股份有限公司,致茂
2362,藍天電腦股份有限公司,藍天
2363,矽統科技股份有限公司,矽統
2364,倫飛電腦實業股份有限公司,倫飛
2365,昆盈企業股份有限公司,昆盈
2367,燿華電子股份有限公司,燿華
2368,金像電子(股)公司,金像電
2369,菱生精密工業股份有限公司,菱生
2371,大同股份有限公司,大同
2373,震旦行股份有限公司,震旦行
2374,佳能企業股份有限公司,佳能
2375,凱美電機股份有限公司,凱美
2376,技嘉科技股份有限公司,技嘉
2377,微星科技股份有限公司,微星
2379,瑞昱半導體股份有限公司,瑞昱
2380,虹光精密工業股份有限公司,虹光
2382,廣達電腦股份有限公司,廣達
2383,台光電子材料股份有限公司,台光電
2385,群光電子股份有限公司,群光
2387,精元電腦股份有限公司,精元
2388,威盛電子股份有限公司,威盛
2390,云辰電子開發股份有限公司,云辰
2392,正崴精密工業股份有限公司,正崴
2393,億光電子工業股份有限公司,億光
2395,研華股份有限公司,研華
2397,友通資訊股份有限公司,友通
2399,映泰股份有限公司,映泰
2401,凌陽科技股份有限公司,凌陽
2402,毅嘉科技股份有限公司,毅嘉
2404,漢唐集成股份有限公司,漢唐
2405,輔信科技股份有限公司,輔信
2406,國碩科技工業股份有限公司,國碩
2408,南亞科技股份有限公司,南亞科
2409,友達光電股份有限公司,友達
2412,中華電信股份有限公司,中華電
2413,環隆科技股份有限公司,環科
2414,精技電腦股份有限公司,精技
2415,錩新科技股份有限公司,錩新
2417,圓剛科技股份有限公司,圓剛
2419,仲琦科技股份有限公司,仲琦
2420,新巨企業股份有限公司,新巨
2421,建準電機工業股份有限公司,建準
2423,固緯電子實業股份有限公司,固緯
2424,隴華電子股份有限公司,隴華
2425,承啟科技股份有限公司,承啟
2426,鼎元光電科技股份有限公司,鼎元
2427,三商電腦股份有限公司,三商電
2428,興勤電子工業股份有限公司,興勤
2429,銘旺科技股份有限公司,銘旺科
2430,燦坤實業股份有限公司,燦坤
2431,聯昌電子企業股份有限公司,聯昌
2432,倚天酷碁股份有限公司,倚天酷碁-創
2433,互盛股份有限公司,互盛電
2434,統懋半導體股份有限公司,統懋
2436,偉詮電子股份有限公司,偉詮電
2438,翔耀實業股份有限公司,翔耀
2439,美律實業股份有限公司,美律
2440,太空梭高傳真資訊科技(股)公司,太空梭
2441,超豐電子股份有限公司,超豐
2442,新美齊股份有限公司,新美齊
2444,兆勁科技股份有限公司,兆勁
2449,京元電子股份有限公司,京元電子
2450,神腦國際企業股份有限公司,神腦
2451,創見資訊股份有限公司,創見
2453,凌群電腦股份有限公司,凌群
2454,聯發科技股份有限公司,聯發科
2455,全新光電科技股份有限公司,全新
2457,飛宏科技股份有限公司,飛宏
2458,義隆電子股份有限公司,義隆
2459,敦吉科技股份有限公司,敦吉
2460,建通精密工業股份有限公司,建通
2461,光群雷射科技股份有限公司,光群雷
2462,台灣良得電子股份有限公司,良得電
2464,盟立自動化股份有限公司,盟立
2465,麗台科技股份有限公司,麗臺
2466,冠西電子企業股份有限公司,冠西電
2467,志聖工業股份有限公司,志聖
2468,華經資訊企業股份有限公司,華經
2471,資通電腦股份有限公司,資通
2472,立隆電子工業股份有限公司,立隆電
2474,可成科技股份有限公司,可成
2476,鉅祥企業股份有限公司,鉅祥
2477,美隆工業股份有限公司,美隆電
2478,大毅科技股份有限公司,大毅
2480,敦陽科技股份有限公司,敦陽科
2481,強茂股份有限公司,強茂
2482,連宇股份有限公司,連宇
2483,百容電子股份有限公司,百容
2484,希華晶體科技股份有限公司,希華
2485,兆赫電子股份有限公司,兆赫
2486,一詮精密工業股份有限公司,一詮
2488,漢平電子工業股份有限公司,漢平
2489,瑞軒科技股份有限公司,瑞軒
2491,吉祥全球實業股份有限公司,吉祥全
2492,華新科技股份有限公司,華新科
2493,揚博科技股份有限公司,揚博
2495,普安科技股份有限公司,普安
2496,卓越成功股份有限公司,卓越
2497,怡利電子工業股份有限公司,怡利電
2498,宏達國際電子股份有限公司,宏達電
2501,國泰建設股份有限公司,國建
2504,國產建材實業股份有限公司,國產
2505,國揚實業股份有限公司,國揚
2506,太平洋建設股份有限公司,太設
2509,全坤建設開發股份有限公司,全坤建
2511,太子建設開發股份有限公司,太子
2514,龍邦國際興業股份有限公司,龍邦
2515,中華工程股份有限公司,中工
2516,新亞建設開發股份有限公司,新建
2520,冠德建設股份有限公司,冠德
2524,京城建設股份有限公司,京城
2527,宏璟建設股份有限公司,宏璟
2528,皇普建設股份有限公司,皇普
2530,大華建設股份有限公司,華建
2534,宏盛建設股份有限公司,宏盛
2535,達欣工程股份有限公司,達欣工
2536,宏普建設股份有限公司,宏普
2537,聯上開發股份有限公司,聯上發
2538,基泰建設股份有限公司,基泰
2539,櫻花建設股份有限公司,櫻花建
2540,愛山林建設開發股份有限公司,愛山林
2542,興富發建設股份有限公司,興富發
2543,皇昌營造股份有限公司,皇昌
2545,皇翔建設股份有限公司,皇翔
2546,根基營造股份有限公司,根基
2547,日勝生活科技股份有限公司,日勝生
2548,華固建設股份有限公司,華固
2597,潤弘精密工程事業股份有限公司,潤弘
2601,益航股份有限公司,益航
2603,長榮海運股份有限公司,長榮
2605,新興航運股份有限公司,新興
2606,裕民航運股份有限公司,裕民
2607,長榮國際儲運股份有限公司,榮運
2608,嘉里大榮物流股份有限公司,嘉里大榮
2609,陽明海運股份有限公司,陽明
2610,中華航空股份有限公司,華航
2611,志信國際股份有限公司,志信
2612,中國航運股份有限公司,中航
2613,中國貨櫃運輸股份有限公司,中櫃
2614,東森國際股份有限公司,東森
2615,萬海航運股份有限公司,萬海
2616,山隆通運股份有限公司,山隆
2617,台灣航業股份有限公司,台航
2618,長榮航空股份有限公司,長榮航
2630,亞洲航空股份有限公司,亞航
2633,台灣高速鐵路股份有限公司,台灣高鐵
2634,漢翔航空工業股份有限公司,漢翔
2636,台驊國際控股股份有限公司,台驊控股
2637,慧洋海運股份有限公司,慧洋-KY
2642,台灣宅配通股份有限公司,宅配通
2645,長榮航太科技股份有限公司,長榮航太
2646,星宇航空股份有限公司,星宇航空
2701,萬華企業股份有限公司,萬企
2702,華園飯店股份有限公司,華園
2704,國賓大飯店股份有限公司,國賓
2705,六福開發股份有限公司,六福
2706,第一華僑大飯店股份有限公司,第一店
2707,晶華國際酒店股份有限公司,晶華
2712,遠雄悅來大飯店股份有限公司,遠雄來
2722,夏都國際開發股份有限公司,夏都
2723,開曼美食達人股份有限公司,美食-KY
2727,王品餐飲股份有限公司,王品
2731,雄獅旅行社股份有限公司,雄獅
2739,寒舍餐旅管理顧問股份有限公司,寒舍
2748,雲品國際酒店股份有限公司,雲品
2753,八方雲集國際股份有限公司,八方雲集
2762,世界健身股份有限公司,世界健身-KY
2801,彰化商業銀行股份有限公司,彰銀
2812,台中商業銀行股份有限公司,台中銀
2816,旺旺友聯產物保險股份有限公司,旺旺保
2820,中華票券金融股份有限公司,華票
2832,台灣產物保險股份有限公司,台產
2834,台灣中小企業銀行股份有限公司,臺企銀
2836,高雄銀行股份有限公司,高雄銀
2838,聯邦商業銀行股份有限公司,聯邦銀
2845,遠東國際商業銀行股份有限公司,遠東銀
2849,安泰商業銀行股份有限公司,安泰銀
2850,新光產物保險股份有限公司,新產
2851,中央再保險股份有限公司,中再保
2852,第一產物保險股份有限公司,第一保
2855,統一綜合證券股份有限公司,統一證
2880,華南金融控股股份有限公司,華南金
2881,富邦金融控股股份有限公司,富邦金
2882,國泰金融控股股份有限公司,國泰金
2883,凱基金融控股股份有限公司,凱基金
2884,玉山金融控股股份有限公司,玉山金
2885,元大金融控股股份有限公司,元大金
2886,兆豐金融控股股份有限公司,兆豐金
2887,台新新光金融控股股份有限公司,台新新光金
2889,國票金融控股股份有限公司,國票金
2890,永豐金融控股股份有限公司,永豐金
2891,中國信託金融控股股份有限公司,中信金
2892,第一金融控股股份有限公司,第一金
2897,王道商業銀行股份有限公司,王道銀行
2901,欣欣大眾市場股份有限公司,欣欣
2903,遠東百貨股份有限公司,遠百
2904,匯僑股份有限公司,匯僑
2905,三商投資控股股份有限公司,三商
2906,高林實業股份有限公司,高林
2908,特力股份有限公司,特力
2910,統領百貨股份有限公司,統領
2911,麗嬰房股份有限公司,麗嬰房
2912,統一超商股份有限公司,統一超
2913,台灣農林股份有限公司,農林
2915,潤泰全球股份有限公司,潤泰全
2923,鼎固控股有限公司,鼎固-KY
2929,淘帝國際控股有限公司,淘帝-KY
2939,永邑國際集團股份有限公司,永邑-KY
2945,三商家購股份有限公司,三商家購
3002,歐格電子股份有限公司,歐格
3003,健和興端子股份有限公司,健和興
3004,豐達科技股份有限公司,豐達科
3005,神基控股股份有限公司,神基
3006,晶豪科技股份有限公司,晶豪科
3008,大立光電股份有限公司,大立光
3010,華立企業股份有限公司,華立
3011,今皓實業股份有限公司,今皓
3013,晟銘電子科技股份有限公司,晟銘電
3014,聯陽半導體股份有限公司,聯陽
3015,全漢企業股份有限公司,全漢
3016,嘉晶電子股份有限公司,嘉晶
3017,奇鋐科技股份有限公司,奇鋐
3018,隆銘綠能科技工程股份有限公司,隆銘綠能
3019,亞洲光學股份有限公司,亞光
3021,鴻名企業股份有限公司,鴻名
3022,威強電工業電腦股份有限公司,威強電
3023,信邦電子股份有限公司,信邦
3024,憶聲電子股份有限公司,憶聲
3025,星通資訊股份有限公司,星通
3026,禾伸堂企業股份有限公司,禾伸堂
3027,盛達電業股份有限公司,盛達
3028,增你強股份有限公司,增你強
3029,零壹科技股份有限公司,零壹
3030,德律科技股份有限公司,德律
3031,佰鴻工業股份有限公司,佰鴻
3032,偉訓科技股份有限公司,偉訓
3033,威健實業股份有限公司,威健
3034,聯詠科技股份有限公司,聯詠
3035,智原科技股份有限公司,智原
3036,文曄科技股份有限公司,文曄
3037,欣興電子股份有限公司,欣興
3038,全台晶像股份有限公司,全台
3040,遠見科技股份有限公司,遠見
3041,揚智科技股份有限公司,揚智
3042,台灣晶技股份有限公司,晶技
3043,科風股份有限公司,科風
3044,健鼎科技股份有限公司,健鼎
3045,台灣大哥大股份有限公司,台灣大
3046,建碁股份有限公司,建碁
3047,訊舟科技股份有限公司,訊舟
3048,益登科技股份有限公司,益登
3049,精金科技股份有限公司,精金
3050,鈺德科技股份有限公司,鈺德
3051,力特光電科技股份有限公司,力特
3052,夆典科技開發股份有限公司,夆典
3054,立萬利創新股份有限公司,立萬利
3055,蔚華科技股份有限公司,蔚華科
3056,富華創新股份有限公司,富華新
3057,喬鼎資訊股份有限公司,喬鼎
3058,立德電子股份有限公司,立德
3059,華晶科技股份有限公司,華晶科
3060,銘異科技股份有限公司,銘異
3062,建漢科技股份有限公司,建漢
3090,日電貿股份有限公司,日電貿
3092,鴻碩精密電工股份有限公司,鴻碩
3094,聯傑國際股份有限公司,聯傑
3130,一零四資訊科技股份有限公司,一零四
3135,凌航科技股份有限公司,凌航
3138,耀登科技股份有限公司,耀登
3149,正達國際光電股份有限公司,正達
3150,鈺寶科技股份有限公司,鈺寶-創
3164,景岳生物科技股份有限公司,景岳
3167,大量科技股份有限公司,大量
3168,眾福科技股份有限公司,眾福科
3189,景碩科技股份有限公司,景碩
3209,全科科技股份有限公司,全科
3229,晟鈦股份有限公司,晟鈦
3231,緯創資通股份有限公司,緯創
3257,虹冠電子工業股份有限公司,虹冠電
3266,昇陽建設企業股份有限公司,昇陽
3296,勝德國際研發股份有限公司,勝德
3305,昇貿科技股份有限公司,昇貿
3308,聯德電子股份有限公司,聯德
3311,閎暉實業股份有限公司,閎暉
3312,弘憶國際股份有限公司,弘憶股
3321,同泰電子科技股份有限公司,同泰
3338,泰碩電子股份有限公司,泰碩
3346,麗清科技股份有限公司,麗清
3356,奇偶科技股份有限公司,奇偶
3376,新日興股份有限公司,新日興
3380,明泰科技股份有限公司,明泰
3406,玉晶光電股份有限公司,玉晶光
3413,京鼎精密科技股份有限公司,京鼎
3416,融程電訊股份有限公司,融程電
3419,譁裕實業股份有限公司,譁裕
3432,台端興業股份有限公司,台端
3437,榮創能源科技股份有限公司,榮創
3443,創意電子股份有限公司,創意
3447,展達通訊股份有限公司,展達
3450,聯鈞光電股份有限公司,聯鈞
3481,群創光電股份有限公司,群創
3494,誠研科技股份有限公司,誠研
3501,維熹科技股份有限公司,維熹
3504,揚明光學股份有限公司,揚明光
3515,華擎科技股份有限公司,華擎
3518,柏騰科技股份有限公司,柏騰
3528,安馳科技股份有限公司,安馳
3530,晶相光電股份有限公司,晶相光
3532,台塑勝高科技股份有限公司,台勝科
3533,嘉澤端子工業股份有限公司,嘉澤
3535,晶彩科技股份有限公司,晶彩科
3543,州巧科技股份有限公司,州巧
3545,敦泰電子股份有限公司,敦泰
3550,聯穎科技股份有限公司,聯穎
3557,嘉威生活股份有限公司,嘉威
3563,牧德科技股份有限公司,牧德
3576,聯合再生能源股份有限公司,聯合再生
3583,辛耘企業股份有限公司,辛耘
3588,通嘉科技股份有限公司,通嘉
3591,艾笛森光電股份有限公司,艾笛森
3592,瑞鼎科技股份有限公司,瑞鼎
3593,力銘科技股份有限公司,力銘
3596,智易科技股份有限公司,智易
3605,宏致電子股份有限公司,宏致
3607,谷崧精密工業股份有限公司,谷崧
3617,碩天科技股份有限公司,碩天
3622,洋華光電股份有限公司,洋華
3645,達邁科技股份有限公司,達邁
3652,精聯電子股份有限公司,精聯
3653,健策精密工業股份有限公司,健策
3661,世芯電子股份有限公司,世芯-KY
3665,貿聯控股,貿聯-KY
3669,圓展科技股份有限公司,圓展
3673,"TPKHoldingCo.,Ltd.",TPK-KY
3679,新至陞科技股份有限公司,新至陞
3686,達能科技股份有限公司,達能
3694,海華科技股份有限公司,海華
3701,大眾全球投資控股股份有限公司,大眾控
3702,大聯大控股股份有限公司,大聯大
3703,欣陸投資控股股份有限公司,欣陸
3704,合勤投資控股股份有限公司,合勤控
3705,永信國際投資控股股份有限公司,永信
3706,神達控股股份有限公司,神達
3708,上緯國際控股股份有限公司,上緯投控
3711,日月光投資控股股份有限公司,日月光投控
3712,永崴投資控股股份有限公司,永崴投控
3714,富采控股股份有限公司,富采
3715,定穎投資控股股份有限公司,定穎投控
3716,中化控股股份有限公司,中化控股
3717,聯嘉光電投資控股股份有限公司,聯嘉投控
4104,佳醫健康事業股份有限公司,佳醫
4106,雃博股份有限公司,雃博
4108,懷特生技新藥股份有限公司,懷特
4119,旭富製藥科技股份有限公司,旭富
4133,亞諾法生技股份有限公司,亞諾法
4137,麗豐股份有限公司,麗豐-KY
4142,國光生物科技股份有限公司,國光生
4148,全宇生技控股有限公司,全宇生技-KY
4155,訊映光電股份有限公司,訊映
4164,承業生醫投資控股股份有限公司,承業醫
4169,泰宗生物科技股份有限公司,泰宗
4178,永笙生技股份有限公司,永笙-KY
4190,佐登妮絲集團股份有限公司,佐登-KY
4195,基龍米克斯生物科技股份有限公司,基米-創
4306,炎洲股份有限公司,炎洲
4414,如興股份有限公司,如興
4426,利勤實業股份有限公司,利勤
4438,廣越企業股份有限公司,廣越
4439,冠星集團控股有限公司,冠星-KY
4440,宜新實業股份有限公司,宜新實業
4441,振大環球股份有限公司,振大環球
4526,東台精機股份有限公司,東台
4532,瑞智精密股份有限公司,瑞智
4536,拓凱實業股份有限公司,拓凱
4540,全球傳動科技股份有限公司,全球傳動
4545,銘鈺精密工業股份有限公司,銘鈺
4551,智伸科技股份有限公司,智伸科
4552,力達控股有限公司,力達-KY
4555,台灣氣立股份有限公司,氣立
4557,永新控股股份有限公司,永新-KY
4560,強信機械科技股份有限公司,強信-KY
4562,穎漢科技股份有限公司,穎漢
4564,元翎精密工業股份有限公司,元翎
4566,時碩工業股份有限公司,時碩工業
4569,六方科技股份有限公司,六方科-KY
4571,鈞興機電國際股份有限公司,鈞興-KY
4572,駐龍精密機械股份有限公司,駐龍
4576,大銀微系統股份有限公司,大銀微系統
4581,WorldKnownMFG(Cayman)Limited,光隆精密-KY
4582,聚恆科技股份有限公司,聚恆-創
4583,台灣精銳科技股份有限公司,台灣精銳
4585,達明機器人股份有限公司,達明
4588,玖鼎電力資訊股份有限公司,玖鼎電力
4590,富田電機股份有限公司,富田-創
4720,德淵企業股份有限公司,德淵
4722,國精化學股份有限公司,國精化
4736,泰博科技股份有限公司,泰博
4737,華廣生技股份有限公司,華廣
4739,康普材料科技股份有限公司,康普
4746,台耀化學股份有限公司,台耀
4755,三福化工股份有限公司,三福化
4763,濟南大自然新材料股份有限公司,材料*-KY
4764,雙鍵化工股份有限公司,雙鍵
4766,南寶樹脂化學工廠股份有限公司,南寶
4770,上品綜合工業股份有限公司,上品
4771,望隼科技股份有限公司,望隼
4807,日成控股股份有限公司,日成-KY
4904,遠傳電信股份有限公司,遠傳
4906,正文科技股份有限公司,正文
4912,聯德控股股份有限公司,聯德控股-KY
4915,致伸科技股份有限公司,致伸
4916,事欣科技股份有限公司,事欣科
4919,新唐科技股份有限公司,新唐
4927,泰鼎國際股份有限公司,泰鼎-KY
4930,燦星網通股份有限公司,燦星網
4934,太極能源科技股份有限公司,太極
4935,茂林光電科技(開曼)股份有限公司,茂林-KY
4938,和碩聯合科技股份有限公司,和碩
4942,嘉彰股份有限公司,嘉彰
4943,開曼康而富控股股份有限公司,康控-KY
4949,有成精密股份有限公司,有成精密
4952,凌通科技股份有限公司,凌通
4956,光鋐科技股份有限公司,光鋐
4958,臻鼎科技控股股份有限公司,臻鼎-KY
4960,誠美材料科技股份有限公司,誠美材
4961,天鈺科技股份有限公司,天鈺
4967,十銓科技股份有限公司,十銓
4968,立積電子股份有限公司,立積
4976,佳凌科技股份有限公司,佳凌
4977,眾達科技股份有限公司,眾達-KY
4989,李長榮科技股份有限公司,榮科
4994,傳奇網路遊戲股份有限公司,傳奇
4999,鑫禾科技股份有限公司,鑫禾
5007,三星科技股份有限公司,三星
5203,訊連科技股份有限公司,訊連
5215,科嘉(開曼)股份有限公司,科嘉-KY
5222,全訊科技股份有限公司,全訊
5225,東科控股股份有限公司,東科-KY
5234,達興材料股份有限公司,達興材料
5236,凌陽創新科技股份有限公司,凌陽創新
5243,乙盛精密工業股份有限公司,乙盛-KY
5244,弘凱光電股份有限公司,弘凱
5258,虹堡科技股份有限公司,虹堡
5269,祥碩科技股份有限公司,祥碩
5283,禾聯碩股份有限公司,禾聯碩
5284,經寶精密控股股份有限公司,jpp-KY
5285,界霖科技股份有限公司,界霖
5288,開曼商豐祥控股股份有限公司,豐祥-KY
5292,華懋科技股份有限公司,華懋
5306,桂盟國際股份有限公司,桂盟
5388,中磊電子股份有限公司,中磊
5434,崇越科技股份有限公司,崇越
5469,瀚宇博德股份有限公司,瀚宇博
5471,松翰科技股份有限公司,松翰
5484,慧友電子股份有限公司,慧友
5515,建國工程股份有限公司,建國
5519,隆大營建事業股份有限公司,隆大
5521,工信工程股份有限公司,工信
5522,遠雄建設事業股份有限公司,遠雄
5525,順天建設股份有限公司,順天
5531,鄉林建設事業股份有限公司,鄉林
5533,皇鼎建設開發股份有限公司,皇鼎
5534,長虹建設股份有限公司,長虹
5538,開曼東明控股股份有限公司,東明-KY
5546,永固集團股份有限公司,永固-KY
5607,遠雄自貿港投資控股股份有限公司,遠雄港
5608,四維航業股份有限公司,四維航
5706,鳳凰國際旅行社股份有限公司,鳳凰
5871,中租控股股份有限公司,中租-KY
5876,上海商業儲蓄銀行股份有限公司,上海商銀
5880,合作金庫金融控股股份有限公司,合庫金
5906,台南生活(開曼)股份有限公司,台南-KY
5907,GrandOceanRetailGroupLimited,大洋-KY
6005,群益金鼎證券股份有限公司,群益證
6024,群益期貨股份有限公司,群益期
6108,競國實業股份有限公司,競國
6112,邁達特數位股份有限公司,邁達特
6115,鎰勝工業股份有限公司,鎰勝
6116,瀚宇彩晶股份有限公司,彩晶
6117,迎廣科技股份有限公司,迎廣
6120,達運精密工業股份有限公司,達運
6128,上福全球科技股份有限公司,上福
6133,金橋科技股份有限公司,金橋
6136,富爾特科技股份有限公司,富爾特
6139,亞翔工程股份有限公司,亞翔
6141,柏承科技股份有限公司,柏承
6142,友勁科技股份有限公司,友勁
6152,百一電子股份有限公司,百一
6153,嘉聯益科技股份有限公司,嘉聯益
6155,鈞寶電子工業股份有限公司,鈞寶
6164,華興電子工業股份有限公司,華興
6165,浪凡網路科技股份有限公司,浪凡
6166,凌華科技股份有限公司,凌華
6168,宏齊科技股份有限公司,宏齊
6176,瑞儀光電股份有限公司,瑞儀
6177,達麗建設事業股份有限公司,達麗
6183,關貿網路股份有限公司,關貿
6184,大豐有線電視股份有限公司,大豐電
6189,豐藝電子股份有限公司,豐藝
6191,精成科技股份有限公司,精成科
6192,巨路國際股份有限公司,巨路
6196,帆宣系統科技股份有限公司,帆宣
6197,佳必琪國際股份有限公司,佳必琪
6201,亞弘電科技股份有限公司,亞弘電
6202,盛群半導體股份有限公司,盛群
6205,詮欣股份有限公司,詮欣
6206,飛捷科技股份有限公司,飛捷
6209,今國光學工業股份有限公司,今國光
6213,聯茂電子股份有限公司,聯茂
6214,精誠資訊股份有限公司,精誠
6215,和椿科技股份有限公司,和椿
6216,居易科技股份有限公司,居易
6224,聚鼎科技股份有限公司,聚鼎
6225,天瀚科技股份有限公司,天瀚
6226,光鼎電子股份有限公司,光鼎
6230,尼得科超眾科技股份有限公司,尼得科超眾
6235,華孚科技股份有限公司,華孚
6239,力成科技股份有限公司,力成
6243,迅杰科技股份有限公司,迅杰
6257,矽格股份有限公司,矽格
6269,台郡科技股份有限公司,台郡
6271,同欣電子工業股份有限公司,同欣電
6272,驊陞科技股份有限公司,驊陞
6277,宏正自動科技股份有限公司,宏正
6278,台灣表面黏著科技股份有限公司,台表科
6281,全國電子股份有限公司,全國電
6282,康舒科技股份有限公司,康舒
6283,淳安電子股份有限公司,淳安
6285,啟碁科技股份有限公司,啟碁
6405,悅城科技股份有限公司,悅城
6409,旭隼科技股份有限公司,旭隼
6412,群光電能科技股份有限公司,群電
6414,樺漢科技股份有限公司,樺漢
6415,矽力杰股份有限公司,矽力*-KY
6416,瑞祺電通股份有限公司,瑞祺電通
6426,統新光訊股份有限公司,統新
6431,光麗生技控股股份有限公司,光麗-KY
6438,迅得機械股份有限公司,迅得
6442,光紅建聖股份有限公司,光聖
6443,元晶太陽能科技股份有限公司,元晶
6446,藥華醫藥股份有限公司,藥華藥
6449,鈺邦科技股份有限公司,鈺邦
6451,訊芯科技控股股份有限公司,訊芯-KY
6456,GISHoldingLimited,GIS-KY
6464,台灣數位光訊科技股份有限公司,台數科
6472,保瑞藥業股份有限公司,保瑞
6477,安集科技股份有限公司,安集
6491,晶碩光學股份有限公司,晶碩
6504,南六企業股份有限公司,南六
6505,台塑石化股份有限公司,台塑化
6515,穎崴科技股份有限公司,穎崴
6525,捷敏股份有限公司,捷敏-KY
6526,達發科技股份有限公司,達發
6531,愛普科技股份有限公司,愛普*
6533,晶心科技股份有限公司,晶心科
6534,正瀚生技股份有限公司,正瀚-創
6541,泰福生技股份有限公司,泰福-KY
6550,北極星藥業集團股份有限公司,北極星藥業-KY
6552,易華電子股份有限公司,易華電
6558,興能高科技股份有限公司,興能高
6573,虹揚發展科技股份有限公司,虹揚-KY
6579,研揚科技股份有限公司,研揚
6581,台灣鋼聯股份有限公司,鋼聯
6582,申豐特用應材股份有限公司,申豐
6585,鼎基先進材料股份有限公司,鼎基
6589,台康生技股份有限公司,台康生技
6591,動力科技股份有限公司,動力-KY
6592,和潤企業股份有限公司,和潤企業
6598,AppliedBioCodeCorporation,ABC-KY
6605,帝寶工業股份有限公司,帝寶
6606,建德工業股份有限公司,建德工業
6614,資拓宏宇國際股份有限公司,資拓宏宇
6625,必應創造股份有限公司,必應
6641,基士德科技股份有限公司,基士德-KY
6645,金萬林企業股份有限公司,金萬林-創
6655,科定企業股份有限公司,科定
6657,華安醫學股份有限公司,華安
6658,聯策科技股份有限公司,聯策
6666,羅麗芬控股股份有限公司,羅麗芬-KY
6668,中揚光電股份有限公司,中揚光
6669,緯穎科技服務股份有限公司,緯穎
6670,復盛應用科技股份有限公司,復盛應用
6671,三能集團控股股份有限公司,三能-KY
6672,騰輝電子國際集團股份有限公司,騰輝電子-KY
6674,鋐寶科技股份有限公司,鋐寶科技
6689,伊雲谷數位科技股份有限公司,伊雲谷
6691,洋基工程股份有限公司,洋基工程
6695,芯鼎科技股份有限公司,芯鼎
6698,旭暉應用材料股份有限公司,旭暉應材
6706,惠特科技股份有限公司,惠特
6715,嘉基科技股份有限公司,嘉基
6719,力智電子股份有限公司,力智
6722,輝創電子股份有限公司,輝創
6742,澤米科技股份有限公司,澤米
6743,安普新股份有限公司,安普新
6753,龍德造船工業股份有限公司,龍德造船
6754,匯僑室內裝修設計股份有限公司,匯僑設計
6756,威鋒電子股份有限公司,威鋒電子
6757,台灣虎航股份有限公司,台灣虎航
6768,志強國際企業股份有限公司,志強-KY
6770,力晶積成電子製造股份有限公司,力積電
6771,平和環保科技股份有限公司,平和環保-創
6776,展碁國際股份有限公司,展碁國際
6781,"AESHoldingCo.,Ltd.",AES-KY
6782,視陽光學股份有限公司,視陽
6789,采鈺科技股份有限公司,采鈺
6790,永豐餘消費品實業股份有限公司,永豐實
6792,詠業科技股份有限公司,詠業
6794,向榮生醫科技股份有限公司,向榮生技
6796,晉弘科技股份有限公司,晉弘
6799,來頡科技股份有限公司,來頡
6805,富世達股份有限公司,富世達
6807,峰源集團股份有限公司,峰源-KY
6830,汎銓科技股份有限公司,汎銓
6831,邁&#33834;科技股份有限公司,邁科
6834,天二科技股份有限公司,天二科技
6835,圓裕企業股份有限公司,圓裕
6838,台新藥股份有限公司,台新藥
6854,PlayNitrideInc.,錼創科技-KY創
6861,睿生光電股份有限公司,睿生光電
6862,三集瑞科技國際集團股份有限公司,三集瑞-KY
6863,ArizonRFIDTechnology,永道-KY
6869,雲豹能源科技股份有限公司,雲豹能源
6873,泓德能源科技股份有限公司,泓德能源
6885,全福生物科技股份有限公司,全福生技
6887,寶綠特資源再生工程股份有限公司,寶綠特-KY
6890,來億興業股份有限公司,來億-KY
6901,鑽石生技投資股份有限公司,鑽石投資
6902,走著瞧股份有限公司,GOGOLOOK
6906,現觀科技股份有限公司,現觀科
6908,宏碁遊戲股份有限公司,宏碁遊戲-創
6909,創控科技股份有限公司,創控
6914,阜爾運通股份有限公司,阜爾運通
6916,華凌光電股份有限公司,華凌
6918,愛派司生技股份有限公司,愛派司
6919,康霈生技股份有限公司,康霈*
6921,嘉雨思科技股份有限公司,嘉雨思-創
6923,中台資源科技股份有限公司,中台
6924,榮惠集團(開曼)股份有限公司,榮惠-KY創
6928,攸泰科技股份有限公司,攸泰科技
6931,青松健康股份有限公司,青松健康
6933,艾瑪斯科技控股股份有限公司,AMAX-KY
6934,心誠鎂行動醫電股份有限公司,心誠鎂
6936,永鴻國際生技股份有限公司,永鴻生技
6937,天虹科技股份有限公司,天虹
6944,兆聯實業股份有限公司,兆聯實業
6947,台鎔科技材料股份有限公司,台鎔科技
6949,沛爾生技醫藥股份有限公司,沛爾生醫*-創
6951,青新環境工程股份有限公司,青新-創
6952,大武山牧場科技股份有限公司,大武山
6955,邦睿生技股份有限公司,邦睿生技-創
6957,裕慶金屬股份有限公司,裕慶-KY
6958,日盛台駿國際租賃股份有限公司,日盛台駿
6962,ITHCorporation,奕力-KY
6965,中傑投資控股股份有限公司,中傑-KY
6969,成信實業股份有限公司,成信實業*-創
6988,威力暘電子股份有限公司,威力暘-創
6994,富威電力股份有限公司,富威電力
7610,聯友金屬科技股份有限公司,聯友金屬-創
7631,聚賢研發股份有限公司,聚賢研發-創
7689,大鵬科技股份有限公司,大鵬科CLMX
7705,三商餐飲股份有限公司,三商餐飲
7711,永擎電子股份有限公司,永擎
7721,微程式資訊股份有限公司,微程式
7722,連加網路商業股份有限公司,LINEPAY
7730,暉盛科技股份有限公司,暉盛-創
7732,金興精密工業股份有限公司,金興精密
7736,虎山實業股份有限公司,虎山
7740,熙特爾新能源股份有限公司,熙特爾-創
7749,意騰科技股份有限公司,意騰-KY
7750,新代科技股份有限公司,新代
7760,享溫馨企業股份有限公司,享溫馨
7765,中華資安國際股份有限公司,中華資安
7768,頌勝科技材料股份有限公司,頌勝科技
7769,鴻勁精密股份有限公司,鴻勁
7780,大研生醫國際股份有限公司,大研生醫*
7786,東方風能科技股份有限公司,東方風能
7788,松川精密股份有限公司,松川精密
7791,皇家可口股份有限公司,皇家可口
7795,長廣精機股份有限公司,長廣
7799,禾榮科技股份有限公司,禾榮科
7803,雲象科技股份有限公司,雲象科技-創
7812,稜研科技股份有限公司,稜研科技*-創
7818,溢泰實業股份有限公司,溢泰實業
7821,神達數位股份有限公司,神數
7822,倍利科技股份有限公司,倍利科
7823,奧義賽博科技股份有限公司,奧義賽博-KY創
7827,英屬開曼群島商漢康生技(股)公司,漢康-KY創
7835,永悅健康股份有限公司,永悅健康-創
7855,和運租車股份有限公司,和運租車
8011,台通光電股份有限公司,台通
8016,矽創電子股份有限公司,矽創
8021,尖點科技股份有限公司,尖點
8028,昇陽國際半導體股份有限公司,昇陽半導體
8033,雷虎科技股份有限公司,雷虎
8039,台虹科技股份有限公司,台虹
8045,達運光電股份有限公司,達運光電
8046,南亞電路板股份有限公司,南電
8070,長華電材股份有限公司,長華*
8072,陞泰科技股份有限公司,陞泰
8081,致新科技股份有限公司,致新
8101,華冠通訊股份有限公司,華冠
8103,瀚荃股份有限公司,瀚荃
8104,錸寶科技股份有限公司,錸寶
8105,凌巨科技股份有限公司,凌巨
8110,華東科技股份有限公司,華東
8112,至上電子股份有限公司,至上
8114,振樺電子股份有限公司,振樺電
8131,福懋科技股份有限公司,福懋科
8150,南茂科技股份有限公司,南茂
8162,微矽電子股份有限公司,微矽電子-創
8163,達方電子股份有限公司,達方
8201,無敵科技股份有限公司,無敵
8210,勤誠興業股份有限公司,勤誠
8213,志超科技股份有限公司,志超
8215,明基材料股份有限公司,明基材
8222,寶一科技股份有限公司,寶一
8249,菱光科技股份有限公司,菱光
8261,富鼎先進電子股份有限公司,富鼎
8271,宇瞻科技股份有限公司,宇瞻
8341,日友環保科技股份有限公司,日友
8367,建新國際股份有限公司,建新國際
8374,羅昇企業股份有限公司,羅昇
8404,百和興業股份有限公司(開曼),百和興業-KY
8411,福貞控股股份有限公司,福貞-KY
8422,可寧衛股份有限公司,可寧衛*
8429,金麗集團控股有限公司,金麗-KY
8438,昶昕實業股份有限公司,昶昕
8442,威宏控股股份有限公司,威宏-KY
8443,阿瘦實業股份有限公司,阿瘦
8454,富邦媒體科技股份有限公司,富邦媒
8462,柏文健康事業股份有限公司,柏文
8463,潤泰精密材料股份有限公司,潤泰材
8464,億豐綜合工業股份有限公司,億豐
8466,美吉吉國際股份有限公司,美吉吉-KY
8467,波力環球企業股份有限公司,波力-KY
8473,山林水環境工程股份有限公司,山林水
8476,台境企業股份有限公司,台境*
8478,東哥企業股份有限公司,東哥遊艇
8481,政伸企業股份有限公司,政伸
8482,商億全球控股有限公司,商億-KY
8487,愛爾達科技股份有限公司,愛爾達-創
8488,吉源控股股份有限公司,吉源-KY
8499,鼎炫投資控股股份有限公司,鼎炫-KY
8926,台灣汽電共生股份有限公司,台汽電
8940,新天地國際實業股份有限公司,新天地
8996,高力熱處理工業股份有限公司,高力
9103,美德向邦醫療國際股份有限公司,美德醫療-DR
910322,康師傅控股有限公司,康師傅-DR
9105,泰金寶科技股份有限公司,泰金寶-DR
910861,神州數碼控股有限公司,神州-DR
9110,越南製造加工出口控股有限公司,越南控-DR
911608,明輝環球企業有限公司,明輝-DR
911622,聚亨企業集團(泰國)大眾有限公司,泰聚亨-DR
911868,同方友友控股有限公司,同方友友-DR
912000,晨訊科技集團有限公司,晨訊科-DR
9136,巨騰國際控股有限公司,巨騰-DR
9802,鈺齊國際股份有限公司,鈺齊-KY
9902,台火開發股份有限公司,台火
9904,寶成工業股份有限公司,寶成
9905,大華金屬工業股份有限公司,大華
9906,欣巴巴事業股份有限公司,欣巴巴
9907,統一實業股份有限公司,統一實
9908,大台北區瓦斯股份有限公司,大台北
9910,豐泰企業股份有限公司,豐泰
9911,台灣櫻花股份有限公司,櫻花
9912,偉聯科技股份有限公司,偉聯
9914,美利達工業股份有限公司,美利達
9917,中興保全科技股份有限公司,中保科
9918,欣欣天然氣股份有限公司,欣天然
9919,康那香企業股份有限公司,康那香
9921,巨大機械工業股份有限公司,巨大
9924,台灣福興工業股份有限公司,福興
9925,台灣新光保全股份有限公司,新保
9926,新海瓦斯股份有限公司,新海
9927,泰銘實業股份有限公司,泰銘
9928,中國電視事業股份有限公司,中視
9929,秋雨創新股份有限公司,秋雨
9930,中聯資源股份有限公司,中聯資源
9931,欣高石油氣股份有限公司,欣高
9933,中鼎工程股份有限公司,中鼎
9934,成霖企業股份有限公司,成霖
9935,慶豐富實業股份有限公司,慶豐富
9937,全國加油站股份有限公司,全國
9938,台灣百和工業股份有限公司,百和
9939,宏全國際股份有限公司,宏全
9940,信義房屋股份有限公司,信義
9941,裕融企業股份有限公司,裕融
9942,茂順密封元件科技股份有限公司,茂順
9943,好樂迪股份有限公司,好樂迪
9944,新麗企業股份有限公司,新麗
9945,潤泰創新國際股份有限公司,潤泰新
9946,三發地產股份有限公司,三發地產
9955,佳龍科技工程股份有限公司,佳龍
9958,世紀鋼鐵結構股份有限公司,世紀鋼
1240,茂生農經股份有限公司,茂生農經
1259,安心食品服務股份有限公司,安心
1264,德麥食品股份有限公司,德麥
1268,漢來美食股份有限公司,漢來美食
1294,漢田生技股份有限公司,漢田生技
1295,生合生物科技股份有限公司,生合
1336,台翰精密科技股份有限公司,台翰
1565,精華光學股份有限公司,精華
1569,濱川企業股份有限公司,濱川
1570,力肯實業股份有限公司,力肯
1580,新麥企業股份有限公司,新麥
1584,精剛精密科技股份有限公司,精剛
1586,和勤精機股份有限公司,和勤
1591,英屬開曼群島商駿吉控股(股)公司,駿吉-KY
1593,祺驊股份有限公司,祺驊
1595,川寶科技股份有限公司,川寶
1599,宏佳騰動力科技股份有限公司,宏佳騰
1742,台灣蠟品股份有限公司,台蠟
1777,生泰合成工業股份有限公司,生泰
1780,立弘生化科技股份有限公司,立弘
1781,合世生醫科技股份有限公司,合世
1784,訊聯生物科技股份有限公司,訊聯
1785,光洋應用材料科技股份有限公司,光洋科
1788,杏昌生技股份有限公司,杏昌
1796,金穎生物科技股份有限公司,金穎生技
1799,易威生醫科技股份有限公司,易威
1813,寶利徠光學科技股份有限公司,寶利徠
1815,富喬工業股份有限公司,富喬
2035,唐榮鐵工廠股份有限公司,唐榮公司
2061,風青實業股份有限公司,風青
2063,世鎧精密股份有限公司,世鎧精密
2064,晉椿工業股份有限公司,晉椿
2065,世豐螺絲股份有限公司,世豐
2066,世德工業股份有限公司,世德
2067,嘉鋼精密工業股份有限公司,嘉鋼
2070,精湛光學科技股份有限公司,精湛
2073,雄順金屬股份有限公司,雄順
2221,大甲永和機械工業股份有限公司,大甲
2230,泰茂實業股份有限公司,泰茂
2235,謚源實業股份有限公司,謚源
2596,綠意開發股份有限公司,綠意
2640,台灣大車隊股份有限公司,大車隊
2641,正德海運股份有限公司,正德
2643,捷迅股份有限公司,捷迅
2718,全心投資控股股份有限公司,全心投控
2719,台鋼燦星國際旅行社股份有限公司,燦星旅
2724,藝舍國際創新股份有限公司,藝舍-KY
2726,雅茗天地股份有限公司,雅茗-KY
2729,瓦城泰統股份有限公司,瓦城
2732,六角國際事業股份有限公司,六角
2734,易飛網國際旅行社股份有限公司,易飛網
2736,富野大飯店股份有限公司,富野
2740,華軒地產股份有限公司,華軒
2743,山富國際旅行社股份有限公司,山富
2745,五福旅行社股份有限公司,五福
2751,王座國際餐飲股份有限公司,王座
2752,豆府股份有限公司,豆府
2754,亞洲藏壽司股份有限公司,亞洲藏壽司
2755,揚秦國際企業股份有限公司,揚秦
2756,聯發國際餐飲事業股份有限公司,聯發國際
2916,滿心企業股份有限公司,滿心
2924,開曼群島宏太股份有限公司,宏太-KY
2926,誠品生活股份有限公司,誠品生活
2937,集雅社股份有限公司,集雅社
2938,床的世界股份有限公司,床的世界
2941,米斯特國際企業股份有限公司,米斯特
2947,振宇五金股份有限公司,振宇五金
2948,寶陞國際股份有限公司,寶陞
2949,欣新網股份有限公司,欣新網
3064,泰偉電子股份有限公司,泰偉
3066,李洲科技股份有限公司,李洲
3067,全域股份有限公司,全域
3071,協禧電機股份有限公司,協禧
3073,天方能源科技股份有限公司,天方能源
3078,僑威科技股份有限公司,僑威
3081,聯亞光電工業股份有限公司,聯亞
3083,中華網龍股份有限公司,網龍
3085,台鋼新零售股份有限公司,新零售
3086,華義國際數位娛樂股份有限公司,華義*
3088,艾訊股份有限公司,艾訊
3093,台灣港建股份有限公司,港建*
3095,及成企業股份有限公司,及成
3105,穩懋半導體股份有限公司,穩懋
3114,好德科技股份有限公司,好德
3115,富育榮綱股份有限公司,富榮綱
3118,進階生物科技股份有限公司,進階
3122,笙泉科技股份有限公司,笙泉
3128,昇銳智慧科技股份有限公司,昇銳
3131,弘塑科技股份有限公司,弘塑
3141,晶宏半導體股份有限公司,晶宏
3147,大綜電腦系統股份有限公司,大綜
3152,璟德電子工業股份有限公司,璟德
3158,嘉實資訊股份有限公司,嘉實
3162,精確實業股份有限公司,精確
3163,波若威科技股份有限公司,波若威
3169,亞信電子股份有限公司,亞信
3171,炎洲流通股份有限公司,炎洲流通
3176,基亞生物科技股份有限公司,基亞
3178,公準精密工業股份有限公司,公準
3188,鑫龍騰開發股份有限公司,鑫龍騰
3191,雲嘉南科技股份有限公司,雲嘉南
3205,佰研生化科技股份有限公司,佰研
3206,志豐電子股份有限公司,志豐
3207,耀勝電子股份有限公司,耀勝
3211,順達科技股份有限公司,順達
3213,茂訊電腦股份有限公司,茂訊
3217,優群科技股份有限公司,優群
3218,大學光學科技股份有限公司,大學光
3219,倚強科技股份有限公司,倚強科
3221,台灣嘉碩科技股份有限公司,台嘉碩
3224,三顧股份有限公司,三顧
3226,龍鋒科技股份有限公司,龍鋒
3227,原相科技股份有限公司,原相
3228,金麗科技股份有限公司,金麗科
3230,錦明實業股份有限公司,錦明
3232,昱捷股份有限公司,昱捷
3234,光環科技股份有限公司,光環
3236,千如電機工業股份有限公司,千如
3252,海灣國際開發(股)公司,海灣
3259,鑫創科技股份有限公司,鑫創
3260,威剛科技股份有限公司,威剛
3264,欣銓科技股份有限公司,欣銓
3265,台星科股份有限公司,台星科
3268,海德威電子工業股份有限公司,海德威
3272,東碩資訊股份有限公司,東碩
3276,宇環科技股份有限公司,宇環
3284,太普高精密影像股份有限公司,太普高
3285,微端科技股份有限公司,微端
3287,廣寰科技股份有限公司,廣寰科
3288,點晶科技股份有限公司,點晶
3289,宜特科技股份有限公司,宜特
3290,東浦精密光電股份有限公司,東浦
3293,鈊象電子股份有限公司,鈊象
3294,英濟股份有限公司,英濟
3297,杭特電子股份有限公司,杭特
3303,岱稜科技股份有限公司,岱稜
3306,鼎天國際股份有限公司,鼎天
3310,佳穎精密企業股份有限公司,佳穎
3313,斐成開發科技股份有限公司,斐成
3317,尼克森微電子股份有限公司,尼克森
3322,建舜電子製造股份有限公司,建舜電
3323,加百裕工業股份有限公司,加百裕
3324,雙鴻科技股份有限公司,雙鴻
3325,旭品科技股份有限公司,旭品
3332,幸康電子股份有限公司,幸康
3339,泰谷光電科技股份有限公司,泰谷
3349,寶德科技股份有限公司,寶德
3354,律勝科技股份有限公司,律勝
3357,西北台慶科技股份有限公司,臺慶科
3360,尚立股份有限公司,尚立
3362,先進光電科技股份有限公司,先進光
3363,上詮光纖通信股份有限公司,上詮
3372,台灣典範半導體股份有限公司,典範
3373,熱映光電股份有限公司,熱映
3374,精材科技股份有限公司,精材
3379,彬台科技股份有限公司,彬台
3388,崇越電通股份有限公司,崇越電
3390,旭軟電子科技股份有限公司,旭軟
3402,漢科系統科技股份有限公司,漢科
3430,奇鈦科技股份有限公司,奇鈦科
3434,哲固資訊科技股份有限公司,哲固
3438,台灣類比科技股份有限公司,類比科
3441,聯一光電股份有限公司,聯一光電
3444,利機企業股份有限公司,利機
3455,由田新技股份有限公司,由田
3465,進泰電子科技股份有限公司,進泰電子
3466,德晉科技股份有限公司,德晉
3467,台灣精材股份有限公司,台灣精材
3479,安勤科技股份有限公司,安勤
3483,力致科技股份有限公司,力致
3484,崧騰企業股份有限公司,崧騰
3485,敘(余+卜+又)豐企業股份有限公司,敘豐
3489,森寶開發股份有限公司,森寶
3490,單井工業股份有限公司,單井
3491,昇達科技股份有限公司,昇達科
3492,長盛科技股份有限公司,長盛
3498,陽程科技股份有限公司,陽程
3499,環天世通科技股份有限公司,環天科
3508,位速科技股份有限公司,位速
3511,矽瑪科技股份有限公司,矽瑪
3512,皇龍開發股份有限公司,皇龍
3516,亞帝歐光電股份有限公司,亞帝歐
3520,華盈電子股份有限公司,華盈
3521,台鋼建設事業股份有限公司,台鋼建設
3522,御嵿國際股份有限公司,御嵿
3523,迎輝科技股份有限公司,迎輝
3526,凡甲科技股份有限公司,凡甲
3527,聚積科技股份有限公司,聚積
3529,力旺電子股份有限公司,力旺
3531,先益電子工業股份有限公司,先益
3537,堡達實業股份有限公司,堡達
3540,曜越科技股份有限公司,曜越
3541,西柏科技股份有限公司,西柏
3546,宇峻奧汀科技股份有限公司,宇峻
3548,兆利科技工業股份有限公司,兆利
3551,世禾科技股份有限公司,世禾
3552,同致電子企業股份有限公司,同致
3555,博士旺創新股份有限公司,博士旺
3556,禾瑞亞科技股份有限公司,禾瑞亞
3558,神準科技股份有限公司,神準
3564,其陽科技股份有限公司,其陽
3567,逸昌科技股份有限公司,逸昌
3570,大塚資訊科技股份有限公司,大塚
3577,泓格科技股份有限公司,泓格
3580,友威科技股份有限公司,友威科
3581,博磊科技股份有限公司,博磊
3587,閎康科技股份有限公司,閎康
3594,磐儀科技股份有限公司,磐儀
3597,映興電子股份有限公司,映興
3609,三一東林科技股份有限公司,三一東林
3611,鼎翰科技股份有限公司,鼎翰
3615,安可光電股份有限公司,安可
3623,富晶通科技股份有限公司,富晶通
3624,光頡科技股份有限公司,光頡
3625,西勝國際股份有限公司,西勝
3628,盈正豫順電子股份有限公司,盈正
3629,地心引力股份有限公司,地心引力
3630,新鉅科技股份有限公司,新鉅科
3631,晟楠科技股份有限公司,晟楠
3632,研勤科技股份有限公司,研勤
3646,艾恩特精密工業股份有限公司,艾恩特
3663,鑫科材料科技股份有限公司,鑫科
3664,安瑞科技股份有限公司,安瑞-KY
3666,光耀科技股份有限公司,光耀
3672,康聯訊科技股份有限公司,康聯訊
3675,德微科技股份有限公司,德微
3680,家登精密工業股份有限公司,家登
3684,榮昌科技股份有限公司,榮昌
3685,元創精密車業股份有限公司,元創精密
3687,茂為歐買尬數位科技股份有限公司,歐買尬
3689,湧德電子股份有限公司,湧德
3691,碩禾電子材料股份有限公司,碩禾
3693,營邦企業股份有限公司,營邦
3707,漢磊科技股份有限公司,漢磊
3709,鑫聯大投資控股股份有限公司,鑫聯大投控
3710,連展投資控股股份有限公司,連展投控
3713,新晶投資控股股份有限公司,新晶投控
3718,中光電投資控股股份有限公司,中光電投控
4102,永日化學工業股份有限公司,永日
4105,台灣東洋藥品工業股份有限公司,東洋
4107,邦特生物科技股份有限公司,邦特
4109,加捷生醫股份有限公司,加捷生醫
4111,濟生醫藥生技股份有限公司,濟生
4113,聯上實業股份有限公司,聯上
4114,健喬信元醫藥生技股份有限公司,健喬
4116,明基三豐醫療器材股份有限公司,明基醫
4120,友華生技醫藥股份有限公司,友華
4121,優盛醫學科技股份有限公司,優盛
4123,晟德大藥廠股份有限公司,晟德
4126,太平洋醫材股份有限公司,太醫
4127,天良生物科技企業股份有限公司,天良
4128,中天生物科技股份有限公司,中天
4129,聯合骨科器材股份有限公司,聯合
4131,浩泰精準股份有限公司,浩泰
4138,曜亞國際股份有限公司,曜亞
4139,馬光保健控股股份有限公司,馬光-KY
4147,中裕新藥股份有限公司,中裕
4153,鈺緯科技開發股份有限公司,鈺緯
4154,樂威科股份有限公司,樂威科-KY
4157,太景醫藥研發控股股份有限公司,太景*-KY
4160,訊聯基因數位股份有限公司,訊聯基因
4161,聿新生物科技股份有限公司,聿新科
4162,智擎生技製藥股份有限公司,智擎
4163,鐿鈦科技股份有限公司,鐿鈦
4166,友霖生技醫藥股份有限公司,友霖
4167,松瑞製藥股份有限公司,松瑞藥
4168,台灣醣聯生技醫藥股份有限公司,醣聯
4171,瑞基海洋生物科技股份有限公司,瑞基
4173,久裕企業股份有限公司,久裕
4174,台灣浩鼎生技股份有限公司,浩鼎
4175,杏一醫療用品股份有限公司,杏一
4183,福永生物科技股份有限公司,福永生技
4188,安克生醫股份有限公司,安克
4192,杏國新藥股份有限公司,杏國
4198,欣大健康投資控股股份有限公司,欣大健康
4205,中華食品實業股份有限公司,中華食
4207,環泰企業股份有限公司,環泰
4303,信立化學工業股份有限公司,信立
4304,勝昱科技股份有限公司,勝昱
4305,世坤塑膠股份有限公司,世坤
4401,東隆興業股份有限公司,東隆興
4402,郡都開發股份有限公司,郡都開發
4406,新昕纖維股份有限公司,新昕纖
4413,飛寶企業股份有限公司,飛寶企業
4416,三圓建設股份有限公司,三圓
4417,金洲海洋科技股份有限公司,金洲
4419,皇家國際美食股份有限公司,皇家美食
4420,光明絲織廠股份有限公司,光明
4430,耀億工業股份有限公司,耀億
4432,銘旺實業股份有限公司,銘旺實
4433,興采實業股份有限公司,興采
4442,開曼群島商竣邦國際股份有限公司,竣邦-KY
4502,健信科技工業股份有限公司,健信
4503,金雨企業股份有限公司,金雨
4506,崇友實業(股)公司,崇友
4510,高鋒工業股份有限公司,高鋒
4513,福裕事業股份有限公司,福裕
4523,永彰科技股份有限公司,永彰
4527,方方土)霖冷凍機械股份有限公司,方方土霖
4528,江興鍛壓工業股份有限公司,江興鍛
4529,淳紳股份有限公司,淳紳
4530,天意能創股份有限公司,天意能創
4533,協易機械工業股份有限公司,協易機
4534,慶騰精密科技股份有限公司,慶騰
4535,至興精機股份有限公司,至興
4538,大詠城機械股份有限公司,大詠城
4541,晟田科技工業股份有限公司,晟田
4542,科嶠工業股份有限公司,科嶠
4543,萬在工業股份有限公司,萬在
4549,桓達科技股份有限公司,桓達
4550,長佳機電工程股份有限公司,長佳
4554,橙的電子股份有限公司,橙的
4556,旭然國際股份有限公司,旭然
4558,寶緯工業股份有限公司,寶緯
4561,健椿工業股份有限公司,健椿
4563,百德機械股份有限公司,百德
4568,科際精密股份有限公司,科際精密
4577,達航科技股份有限公司,達航科技
4580,捷流閥業股份有限公司,捷流閥業
4584,君帆工業股份有限公司,君帆
4609,唐鋒實業股份有限公司,唐鋒
4702,中美聯合實業股份有限公司,中美實
4706,大恭化學工業股份有限公司,大恭
4707,磐亞股份有限公司,磐亞
4711,永純化學工業股份有限公司,永純
4714,永捷創新科技股份有限公司,永捷
4716,大立高分子工業股份有限公司,大立
4721,美琪瑪國際股份有限公司,美琪瑪
4726,永昕生物醫藥股份有限公司,永昕
4728,雙美生物科技股份有限公司,雙美
4729,熒茂光學股份有限公司,熒茂
4735,豪展醫療科技股份有限公司,豪展
4741,泓瀚科技股份有限公司,泓瀚
4743,合一生技股份有限公司,合一
4744,皇將科技股份有限公司,皇將
4745,合富醫療控股股份有限公司,合富-KY
4747,強生化學製藥廠股份有限公司,強生*
4749,新應材股份有限公司,新應材
4754,國碳科技股份有限公司,國碳科
4760,勤凱科技股份有限公司,勤凱科技
4767,誠泰工業科技股份有限公司,誠泰科技
4768,晶呈科技股份有限公司,晶呈科技
4772,台灣特品化學股份有限公司,台特化
4804,大略國際控股有限公司,大略-KY
4806,桂田文創娛樂股份有限公司,桂田文創
4903,聯合光纖通信股份有限公司,聯光通
4905,台聯電訊股份有限公司,台聯電
4907,富宇地產股份有限公司,富宇
4908,前鼎光電股份有限公司,前鼎
4909,新復興微波通訊股份有限公司,新復興
4911,德英生物科技股份有限公司,德英
4923,力士科技股份有限公司,力士
4924,欣厚科技股份有限公司,欣厚-KY
4931,新盛力科技股份有限公司,新盛力
4933,友輝光電股份有限公司,友輝
4939,亞洲電材股份有限公司,亞電
4946,紅心辣椒娛樂科技股份有限公司,辣椒
4950,金耘國際股份有限公司,金耘國際
4951,精拓科技股份有限公司,精拓科
4953,緯致科技股份有限公司,緯致
4966,譜瑞科技股份有限公司,譜瑞-KY
4971,英特磊科技股份有限公司,IET-KY
4972,湯石照明科技股份有限公司,湯石照明
4973,廣穎電通股份有限公司,廣穎電通
4974,亞泰影像科技股份有限公司,亞泰
4979,華星光通科技股份有限公司,華星光
4991,環宇通訊半導體控股股份有限公司,環宇-KY
4995,晶達光電股份有限公司,晶達
5009,榮剛材料科技股份有限公司,榮剛
5011,久陽精密股份有限公司,久陽
5013,強新工業股份有限公司,強新
5014,建錩實業股份有限公司,建錩
5015,華祺工業股份有限公司,華祺
5016,松和工業股份有限公司,松和
5201,凱衛資訊股份有限公司,凱衛
5202,力新國際科技股份有限公司,力新
5205,中茂能資系統整合科技(股)公司,中茂
5206,坤悅開發股份有限公司,坤悅
5209,新鼎系統股份有限公司,新鼎
5210,寶碩財務科技股份有限公司,寶碩
5211,蒙恬科技股份有限公司,蒙恬
5212,凌網科技股份有限公司,凌網
5213,亞昕國際開發股份有限公司,亞昕
5220,萬達光電科技股份有限公司,萬達光電
5223,安力國際股份有限公司,安力-KY
5227,蓋曼群島商立凱電能科技(股)公司,立凱-KY
5228,鈺鎧科技股份有限公司,鈺鎧
5230,雷笛克光學股份有限公司,雷笛克光學
5245,智晶光電股份有限公司,智晶
5251,天鉞電子股份有限公司,天鉞電
5263,智崴資訊科技股份有限公司,智崴
5272,笙科電子股份有限公司,笙科
5274,信驊科技股份有限公司,信驊
5276,達輝股份有限公司,達輝-KY
5278,尚凡國際創新科技股份有限公司,尚凡*
5287,數字科技股份有限公司,數字
5289,宜鼎國際股份有限公司,宜鼎
5291,邑昇實業股份有限公司,邑昇
5299,杰力科技股份有限公司,杰力
5301,寶得利國際股份有限公司,寶得利
5302,太欣半導體股份有限公司,太欣
5309,系統電子工業股份有限公司,系統電
5310,天剛資訊股份有限公司,天剛
5312,寶島光學科技股份有限公司,寶島科
5314,世紀民生科技股份有限公司,世紀*
5315,光聯科技股份有限公司,光聯
5321,美而快國際股份有限公司,美而快
5324,士林開發股份有限公司,士開
5328,華容股份有限公司,華容
5340,建榮工業材料股份有限公司,建榮
5344,立衛科技股份有限公司,立衛
5345,馥鴻建設股份有限公司,馥鴻
5347,世界先進積體電路股份有限公司,世界
5348,正能量智能股份有限公司,正能量智能
5351,鈺創科技股份有限公司,鈺創
5353,台林電通股份有限公司,台林
5355,佳總興業股份有限公司,佳總
5356,協益電子股份有限公司,協益
5364,力麗觀光開發股份有限公司,力麗店
5381,光譜電工股份有限公司,光譜
5386,青雲國際科技股份有限公司,青雲
5392,能率創新股份有限公司,能率
5398,慕康生技醫藥股份有限公司,慕康生醫
5403,中菲電腦股份有限公司,中菲
5410,國眾電腦股份有限公司,國眾
5425,台灣半導體股份有限公司,台半
5426,振發實業股份有限公司,振發
5432,新門科技股份有限公司,新門
5438,東友科技股份有限公司,東友
5439,高技企業股份有限公司,高技
5443,均豪精密工業股份有限公司,均豪
5450,南良國際股份有限公司,南良
5452,佶優科技股份有限公司,佶優
5455,昇益開發股份有限公司,昇益
5457,宣德科技股份有限公司,宣德
5460,同協電子股份有限公司,同協
5464,霖宏科技股份有限公司,霖宏
5465,富驊企業股份有限公司,富驊
5468,凱鈺科技股份有限公司,凱鈺
5474,聰泰科技開發股份有限公司,聰泰
5475,德宏工業股份有限公司,德宏
5478,智冠科技股份有限公司,智冠
5481,新華泰富股份有限公司,新華
5483,中美矽晶製品股份有限公司,中美晶
5487,通泰積體電路股份有限公司,通泰
5488,松普科技股份有限公司,松普
5489,彩富電子股份有限公司,彩富
5490,同亨科技股份有限公司,同亨
5493,三聯科技股份有限公司,三聯
5498,凱崴電子股份有限公司,凱崴
5508,永信建設開發股份有限公司,永信建
5511,德昌營造股份有限公司,德昌
5512,力麒建設股份有限公司,力麒
5514,三豐建設股份有限公司,三豐
5516,雙喜營造股份有限公司,雙喜
5520,力泰建設企業股份有限公司,力泰
5523,豐謙建設股份有限公司,豐謙
5529,鉅陞國際開發股份有限公司,鉅陞
5530,龍巖股份有限公司,龍巖
5536,聖暉工程科技股份有限公司,聖暉*
5543,桓鼎股份有限公司,桓鼎-KY
5547,久舜營造股份有限公司,久舜
5548,安倉營造股份有限公司,安倉
5601,台聯貨櫃通運股份有限公司,台聯櫃
5603,陸海股份有限公司,陸海
5604,中連誠企業股份有限公司,中連
5609,中菲行國際物流股份有限公司,中菲行
5701,劍湖山世界股份有限公司,劍湖山
5703,亞都麗緻大飯店股份有限公司,亞都麗緻
5704,知本老爺大酒店股份有限公司,老爺知
5864,致和證券股份有限公司,致和證
5878,台名保險經紀人股份有限公司,台名
5902,德記洋行股份有限公司,德記
5903,全家便利商店股份有限公司,全家
5904,寶雅國際股份有限公司,寶雅*
5905,南仁湖育樂股份有限公司,南仁湖
6015,宏遠證券股份有限公司,宏遠證
6016,康和綜合證券股份有限公司,康和證
6020,大展證券股份有限公司,大展證
6021,美好證券股份有限公司,美好證
6023,元大期貨股份有限公司,元大期貨
6026,福邦證券股份有限公司,福邦證
6028,公勝保險經紀人股份有限公司,公勝保經
6101,寬魚國際股份有限公司,寬魚國際
6103,合邦電子股份有限公司,合邦
6104,創惟科技股份有限公司,創惟
6109,亞元科技股份有限公司,亞元
6111,光聚晶電聯合股份有限公司,光聚晶電
6113,亞矽科技股份有限公司,亞矽
6114,久威國際股份有限公司,久威
6118,建達國際股份有限公司,建達
6121,新普科技股份有限公司,新普
6122,擎邦國際科技工程股份有限公司,擎邦
6123,上奇科技股份有限公司,上奇
6124,業強科技股份有限公司,業強
6125,廣運機械工程股份有限公司,廣運
6126,信音企業股份有限公司,信音
6127,九豪精密陶瓷股份有限公司,九豪
6129,普誠科技股份有限公司,普誠
6130,上亞科技股份有限公司,上亞科技
6134,萬旭電業股份有限公司,萬旭
6138,茂達電子股份有限公司,茂達
6140,訊達電腦股份有限公司,訊達電腦
6143,振曜科技股份有限公司,振曜
6144,得利影視股份有限公司,得利影
6146,耕興股份有限公司,耕興
6147,頎邦科技股份有限公司,頎邦
6148,驊宏資通股份有限公司,驊宏資
6150,撼訊科技股份有限公司,撼訊
6151,晉倫科技股份有限公司,晉倫
6154,順發電腦股份有限公司,順發
6156,松上電子股份有限公司,松上
6158,禾昌興業股份有限公司,禾昌
6160,欣技資訊股份有限公司,欣技
6161,捷波資訊股份有限公司,捷波
6163,華電聯網股份有限公司,華電網
6167,久正光電股份有限公司,久正
6169,昱泉國際股份有限公司,昱泉
6170,統振股份有限公司,統振
6171,大城地產股份有限公司,大城地產
6173,信昌電子陶瓷股份有限公司,信昌電
6174,安碁科技股份有限公司,安碁
6175,立敦科技股份有限公司,立敦
6179,亞通利大能源股份有限公司,亞通
6180,遊戲橘子數位科技股份有限公司,橘子
6182,合晶科技股份有限公司,合晶
6185,幃翔精密股份有限公司,幃翔
6186,新潤興業股份有限公司,新潤
6187,萬潤科技股份有限公司,萬潤
6188,廣明光電股份有限公司,廣明
6190,萬泰科技股份有限公司,萬泰科
6194,育富電子股份有限公司,育富
6195,詩肯股份有限公司,詩肯
6198,瑞築建設股份有限公司,瑞築
6199,天品聯合企業股份有限公司,天品
6203,海韻電子工業股份有限公司,海韻電
6204,台灣艾華電子工業股份有限公司,艾華
6207,雷科股份有限公司,雷科
6208,日揚科技股份有限公司,日揚
6210,慶生電子股份有限公司,慶生
6212,理銘開發股份有限公司,理銘
6217,中國探針股份有限公司,中探針
6218,豪勉科技股份有限公司,豪勉
6219,富旺國際開發股份有限公司,富旺
6220,岳豐科技股份有限公司,岳豐
6221,晉泰科技股份有限公司,晉泰
6222,立軒開發建設股份有限公司,立軒
6223,旺矽科技股份有限公司,旺矽
6227,茂綸股份有限公司,茂綸
6228,全譜科技股份有限公司,全譜
6229,研通科技股份有限公司,研通
6231,系微股份有限公司,系微
6233,旺玖科技股份有限公司,旺玖
6234,高僑自動化科技股份有限公司,高僑
6236,中湛股份有限公司,中湛
6237,驊訊電子企業股份有限公司,驊訊
6240,松崗國際興業股份有限公司,松崗
6241,鑫永洋科技股份有限公司,鑫永洋
6242,立康生醫事業股份有限公司,立康
6244,茂迪股份有限公司,茂迪
6245,立端科技股份有限公司,立端
6246,台龍電子股份有限公司,臺龍
6248,沛波鋼鐵股份有限公司,沛波
6259,百徽股份有限公司,百徽
6261,久元電子股份有限公司,久元
6263,普萊德科技股份有限公司,普萊德
6264,富裔實業股份有限公司,富裔
6265,方土昶股份有限公司,方土昶
6266,泰詠電子股份有限公司,泰詠
6270,倍微科技股份有限公司,倍微
6274,台燿科技股份有限公司,台燿
6275,元山科技工業股份有限公司,元山
6276,安鈦克科技股份有限公司,安鈦克
6279,胡連精密股份有限公司,胡連
6284,佳邦科技股份有限公司,佳邦
6290,良維科技股份有限公司,良維
6291,沛亨半導體股份有限公司,沛亨
6292,迅德興業股份有限公司,迅德
6294,智基科技開發股份有限公司,智基
6411,晶焱科技股份有限公司,晶焱
6417,韋僑科技股份有限公司,韋僑
6418,詠昇電子股份有限公司,詠昇
6419,京晨科技股份有限公司,京晨科
6423,億而得微電子股份有限公司,億而得
6425,易發精機股份有限公司,易發
6432,今展科技股份有限公司,今展科
6435,大中積體電路股份有限公司,大中
6441,廣錠科技股份有限公司,廣錠
6461,益得生物科技股份有限公司,益得
6462,神盾股份有限公司,神盾
6465,威潤科技股份有限公司,威潤
6469,大樹醫藥股份有限公司,大樹
6470,宇智網通股份有限公司,宇智
6474,華豫寧股份有限公司,華豫寧
6482,弘煜科技事業股份有限公司,弘煜科
6485,點序科技股份有限公司,點序
6486,互動國際數位股份有限公司,互動
6488,環球晶圓股份有限公司,環球晶
6492,生華生物科技股份有限公司,生華科
6494,九齊科技股份有限公司,九齊
6496,科懋生物科技股份有限公司,科懋
6498,久禾光電股份有限公司,久禾光
6499,益安生醫股份有限公司,益安
6506,雙邦實業股份有限公司,雙邦
6508,惠光股份有限公司,惠光
6509,聚和國際股份有限公司,聚和
6510,中華精測科技股份有限公司,精測
6512,啟發電子股份有限公司,啟發電
6516,勤崴國際科技股份有限公司,勤崴國際
6517,保勝光學股份有限公司,保勝光學
6523,達爾膚生醫科技股份有限公司,達爾膚
6527,明達醫學科技股份有限公司,明達醫
6530,創威光電股份有限公司,創威
6532,瑞耘科技股份有限公司,瑞耘
6535,順天醫藥生技股份有限公司,順藥
6538,倉和股份有限公司,倉和
6542,隆中網絡股份有限公司,隆中
6546,正基科技股份有限公司,正基
6547,高端疫苗生物製劑股份有限公司,高端疫苗
6548,長華科技股份有限公司,長科*
6556,勝品電通股份有限公司,勝品
6560,欣普羅光電股份有限公司,欣普羅
6561,是方電訊股份有限公司,是方
6568,宏觀微電子股份有限公司,宏觀
6569,醫揚科技股份有限公司,醫揚
6570,維田科技股份有限公司,維田
6574,霈方國際股份有限公司,霈方
6576,逸達生物科技股份有限公司,逸達
6577,勁豐電子股份有限公司,勁豐
6578,達邦蛋白生技股份有限公司,達邦蛋白
6584,南俊國際股份有限公司,南俊國際
6588,東典光電科技股份有限公司,東典光電
6590,普鴻資訊股份有限公司,普鴻
6593,台灣銘板股份有限公司,台灣銘板
6596,寬宏藝術經紀股份有限公司,寬宏藝術
6597,立誠光電股份有限公司,立誠
6603,富強鑫精密工業股份有限公司,富強鑫
6609,台灣瀧澤科技股份有限公司,瀧澤科
6612,應用奈米醫材科技股份有限公司,奈米醫材
6613,朋億股份有限公司,朋億*
6615,慧智基因股份有限公司,慧智
6616,特昇國際股份有限公司,特昇-KY
6617,共信醫藥科技控股股份有限公司,共信-KY
6620,漢達生技醫藥股份有限公司,漢達
6624,萬年清環境工程股份有限公司,萬年清
6629,泰金投資控股股份有限公司,泰金-KY
6637,醫影股份有限公司,醫影
6640,均華精密工業股份有限公司,均華
6642,富致科技股份有限公司,富致
6643,&#20870;星科技股份有限公司,M31
6649,台灣生醫材料股份有限公司,台生材
6651,全宇昕科技股份有限公司,全宇昕
6654,天正國際精密機械股份有限公司,天正國際
6661,威健股份有限公司,威健生技
6662,樂斯科生物科技股份有限公司,樂斯科
6664,群翊工業股份有限公司,群翊
6667,信紘科技股份有限公司,信紘科
6679,鈺太科技股份有限公司,鈺太
6680,鑫創電子股份有限公司,鑫創電子
6683,雍智科技股份有限公司,雍智科技
6684,安格科技股份有限公司,安格
6690,安碁資訊股份有限公司,安碁資訊
6692,進金生能源服務股份有限公司,進能服
6693,廣閎科技股份有限公司,廣閎科
6697,東捷資訊服務股份有限公司,東捷資訊
6703,軒郁國際股份有限公司,軒郁
6708,天擎積體電路股份有限公司,天擎
6712,長聖國際生技股份有限公司,長聖
6716,應廣科技股份有限公司,應廣
6720,久昌科技股份有限公司,久昌
6721,信實保全股份有限公司,信實
6725,台灣矽科宏晟科技股份有限公司,矽科宏晟
6727,亞泰金屬工業股份有限公司,亞泰金屬
6728,上洋產業股份有限公司,上洋
6730,常廣股份有限公司,常廣
6732,昇佳電子股份有限公司,昇佳電子
6733,博晟生醫股份有限公司,博晟生醫
6735,美達科技股份有限公司,美達科技
6739,竹陞科技股份有限公司,竹陞科技
6741,"91APP,Inc.",91APP*-KY
6751,智聯服務股份有限公司,智聯服務
6752,叡揚資訊股份有限公司,叡揚
6761,穩得實業股份有限公司,穩得
6762,達亞國際股份有限公司,達亞
6763,綠界科技股份有限公司,綠界科技*
6767,台灣微創醫療器材股份有限公司,台微醫
6785,昱展新藥生技股份有限公司,昱展新藥
6788,華景電通股份有限公司,華景電
6791,虎門科技股份有限公司,虎門科技
6803,崑鼎綠能環保股份有限公司,崑鼎
6804,明係事業股份有限公司,明係
6811,宏碁資訊服務股份有限公司,宏碁資訊
6821,聯寶電子股份有限公司,聯寶
6823,濾能股份有限公司,濾能
6829,千附精密股份有限公司,千附精密
6840,東研信超股份有限公司,東研信超
6841,長佳智能股份有限公司,長佳智能
6843,進典工業股份有限公司,進典
6844,諾貝兒寶貝股份有限公司,諾貝兒
6846,綠茵生技股份有限公司,綠茵
6855,數泓科技股份有限公司,數泓科
6856,鑫傳國際多媒體科技股份有限公司,鑫傳
6859,伯特光電股份有限公司,伯特光
6865,偉康科技股份有限公司,偉康科技
6870,騰雲科技服務股份有限公司,騰雲
6872,浩宇生醫股份有限公司,浩宇生醫
6874,倍力資訊股份有限公司,倍力
6875,國邑藥品科技股份有限公司,國邑*
6877,鏵友益科技股份有限公司,鏵友益
6881,潤德室內裝修設計工程(股)公司,潤德
6884,海柏特股份有限公司,海柏特
6894,衛司特科技股份有限公司,衛司特
6895,宏碩系統股份有限公司,宏碩系統
6899,創為精密材料股份有限公司,創為精密
6903,巨漢系統科技股份有限公司,巨漢
6904,伯鑫工具股份有限公司,伯鑫
6907,雅特力科技(開曼)股份有限公司,雅特力-KY
6910,德鴻科技股份有限公司,德鴻
6913,鴻呈實業股份有限公司,鴻呈
6922,宸曜科技股份有限公司,宸曜
6925,意藍資訊股份有限公司,意藍
6929,佑全藥品股份有限公司,佑全
6945,圓祥生技股份有限公司,圓祥生技
6953,家碩科技股份有限公司,家碩
6961,旅天下聯合國際旅行社(股)公司,旅天下
6967,汎瑋材料科技股份有限公司,汎瑋材料
6968,萬達寵物事業股份有限公司,萬達寵物
6971,惠民實業股份有限公司,惠民實業
6982,大井泵浦工業股份有限公司,大井泵浦
6983,華洋精機股份有限公司,華洋精機
6986,和迅生命科學股份有限公司,和迅
6996,力領科技股份有限公司,力領科技
6997,博弘雲端科技股份有限公司,博弘
7402,邑錡股份有限公司,邑錡
7547,碩網資訊股份有限公司,碩網
7556,意德士科技股份有限公司,意德士科技
7584,樂意傳播股份有限公司,樂意
7642,昶瑞機電股份有限公司,昶瑞機電
7703,銳澤實業股份有限公司,銳澤
7704,明遠精密科技股份有限公司,明遠精密
7708,全家國際餐飲股份有限公司,全家餐飲
7709,榮田精機股份有限公司,榮田
7712,博盛半導體股份有限公司,博盛半導體
7713,威力德生醫股份有限公司,威力德生醫
7714,創泓科技股份有限公司,創泓科技
7715,裕山環境工程股份有限公司,裕山
7716,昱台國際股份有限公司,昱臺國際
7717,英屬開曼群島商萊德光電(股)公司,萊德光電-KY
7718,友鋮股份有限公司,友鋮
7723,築間餐飲事業股份有限公司,築間
7728,光焱科技股份有限公司,光焱科技
7734,印能科技股份有限公司,印能科技
7738,東聯互動股份有限公司,東聯互動
7743,金利食安科技股份有限公司,金利食安
7744,崴寶精密科技股份有限公司,崴寶
7747,昕奇雲端科技股份有限公司,昕奇雲端
7751,竑騰科技股份有限公司,竑騰
7753,星亞視覺股份有限公司,星亞
7757,金色三麥餐飲股份有限公司,金色三麥
7767,仁大資訊股份有限公司,仁大資訊
7770,君曜科技股份有限公司,君曜
7772,耀穎光電股份有限公司,耀穎
7777,能率亞洲資本股份有限公司,能率亞洲
7782,光速火箭股份有限公司,光速火箭
7792,安葆國際實業股份有限公司,安葆
7794,宏碁智新股份有限公司,宏碁智新
7805,威聯通科技股份有限公司,威聯通
7810,捷創科技股份有限公司,捷創科技
7811,民盛應用企業股份有限公司,民盛
7814,海昌生化科技股份有限公司,海昌生技
7819,精誠金融科技股份有限公司,精誠金融
7820,立盈環保科技股份有限公司,立盈
7825,和亞智慧科技股份有限公司,和亞智慧
7828,創新服務股份有限公司,創新服務
7839,達人網科技股份有限公司,達人網
7842,天能綠電股份有限公司,天能綠電
7856,漢民測試系統股份有限公司,漢測
8024,佑華微電子股份有限公司,佑華
8027,鈦昇科技股份有限公司,鈦昇
8032,光菱電子股份有限公司,光菱
8034,榮群電訊股份有限公司,榮群
8038,長園科技實業股份有限公司,長園科
8040,九暘電子股份有限公司,九暘
8042,台灣金山電子工業股份有限公司,金山電
8043,蜜望實企業股份有限公司,蜜望實
8044,網路家庭國際資訊股份有限公司,網家
8047,星雲電腦股份有限公司,星雲
8048,德勝科技股份有限公司,德勝
8049,晶采光電科技股份有限公司,晶采
8050,廣積科技股份有限公司,廣積
8054,安國國際科技股份有限公司,安國
8059,凱碩科技股份有限公司,凱碩
8064,東捷科技股份有限公司,東捷
8066,來思達國際企業股份有限公司,來思達
8067,志旭國際股份有限公司,志旭
8068,全達國際股份有限公司,全達
8069,元太科技工業股份有限公司,元太
8071,能率網通股份有限公司,能率網通
8074,鉅橡企業股份有限公司,鉅橡
8076,伍豐科技股份有限公司,伍豐
8077,洛碁實業股份有限公司,洛碁
8080,泰霖事業股份有限公司,泰霖
8083,瑞穎股份有限公司,瑞穎
8084,巨虹電子股份有限公司,巨虹
8085,福華電子股份有限公司,福華
8086,宏捷科技股份有限公司,宏捷科
8087,麗升能源科技股份有限公司,麗升能源
8088,品安科技股份有限公司,品安
8089,康全電訊股份有限公司,康全電訊
8091,翔名科技股份有限公司,翔名
8092,建暐精密科技股份有限公司,建暐
8093,保銳科技股份有限公司,保銳
8096,擎亞電子股份有限公司,擎亞
8097,常珵科技股份有限公司,常珵
8099,大同世界科技股份有限公司,大世科
8102,傑霖科技股份有限公司,傑霖科技
8107,大億金茂股份有限公司,大億金茂
8109,博大科技股份有限公司,博大
8111,立碁電子工業股份有限公司,立碁
8121,越峰電子材料股份有限公司,越峰
8147,正淩精密工業股份有限公司,正淩
8155,博智電子股份有限公司,博智
8171,天宇工業股份有限公司,天宇
8176,智捷科技股份有限公司,智捷
8182,加高電子股份有限公司,加高
8227,巨有科技股份有限公司,巨有科技
8234,新漢股份有限公司,新漢
8240,華宏新技股份有限公司,華宏
8255,朋程科技股份有限公司,朋程
8272,全景軟體股份有限公司,全景軟體
8277,商丞科技股份有限公司,商丞
8279,生展生物科技股份有限公司,生展
8284,三竹資訊股份有限公司,三竹
8289,泰藝電子股份有限公司,泰藝
8291,尚茂電子材料股份有限公司,尚茂
8299,群聯電子股份有限公司,群聯
8342,益張實業股份有限公司,益張
8349,恒耀國際股份有限公司,恒耀國際
8354,冠好科技股份有限公司,冠好
8358,金居開發股份有限公司,金居
8383,千附實業股份有限公司,千附
8390,金益鼎企業股份有限公司,金益鼎
8401,白紗科技印刷股份有限公司,白紗科
8403,盛弘醫藥股份有限公司,盛弘
8409,商之器科技股份有限公司,商之器
8410,森田印刷廠股份有限公司,森田
8415,大成國際鋼鐵股份有限公司,大國鋼
8416,實威國際股份有限公司,實威
8421,旭源包裝科技股份有限公司,旭源
8423,保綠資源股份有限公司,保綠-KY
8424,惠普股份有限公司,惠普
8426,紅木集團有限公司,紅木-KY
8431,匯鑽科技股份有限公司,匯鑽科
8432,東生華製藥股份有限公司,東生華
8433,弘帆股份有限公司,弘帆
8435,台灣鉅邁股份有限公司,鉅邁
8436,大江生醫股份有限公司,大江
8437,大地幼教股份有限公司,大地-KY
8440,綠電再生股份有限公司,綠電
8444,綠河股份有限公司,綠河-KY
8446,華研國際音樂股份有限公司,華研
8450,霹靂國際多媒體股份有限公司,霹靂
8455,蓋曼群島商日本大拓股份有限公司,大拓-KY
8472,納維康生技股份有限公司,納維康
8477,創業家數位股份有限公司,創業家
8489,三貝德數位文創股份有限公司,三貝德
8905,裕國冷凍冷藏股份有限公司,裕國
8906,花王企業股份有限公司,花王
8908,欣雄天然氣股份有限公司,欣雄
8916,光隆實業股份有限公司,光隆
8917,欣泰石油氣股份有限公司,欣泰
8921,沈氏藝術印刷股份有限公司,沈氏
8923,時報文化出版企業股份有限公司,時報
8924,大田精密工業股份有限公司,大田
8927,北基國際股份有限公司,北基
8928,鉅明股份有限公司,鉅明
8929,富堡工業股份有限公司,富堡
8930,青鋼應用材料股份有限公司,青鋼
8931,大園汽電共生股份有限公司,大汽電
8932,智通科創股份有限公司,智通*
8933,愛地雅工業股份有限公司,愛地雅
8935,邦泰複合材料股份有限公司,邦泰
8936,國統國際股份有限公司,國統
8937,合騏工業股份有限公司,合騏*
8938,明安國際企業股份有限公司,明安
8941,關中股份有限公司,關中
8942,森鉅科技材料股份有限公司,森鉅
9949,琉園股份有限公司,琉園
9950,萬國通路股份有限公司,萬國通
9951,皇田工業股份有限公司,皇田
9960,邁達康網路事業股份有限公司,邁達康
9962,有益鋼鐵股份有限公司,有益
1260,富味鄉食品股份有限公司,富味鄉
1269,乾杯股份有限公司,乾杯
1271,晨暉生物科技股份有限公司,晨暉生技
1293,利統股份有限公司,利統
1343,旭東環保科技股份有限公司,旭東環保
1480,東盟開發實業股份有限公司,東盟開發
1594,日高工程實業股份有限公司,日高
2071,震南鐵線股份有限公司,震南鐵
2245,詠勝昌股份有限公司,詠勝昌*
2249,湧盛電機股份有限公司,湧盛
2252,為昇科科技股份有限公司,為昇科
2255,凱銳光電股份有限公司,凱銳光電
2256,歐特明電子股份有限公司,歐特明
2644,中信造船股份有限公司,中信造船
2733,維格餅家股份有限公司,維格餅家
2741,人杰老四川餐飲管理顧問(股)公司,老四川
2758,路易莎職人咖啡股份有限公司,路易莎咖啡
2760,巨宇翔股份有限公司,巨宇翔
2761,橘焱胡同國際股份有限公司,橘焱胡同
2940,歐都納股份有限公司,歐都納
2942,京站實業股份有限公司,京站
3097,拍檔科技股份有限公司,拍檔
3117,年程科技股份有限公司,年程
3184,微邦科技股份有限公司,微邦
3194,圓方科技股份有限公司,圓方科技
3473,智通聯網科技股份有限公司,智通聯網
3585,聯致科技股份有限公司,聯致
3595,山太士股份有限公司,山太士
3603,建祥國際股份有限公司,建祥國際
3633,云光科技股份有限公司,云光
3644,凌嘉科技股份有限公司,凌嘉科
3678,聯享光電股份有限公司,聯享
4115,善德生化科技股份有限公司,善德生技
4117,普生股份有限公司,普生
4170,鑫品生醫科技股份有限公司,鑫品生醫
4172,因華生技製藥股份有限公司,因華
4186,台灣尖端先進生技醫藥(股)公司,尖端醫
4194,禾伸堂生技股份有限公司,禾生技
4197,暐世生物科技股份有限公司,暐世
4431,敏成健康科技股份有限公司,敏成健康
4537,旭東機械工業股份有限公司,旭東
4544,春日機械工業股份有限公司,春日
4553,盛復工業股份有限公司,盛復
4559,久裕興業科技股份有限公司,久裕興
4565,宏偉電機工業股份有限公司,宏偉
4570,傑生工業股份有限公司,傑生
4573,高明鐵企業股份有限公司,高明鐵
4575,銓寶工業股份有限公司,銓寶
4587,寶元數控股份有限公司,寶元數控
4589,碩陽電機股份有限公司,碩陽電機
4724,宣捷幹細胞生技股份有限公司,宣捷幹細胞
4732,彥臣生技藥品股份有限公司,彥臣
4738,大同精密化學股份有限公司,大同精化
4765,磐采股份有限公司,磐采
4925,智微科技股份有限公司,智微
4980,佐臻股份有限公司,佐臻
5240,建騰創達科技股份有限公司,建騰
5246,勵威電子股份有限公司,勵威
5248,景傳光電股份有限公司,景傳
5254,欣訊科技股份有限公司,欣訊科技
5262,立達國際電子股份有限公司,立達
5267,龍翩真空科技股份有限公司,龍翩
5271,紘通企業股份有限公司,紘通
5297,廣化科技股份有限公司,廣化
5859,遠雄人壽保險事業股份有限公司,遠壽
5863,瑞興商業銀行股份有限公司,瑞興銀
6027,德信綜合證券(股)公司,德信
6035,悠遊卡股份有限公司,悠遊卡
6407,相互股份有限公司,相互
6428,台灣淘米科技股份有限公司,台灣淘米
6434,達輝光電股份有限公司,達輝光電
6467,泰合生技藥品股份有限公司,泰合
6473,美賣科技股份有限公司,美賣*
6483,原創生醫股份有限公司,原創生醫
6493,雷虎生技股份有限公司,雷虎生
6518,康科特股份有限公司,康科特
6536,碩豐數位科技股份有限公司,碩豐
6539,麗彤生醫科技股份有限公司,麗彤
6543,普惠醫工股份有限公司,普惠醫工
6549,景凱生物科技股份有限公司,景凱
6555,榮炭科技股份有限公司,榮炭
6559,研晶光電股份有限公司,研晶
6563,映智科技股份有限公司,映智
6564,安特羅生物科技股份有限公司,安特羅
6565,物聯智慧股份有限公司,物聯
6572,博錸生技股份有限公司,博錸
6580,台睿生物科技股份有限公司,台睿
6583,友松娛樂股份有限公司,友松
6586,醣基生醫股份有限公司,醣基
6595,光禹國際數位娛樂開發(股)公司,光禹國際
6599,普達系統股份有限公司,普達系統
6604,儒億科技股份有限公司,儒億
6610,安成生物科技股份有限公司,安成生技
6621,華宇藥品股份有限公司,華宇藥
6622,百聿數碼創意股份有限公司,百聿數碼
6634,欣耀生醫股份有限公司,欣耀
6638,沅聖科技股份有限公司,沅聖
6639,源大環能股份有限公司,源大環能
6648,斯其大科技股份有限公司,斯其大
6650,帝圖科技文化股份有限公司,帝圖
6659,天明製藥股份有限公司,天明製藥
6665,康聯生醫科技股份有限公司,康聯生醫
6673,和詮科技股份有限公司,和詮
6676,祥翊製藥股份有限公司,祥翊
6677,瑩碩生技醫藥股份有限公司,瑩碩生技
6682,華旭先進股份有限公司,華旭先進
6696,仁新醫藥股份有限公司,仁新*
6704,國璽幹細胞應用技術股份有限公司,國璽幹細胞
6705,振躍精密滑軌股份有限公司,振躍精密
6707,富基電通股份有限公司,富基電通
6709,昱厚生技股份有限公司,昱厚生技
6723,傑智環境科技股份有限公司,傑智環境
6729,機光科技股份有限公司,機光科技
6734,安盛生科股份有限公司,安盛生
6737,秀育企業股份有限公司,秀育
6738,鼎恒數位科技股份有限公司,鼎恒
6744,豐技生物科技股份有限公司,豐技生技
6748,亞果生醫股份有限公司,亞果生醫
6750,泰創工程股份有限公司,泰創工程
6755,連鋐科技股份有限公司,連鋐科技
6758,冠亞生技股份有限公司,冠亞
6775,穎台科技股份有限公司,穎台科技
6780,學習王科技股份有限公司,學習王
6784,天凱科技股份有限公司,天凱科技
6786,芯測科技股份有限公司,芯測
6787,晶瑞光電股份有限公司,晶瑞光
6793,天力離岸風電科技股份有限公司,天力離岸
6797,台灣圓點奈米技術股份有限公司,圓點奈米
6798,展逸國際企業股份有限公司,展逸
6808,三鼎生物科技股份有限公司,三鼎生技
6810,新穎生醫股份有限公司,新穎生醫
6812,梭特科技股份有限公司,梭特
6814,路迦生醫股份有限公司,路迦生醫
6815,晶鑽生醫股份有限公司,晶鑽生醫
6816,捷智商訊科技股份有限公司,捷智商訊
6817,溫士頓醫藥股份有限公司,溫士頓
6818,連騰科技股份有限公司,連騰
6819,眾智光電科技股份有限公司,眾智
6820,連訊通信股份有限公司,連訊
6825,和暢科技股份有限公司,和暢科技
6826,和淞科技股份有限公司,和淞
6827,巨生生醫股份有限公司,巨生醫
6832,金鼎聯合科技纖維股份有限公司,金鼎科
6833,太康精密股份有限公司,太康精密
6839,開陽能源股份有限公司,開陽能源
6842,瑞宇國際股份有限公司,瑞宇
6847,普瑞博生技股份有限公司,普瑞博
6848,拉法生醫股份有限公司,拉法醫
6849,奇鼎科技股份有限公司,奇鼎科技
6850,光鼎生物科技股份有限公司,光鼎生技
6857,宏碁智醫股份有限公司,宏碁智醫
6858,愛比科技股份有限公司,愛比科技
6864,元樟生物科技股份有限公司,元樟生技
6867,坦德科技股份有限公司,坦德科技
6868,采威國際資訊股份有限公司,采威國際
6876,朗齊生物醫學股份有限公司,朗齊生醫*
6878,歐付寶電子支付股份有限公司,歐付寶
6879,大江基因醫學股份有限公司,大江基因
6882,甲尚股份有限公司,甲尚
6886,遠東生物科技股份有限公司,遠東生技
6891,樂迦再生科技股份有限公司,樂迦再生
6892,台寶生醫股份有限公司,台寶生醫
6898,程曦資訊整合股份有限公司,程曦資訊
6911,群運環保股份有限公司,群運
6912,益鈞環保科技股份有限公司,益鈞環科*
6915,美強光學股份有限公司,美強光
6917,竟天生物科技股份有限公司,竟天
6920,恆勁科技股份有限公司,恆勁科技
6926,聖安生醫股份有限公司,聖安生醫
6927,聯合聚晶股份有限公司,聯合聚晶
6932,水星生醫股份有限公司,水星生醫*
6935,王子製藥股份有限公司,王子製藥
6938,藍新資訊股份有限公司,藍新資訊
6939,啟弘生物科技股份有限公司,啟弘生技
6940,格斯科技股份有限公司,格斯科技*
6946,三地能源股份有限公司,三地能源
6950,科科科技股份有限公司,科科科技-KY
6959,兆捷科技國際股份有限公司,兆捷科技
6963,品元實業股份有限公司,品元
6972,博瑞達應用材料股份有限公司,博瑞達應材
6973,永立榮生醫股份有限公司,永立榮
6976,英屬開曼群島商育世博(股)公司,育世博-KY
6977,聯純科技股份有限公司,聯純
6979,勝釩科技股份有限公司,勝釩
6980,鐳洋科技股份有限公司,鐳洋科技
6984,交流資服股份有限公司,ACpay
6987,寶晶能源股份有限公司,寶晶能源*
6990,華鉬實業股份有限公司,華鉬
6992,萬勝發科技股份有限公司,萬勝發科技
6995,野獸國股份有限公司,野獸國
6999,瀚醫生技股份有限公司,瀚醫生技
7415,元澄半導體科技股份有限公司,元澄半導體
7418,香繼光股份有限公司,香繼光
7419,達勝科技股份有限公司,達勝
7422,鴻林堂生物科技股份有限公司,鴻林堂
7427,華上生技醫藥股份有限公司,華上生醫
7443,凡事康流體科技股份有限公司,凡事康
7455,樺緯物聯股份有限公司,樺緯物聯
7507,環拓科技股份有限公司,環拓科技
7516,清淨海生技股份有限公司,清淨海
7530,鋒魁科技股份有限公司,鋒魁科技
7551,知識科技股份有限公司,知識科技
7558,群利科技股份有限公司,群利科技
7561,光晟生物科技股份有限公司,光晟生技
7562,博來科技股份有限公司,博來科技
7566,亞果遊艇開發股份有限公司,亞果遊艇
7578,利百景股份有限公司,利百景
7583,國際海洋股份有限公司,國際海洋
7590,怡和國際股份有限公司,怡和國際
7595,世基生物醫學股份有限公司,世基生醫
7607,通用幹細胞股份有限公司,通用幹細胞*
7669,碩正科技股份有限公司,碩正科技
7686,捷立康生物科技股份有限公司,捷立康
7702,前端離岸風電設備製造(股)公司,前端風電
7706,宏碁創達股份有限公司,宏碁創達
7707,益芯科技股份有限公司,益芯科
7710,東擎科技股份有限公司,東擎科技
7719,碳基科技股份有限公司,碳基
7724,諾亞克科技股份有限公司,諾亞克
7725,列特博生技股份有限公司,列特博
7726,暄達醫學科技股份有限公司,暄達
7729,仲恩生醫科技股份有限公司,仲恩生醫
7731,火星生技股份有限公司,火星生技*
7735,台灣智慧雲端服務股份有限公司,台智雲
7737,凱鈿行動科技股份有限公司,凱鈿
7742,天弘化學股份有限公司,天弘化
7745,紅陽科技股份有限公司,紅陽
7748,鑫囍創業股份有限公司,鑫囍創業
7752,世紀樺欣風能股份有限公司,世紀樺欣
7754,安基生技新藥股份有限公司,安基生技
7756,多那之國際股份有限公司,多那之
7758,睿騰能源股份有限公司,睿騰能源
7759,視航生物醫學股份有限公司,視航生醫
7761,三大未來科技股份有限公司,三大未來
7762,吉晟生技股份有限公司,吉晟生
7763,崇舜股份有限公司,崇舜
7764,聖州企業股份有限公司,聖州
7771,綠基企業股份有限公司,綠基
7773,富禾生醫股份有限公司,富禾生醫
7776,奧孟亞股份有限公司,奧孟亞
7779,鍇睿國際數位股份有限公司,鍇睿國際
7781,昕力資訊股份有限公司,昕力資*
7783,佳運重機械工程股份有限公司,佳運
7784,安邦生技股份有限公司,安邦生技*
7785,北祥科技服務股份有限公司,北祥科服
7789,開展餐飲股份有限公司,開展
7790,思必瑞特生技股份有限公司,思必瑞特
7796,擷發科技股份有限公司,擷發科
7797,饗樂餐飲實業股份有限公司,Q Burger
7798,將捷股份有限公司,將捷
7801,華芸科技股份有限公司,華芸科技
7806,精華生醫股份有限公司,精華生醫
7808,訊聯細胞智藥股份有限公司,訊聯智藥
7813,宇辰系統科技股份有限公司,宇辰系統
7815,新特系統股份有限公司,新特
7816,來穎科技股份有限公司,來穎
7824,智寶國際開發股份有限公司,智寶
7826,極風雲創股份有限公司,極風雲創
7829,英屬開曼群島商思捷優達(股)公司,思捷優達-KY
7831,捷博股份有限公司,捷博
7832,智新生技股份有限公司,智新生技*
7833,綠岩能源股份有限公司,綠岩能源
7836,智生活科技股份有限公司,智生活
7837,啟新生物科技股份有限公司,啟新生
7840,祥圃實業股份有限公司,祥圃
7841,經貿聯網科技股份有限公司,經貿聯網
7843,英柏得科技股份有限公司,英柏得
7846,德揚科技股份有限公司,德揚
7847,豊漁股份有限公司,豊漁
7848,騏億鑫科技股份有限公司,騏億鑫
7849,旭誼工程股份有限公司,旭誼
7850,寶泰生醫股份有限公司,寶泰生醫
7851,英屬開曼群島商慧康生活科技(股),慧康生技*-KY
7853,政美應用股份有限公司,政美應用
7854,佐茂股份有限公司,佐茂
7857,合水先進環境技術股份有限公司,合水先進
7858,芝普企業股份有限公司,芝普
7860,得生製藥股份有限公司,得生製藥
7861,貝爾威勒電子股份有限公司,貝爾威勒
7862,聚泰環保材料科技股份有限公司,聚泰
7863,中科國際物流股份有限公司,中科物流
7865,金聯成資源科技股份有限公司,金聯成
7866,丹立電子股份有限公司,丹立
7867,特力屋股份有限公司,特力屋
7868,聖育科技股份有限公司,聖育
7869,宏于電機股份有限公司,宏于電機
7870,聯剛科技股份有限公司,聯剛科技
7871,安立璽榮醫藥股份有限公司,安立璽榮-KY
7872,登豐微電子股份有限公司,登豐
7873,瑞峰半導體股份有限公司,瑞峰
7875,安圖斯科技股份有限公司,安圖斯
7876,鼎晉生技股份有限公司,鼎晉生技
7877,海利普電子科技股份有限公司,海利普
7878,藥祇生醫股份有限公司,藥祇
7879,益材科技股份有限公司,益材科技
7880,聖凰科技股份有限公司,聖凰
7881,科明儀器股份有限公司,科明
7882,倍利生技創業投資股份有限公司,倍利創投
7883,饗賓餐旅事業股份有限公司,饗賓
7885,宏羚股份有限公司,宏羚
7886,科建國際實業股份有限公司,科建
7887,宇川精密材料科技股份有限公司,宇川精材
7888,麗寶新藥生物科技股份有限公司,麗寶新藥
7889,騰勢股份有限公司,騰勢
7890,明曜科技股份有限公司,明曜科技
7891,博研醫藥開發股份有限公司,博研醫藥
7892,元鈦科技股份有限公司,元鈦科
7893,睿信電子股份有限公司,睿信
7894,瀚軒股份有限公司,瀚軒
7895,元進莊企業股份有限公司,元進莊
7896,喬越實業股份有限公司,喬越
7897,禾迅綠電股份有限公司,禾迅綠電
7898,乾瞻科技股份有限公司,乾瞻
7899,景美科技股份有限公司,景美
7901,大大寬頻股份有限公司,大大寬頻
7902,宇越生醫科技股份有限公司,宇越生醫*
7904,任開數位媒體行銷股份有限公司,任開數位
7907,錸恩帕斯科技股份有限公司,錸恩帕斯
7909,鈺祥企業股份有限公司,鈺祥
7911,阿波羅電力股份有限公司,阿波羅電力
7912,新聿科技股份有限公司,新聿科
7913,通寶半導體設計股份有限公司,通寶半導體
7914,碩明綠能股份有限公司,碩明綠能
7915,廌家科技股份有限公司,廌家
7917,源傑科技股份有限公司,源傑科技
7918,創鉅先進材料股份有限公司,創鉅材料
7919,禾蒼科技股份有限公司,禾蒼
7920,瀚陽生物科技股份有限公司,瀚陽*
7921,台普威能源股份有限公司,台普威
7922,源點科技股份有限公司,源點*
7924,TLCBioSciencesCorp.,TLC-KY
7925,健生實業股份有限公司,健生
7926,中華立鼎光電股份有限公司,中華立鼎
7927,連距電機股份有限公司,連距電機
7928,合聖科技股份有限公司,合聖科技*
7929,碩通散熱股份有限公司,碩通
7930,威世波股份有限公司,威世波
7931,續升綠能股份有限公司,續升綠能
7932,昱鐳應材股份有限公司,昱鐳應材
7933,威旭數據科技股份有限公司,威旭
7934,鋒霈環境科技股份有限公司,鋒霈環境科技
7935,安富科技股份有限公司,安富
7936,寰聖國際實業股份有限公司,寰聖
7939,技宸股份有限公司,技宸
7942,東佑達自動化科技股份有限公司,東佑達
7943,鴻璟科技股份有限公司,鴻璟科技
7944,睿禾金碳股份有限公司,睿禾金碳
7945,廣盛科技股份有限公司,廣盛科技
7947,補丁科技股份有限公司,補丁科
7949,耀寬營造股份有限公司,耀寬
7950,盛大資訊股份有限公司,盛大資訊
8058,耐特科技材料股份有限公司,耐特
8098,慶康科技股份有限公司,慶康科技
8119,公信電子股份有限公司,公信
8298,威睿科技股份有限公司,威睿
8329,台灣電視事業股份有限公司,台視
8345,超秦企業股份有限公司,超秦
8359,錢櫃企業股份有限公司,錢櫃
8458,影一製作所股份有限公司,影一
8999,台灣積層工業股份有限公司,台灣積層
9957,燁聯鋼鐵股份有限公司,燁聯
