code,name,bond_code,short,series,issue_date,list_date,maturity,amount,conv_price,underwriter,secured
1256,鮮活果汁-KY,12561,鮮活果汁一KY,1,2025-10-08,2025-10-08,2028-10-08,200000000,190,兆豐證券,無擔保
1436,華友聯,14364,華友聯四,4,2025-03-18,2025-03-18,2028-03-18,2000000000,140.3,國泰綜合證券,無擔保
1466,聚隆,14664,聚隆四,4,2025-06-20,2025-06-20,2028-06-20,400000000,18.8,國票綜合證券,有擔保
1472,三洋實業,14722,三洋實業二,2,2025-05-29,2025-05-29,2028-05-29,300000000,102,台新綜合證券,有擔保
1472,三洋實業,14723,三洋實業三,3,2025-06-17,2025-06-17,2028-06-17,400000000,105,台新綜合證券,無擔保
1474,弘裕,14743,弘裕三,3,2025-03-31,2025-03-31,2028-03-31,300000000,14.5,兆豐證券,無擔保
1514,亞力,15142,亞力二,2,2025-01-13,2025-01-13,2030-01-13,1200000000,113.2,元大證券,無擔保
1560,中砂,15602,中砂二,2,2026-09-03,2026-09-03,2029-09-03,1000000000,708.3,元大證券,無擔保
1598,岱宇,15984,岱宇四,4,2025-03-03,2025-03-03,2028-03-03,200000000,33.6,統一綜合證券,無擔保
1623,大東電,16231,大東電一,1,2026-07-16,2026-07-16,2029-07-16,2000000000,232,國泰綜合證券,無擔保
1717,長興,17172,長興二,2,2026-06-08,2026-06-08,2031-06-08,2000000000,76,台新綜合證券,無擔保
1786,科妍,17863,科妍三,3,2025-08-01,2025-08-01,2028-08-01,400000000,116.5,統一綜合證券,無擔保
2221,大甲,22211,大甲一,1,2026-09-11,2026-09-11,2029-09-11,500000000,82.16,統一綜合證券,無擔保
2233,宇隆,22331,宇隆一,1,2026-01-23,2026-01-23,2029-01-23,1300000000,250,台新綜合證券,無擔保
2236,百達-KY,22363,百達三KY,3,2026-02-10,2026-02-10,2031-02-10,250000000,118.1,台新綜合證券,無擔保
2247,汎德永業,22471,汎德永業一,1,2025-06-26,2025-06-26,2028-06-26,1000000000,307.6,群益金鼎券證股份有限公司,無擔保
2247,汎德永業,22472,汎德永業二,2,2025-06-30,2025-06-30,2028-06-30,1000000000,297.8,群益金鼎證券股份有限公司,無擔保
2303,聯電,23031,聯電一,1,2026-08-07,2026-08-07,2031-08-07,12000000000,146,宏遠證券,無擔保
2303,聯電,23032,聯電二,2,2026-09-03,2026-09-03,2031-09-03,4000000000,130.7,宏遠證券,無擔保
2329,華泰,23291,華泰一,1,2026-03-18,2026-03-18,2029-03-18,2500000000,51.3,凱基證券,無擔保
2351,順德,23511,順德一,1,2025-06-17,2025-06-17,2028-06-17,1200000000,75,台新綜合證券,無擔保
2374,佳能,23742,佳能二,2,2026-02-02,2026-02-02,2031-02-02,300000000,86.8,凱基證券,無擔保
2402,毅嘉,24023,毅嘉三,3,2025-11-19,2025-11-19,2028-11-19,1000000000,55,兆豐證券,無擔保
2455,全新,24552,全新二,2,2026-01-23,2026-01-23,2029-01-23,500000000,162.9,群益金鼎證券,無擔保
2455,全新,24553,全新三,3,2026-01-27,2026-01-27,2029-01-27,500000000,153.5,群益金鼎證券,無擔保
2464,盟立,24643,盟立三,3,2026-09-07,2026-09-07,2029-09-07,1000000000,202.8,中國信託綜合證券,無擔保
2467,志聖,24672,志聖二,2,2026-01-09,2026-01-09,2029-01-09,700000000,250.6,富邦綜合證券,無擔保
2467,志聖,24673,志聖三,3,2026-01-22,2026-01-22,2029-01-22,1000000000,246.6,富邦綜合證券,無擔保
2486,一詮,24867,一詮七,7,2026-07-23,2026-07-23,2029-07-23,2000000000,256,中國信託綜合證券,無擔保
2528,皇普,25284,皇普四,4,2025-01-17,2025-01-17,2030-01-17,500000000,45,台新綜合證券,無擔保
2530,華建,25303,華建三,3,2025-06-23,2025-06-23,2028-06-23,500000000,34.7,凱基證券,無擔保
2530,華建,25304,華建四,4,2025-06-30,2025-06-30,2028-06-30,800000000,32.5,凱基證券,無擔保
2641,正德,26418,正德八,8,2025-08-06,2025-08-06,2030-08-06,780000000,19.3,群益金鼎證券,無擔保
2646,星宇航空,26461,星宇航空一,1,2026-09-29,2026-09-29,2031-09-29,500000000,21.4,元大證券,無擔保
2646,星宇航空,26462,星宇航空二,2,2026-09-30,2026-09-30,2031-09-30,1500000000,21.2,元大證券,無擔保
2732,六角,27324,六角四,4,2025-12-08,2025-12-08,2028-12-08,600000000,74.3,華南永昌綜合證券,無擔保
2743,山富,27431,山富一,1,2025-08-28,2025-08-28,2028-08-28,300000000,135,國泰綜合證券,無擔保
2745,五福,27451,五福一,1,2026-01-05,2026-01-05,2029-01-05,300000000,111.3,台新綜合證券,無擔保
2753,八方雲集,27531,八方雲集一,1,2025-10-09,2025-10-09,2028-10-09,800000000,212,元大證券,無擔保
2753,八方雲集,27532,八方雲集二,2,2025-10-20,2025-10-20,2028-10-20,200000000,210,元大證券,無擔保
2755,揚秦,27551,揚秦一,1,2025-01-15,2025-01-15,2028-01-15,200000000,106,永豐金證券,無擔保
2756,聯發國際,27562,聯發國際二,2,2026-09-23,2026-09-23,2029-09-23,400000000,64.3,統一綜合證券,無擔保
3006,晶豪科,30062,晶豪科二,2,2026-10-02,2026-10-02,2029-10-02,2000000000,308,凱基證券,有擔保
3011,今皓,30112,今皓二,2,2026-03-26,2026-03-26,2029-03-26,450000000,12.5,群益金鼎證券,有擔保
3016,嘉晶,30166,嘉晶六,6,2026-08-18,2026-08-18,2029-08-18,350000000,105,凱基證券,無擔保
3028,增你強,30285,增你強五,5,2026-07-24,2026-07-24,2031-07-24,500000000,78,富邦綜合證券股份有限公司,無擔保
3028,增你強,30286,增你強六,6,2026-09-29,2026-09-29,2031-09-29,1000000000,67.8,富邦綜合證券,無擔保
3032,偉訓,30321,偉訓一,1,2025-11-13,2025-11-13,2028-11-13,1000000000,105.9,統一綜合證券,無擔保
3032,偉訓,30322,偉訓二,2,2025-11-25,2025-11-25,2030-11-25,1000000000,101.9,統一綜合證券,無擔保
3037,欣興,30371,欣興一,1,2025-11-03,2025-11-03,2030-11-03,4000000000,165.4,中國信託綜合證券,無擔保
3040,遠見,30401,遠見一,1,2025-06-30,2025-06-30,2028-06-30,500000000,48.3,統一綜合證券,無擔保
3045,台灣大,30454,台灣大四,4,2025-02-24,2025-02-24,2030-02-24,7000000000,123,元大證券,無擔保
3045,台灣大,30455,台灣大五,5,2025-02-25,2025-02-25,2030-02-25,3000000000,115.8,元大證券,無擔保
3081,聯亞,30811,聯亞一,1,2026-08-12,2026-08-12,2029-08-12,1200000000,1757.9,元大證券,有擔保
3081,聯亞,30812,聯亞二,2,2026-08-13,2026-08-13,2029-08-13,1800000000,2168.8,元大證券,無擔保
3095,及成,30954,及成四,4,2025-02-25,2025-02-25,2028-02-25,150000000,41.1,台新綜合證券,有擔保
3135,凌航,31352,凌航二,2,2026-05-05,2026-05-05,2029-05-05,1500000000,129.9,統一綜合證券,無擔保
3141,晶宏,31414,晶宏四,4,2026-08-07,2026-08-07,2031-08-07,500000000,63.01,統一綜合證券,無擔保
3141,晶宏,31415,晶宏五,5,2026-09-22,2026-09-22,2029-09-22,500000000,81.83,統一綜合證券股份有限公司,無擔保
3149,正達,31494,正達四,4,2026-08-31,2026-08-31,2029-08-31,650000000,68.1,台新綜合證券,有擔保
3188,鑫龍騰,31882,鑫龍騰二,2,2025-06-20,2025-06-20,2028-06-20,600000000,31.4,凱基證券,無擔保
3219,倚強科,32191,倚強科一,1,2026-08-25,2026-08-25,2029-08-25,600000000,66.4,群益金鼎證券,無擔保
3260,威剛,32609,威剛九,9,2026-09-18,2026-09-18,2029-09-18,3000000000,435.5,群益金鼎證券,無擔保
3284,太普高,32843,太普高三,3,2025-09-15,2025-09-15,2028-09-15,200000000,23.91,永豐金證券,無擔保
3294,英濟,32943,英濟三,3,2026-06-18,2026-06-18,2029-06-18,300000000,41.8,台新綜合證券,有擔保
3324,雙鴻,33246,雙鴻六,6,2026-03-02,2026-03-02,2031-03-02,3000000000,1124,凱基證券,無擔保
3324,雙鴻,33247,雙鴻七,7,2026-03-16,2026-03-16,2031-03-16,2000000000,1105,凱基證券,無擔保
3390,旭軟,33902,旭軟二,2,2025-02-21,2025-02-21,2028-02-21,200000000,26.2,中國信託綜合證券股份有限公司,有擔保
3491,昇達科,34913,昇達科三,3,2026-06-09,2026-06-09,2031-06-09,1200000000,1788,凱基證券,無擔保
3512,皇龍,35122,皇龍二,2,2026-08-18,2026-08-18,2029-08-18,600000000,20.5,台新綜合證券,有擔保
3526,凡甲,35267,凡甲七,7,2025-07-24,2025-07-24,2030-07-24,1500000000,269.6,凱基證券,無擔保
3543,州巧,35431,州巧一,1,2025-12-26,2025-12-26,2028-12-26,400000000,46.3,福邦證券,有擔保
3548,兆利,35483,兆利三,3,2025-02-25,2025-02-25,2030-02-25,1500000000,170,凱基證券,無擔保
3551,世禾,35513,世禾三,3,2025-10-28,2025-10-28,2028-10-28,500000000,173,凱基證券,無擔保
3583,辛耘,35833,辛耘三,3,2026-07-30,2026-07-30,2029-07-30,500000000,850,元大證券,無擔保
3583,辛耘,35834,辛耘四,4,2026-09-22,2026-09-22,2029-09-22,1500000000,825,元大證券,無擔保
3587,閎康,35872,閎康二,2,2026-02-04,2026-02-04,2031-02-04,700000000,198,元大證券,無擔保
3605,宏致,36054,宏致四,4,2026-07-06,2026-07-06,2029-07-06,1000000000,88,凱基證券,無擔保
3617,碩天,36173,碩天三,3,2025-06-16,2025-06-16,2028-06-16,1500000000,305,富邦綜合證券,無擔保
3680,家登,36805,家登五,5,2026-05-08,2026-05-08,2031-05-08,1000000000,488.9,凱基證券,無擔保
3680,家登,36806,家登六,6,2026-05-21,2026-05-21,2031-05-21,1500000000,483,凱基證券,無擔保
3684,榮昌,36841,榮昌一,1,2025-10-28,2025-10-28,2028-10-28,300000000,50.7,群益金鼎證券,無擔保
3687,歐買尬,36872,歐買尬二,2,2025-10-02,2025-10-02,2028-10-02,400000000,75.9,元富證券,無擔保
3687,歐買尬,36873,歐買尬三,3,2025-10-03,2025-10-03,2028-10-03,200000000,80.1,元富證券,無擔保
3707,漢磊,37075,漢磊五,5,2025-08-20,2025-08-20,2030-08-20,1000000000,40.1,凱基證券,無擔保
3715,定穎投控,37151,定穎投控一,1,2026-01-21,2026-01-21,2029-01-21,500000000,140,凱基證券,無擔保
3715,定穎投控,37152,定穎投控二,2,2026-03-24,2026-03-24,2029-03-24,1000000000,159,凱基證券,無擔保
3717,聯嘉投控,37171,聯嘉投控一,1,2026-01-21,2026-01-21,2029-01-21,700000000,17.5,國泰綜合證券股份有限公司,有擔保
4113,聯上,41135,聯上五,5,2025-10-27,2025-10-27,2030-10-27,400000000,26.3,合作金庫證券,有擔保
4113,聯上,41136,聯上六,6,2026-03-20,2026-03-20,2031-03-20,200000000,20.45,合作金庫證券,無擔保
4123,晟德,41238,晟德八,8,2026-05-04,2026-05-04,2031-05-04,1500000000,43,台新綜合證券,無擔保
4123,晟德,41239,晟德九,9,2026-05-14,2026-05-14,2031-05-14,500000000,42,台新綜合證券,無擔保
4129,聯合,41295,聯合五,5,2025-05-29,2025-05-29,2030-05-29,700000000,109.8,凱基證券,無擔保
4164,承業醫,41645,承業醫五,5,2025-06-20,2025-06-20,2030-06-20,900000000,48.4,台新綜合證券,無擔保
4168,醣聯,41684,醣聯四,4,2025-09-18,2025-09-18,2028-09-18,500000000,24,5850統一綜合證券,有擔保
4190,佐登-KY,41904,佐登四KY,4,2026-06-30,2026-06-30,2029-06-30,500000000,26.6,華南永昌綜合證券,有擔保
4438,廣越,44383,廣越三,3,2025-09-30,2025-09-30,2028-09-30,800000000,76,凱基證券,無擔保
4439,冠星-KY,44391,冠星一KY,1,2025-03-03,2025-03-03,2028-03-03,500000000,103,凱基證券,無擔保
4442,竣邦-KY,44421,竣邦一KY,1,2025-07-28,2025-07-28,2028-07-28,150000000,49,台新綜合證券,無擔保
4503,金雨,45031,金雨一,1,2026-05-13,2026-05-13,2029-05-13,500000000,46,元大證券,有擔保
4510,高鋒,45102,高鋒二,2,2025-02-26,2025-02-26,2028-02-26,900000000,49.2,群益金鼎證券,無擔保
4541,晟田,45415,晟田五,5,2026-09-21,2026-09-21,2031-09-21,300000000,68.8,凱基證券,有擔保
4541,晟田,45416,晟田六,6,2026-09-22,2026-09-22,2031-09-22,200000000,62.8,凱基證券,無擔保
4555,氣立,45554,氣立四,4,2025-06-09,2025-06-09,2028-06-09,500000000,44,富邦綜合證券,有擔保
4558,寶緯,45581,寶緯一,1,2025-08-28,2025-08-28,2028-08-28,300000000,29.8,華南永昌綜合證券,有擔保
4569,六方科-KY,45691,六方科一KY,1,2025-01-15,2025-01-15,2028-01-15,500000000,212,元大證券,無擔保
4581,光隆精密-KY,45811,光隆精密一KY,1,2025-08-15,2025-08-15,2028-08-15,500000000,53.4,第一金證券,無擔保
4714,永捷,47148,永捷八,8,2026-05-04,2026-05-04,2029-05-04,300000000,16.1,台新綜合證券,有擔保
4722,國精化,47223,國精化三,3,2025-10-01,2025-10-01,2028-10-01,500000000,141.3,富邦綜合證券,無擔保
4722,國精化,47224,國精化四,4,2026-05-26,2026-05-26,2029-05-26,1000000000,265.7,華南永昌綜合證券,無擔保
4739,康普,47394,康普四,4,2025-12-17,2025-12-17,2030-12-17,600000000,71,福邦證券,有擔保
4749,新應材,47491,新應材一,1,2026-05-28,2026-05-28,2029-05-28,2000000000,1072,兆豐證券,無擔保
4760,勤凱科技,47602,勤凱二,2,2026-05-22,2026-05-22,2029-05-22,400000000,303.5,富邦綜合證券,無擔保
4764,雙鍵,47642,雙鍵二,2,2026-08-05,2026-08-05,2029-08-05,500000000,336.8,凱基證券,有擔保
4772,台特化,47721,台特化一,1,2025-11-27,2025-11-27,2028-11-27,2000000000,323.8,元大證券,無擔保
4923,力士,49231,力士一,1,2026-01-29,2026-01-29,2029-01-29,250000000,34.66,統一綜合證券,無擔保
4931,新盛力,49311,新盛力一,1,2026-05-29,2026-05-29,2029-05-29,700000000,175,台新綜合證券,無擔保
4967,十銓,49675,十銓五,5,2026-08-18,2026-08-18,2031-08-18,3000000000,213.5,永豐金證券,無擔保
4973,廣穎電通,49731,廣穎電通一,1,2026-08-21,2026-08-21,2029-08-21,500000000,169.6,台新綜合證券,無擔保
5201,凱衛,52011,凱衛一,1,2025-10-15,2025-10-15,2028-10-15,100000000,41.2,兆豐證券,有擔保
5284,jpp-KY,52844,jpp四KY,4,2026-05-05,2026-05-05,2029-05-05,200000000,353,凱基證券,無擔保
5284,jpp-KY,52845,jpp五KY,5,2026-05-11,2026-05-11,2029-05-11,350000000,322.6,凱基證券,無擔保
5289,宜鼎,52892,宜鼎二,2,2026-07-01,2026-07-01,2029-07-01,3000000000,2180,凱基證券,無擔保
5291,邑昇,52912,邑昇二,2,2026-07-29,2026-07-29,2029-07-29,200000000,53,統一綜合證券,無擔保
5309,系統電,53096,系統電六,6,2025-12-12,2025-12-12,2030-12-12,700000000,63.5,富邦綜合證券,無擔保
5309,系統電,53097,系統電七,7,2025-12-15,2025-12-15,2028-12-15,500000000,55,富邦綜合證券,無擔保
5439,高技,54391,高技一,1,2025-09-09,2025-09-09,2030-09-09,2000000000,300,凱基證券,無擔保
5464,霖宏,54642,霖宏二,2,2026-05-25,2026-05-25,2029-05-25,290000000,33.4,群益金鼎證券,有擔保
5534,長虹,55344,長虹四,4,2026-03-11,2026-03-11,2031-03-11,1500000000,80,群益金鼎證券股份有限公司,無擔保
5536,聖暉*,55362,聖暉二,2,2026-08-04,2026-08-04,2029-08-04,1500000000,1178,國票綜合證券,無擔保
5536,聖暉*,55363,聖暉三,3,2026-08-17,2026-08-17,2029-08-17,1500000000,1158,國票綜合證券,無擔保
6101,寬魚國際,61011,寬魚國際一,1,2026-01-29,2026-01-29,2029-01-29,150000000,36.9,富邦綜合證券,有擔保
6101,寬魚國際,61012,寬魚國際二,2,2026-01-30,2026-01-30,2029-01-30,250000000,38.9,富邦綜合證券,無擔保
6117,迎廣,61172,迎廣二,2,2025-05-28,2025-05-28,2028-05-28,500000000,79.3,台新綜合證券,無擔保
6134,萬旭,61343,萬旭三,3,2026-07-20,2026-07-20,2029-07-20,300000000,34,中國信託綜合證券,有擔保
6156,松上,61565,松上五,5,2025-06-25,2025-06-25,2028-06-25,350000000,30.1,永豐金證券,無擔保
6163,華電網,61635,華電網五,5,2025-10-16,2025-10-16,2028-10-16,300000000,25.02,統一綜合證券,無擔保
6174,安碁,61743,安碁三,3,2026-10-02,2026-10-02,2029-10-02,300000000,46.4,兆豐證券,無擔保
6177,達麗,61777,達麗七,7,2025-06-25,2025-06-25,2028-06-25,600000000,52.3,國泰綜合證券,無擔保
6187,萬潤,61876,萬潤六,6,2026-07-02,2026-07-02,2029-07-02,3000000000,1150,元大證券,無擔保
6190,萬泰科,61907,萬泰科七,7,2025-11-06,2025-11-06,2028-11-06,1000000000,41.7,國票綜合證券,無擔保
6199,天品,61993,天品三,3,2026-01-20,2026-01-20,2029-01-20,250000000,104.6,群益金鼎證券,有擔保
6199,天品,61994,天品四,4,2026-01-21,2026-01-21,2029-01-21,350000000,114.8,群益金鼎證券,無擔保
6207,雷科,62075,雷科五,5,2025-08-26,2025-08-26,2028-08-26,600000000,52.1,凱基證券,無擔保
6207,雷科,62076,雷科六,6,2025-09-05,2025-09-05,2028-09-05,200000000,50.6,凱基證券,無擔保
6209,今國光,62093,今國光三,3,2025-10-23,2025-10-23,2028-10-23,450000000,38.6,中國信託綜合證券,有擔保
6219,富旺,62194,富旺四,4,2025-10-16,2025-10-16,2028-10-16,600000000,21.17,統一綜合證券,有擔保
6220,岳豐,622010,岳豐十,10,2026-06-10,2026-06-10,2029-06-10,500000000,33,凱基證券,有擔保
6223,旺矽,62236,旺矽六,6,2026-06-15,2026-06-15,2031-06-15,5000000000,6223,凱基證券,無擔保
6285,啟碁,62854,啟碁四,4,2026-10-13,2026-10-13,2029-10-13,6000000000,268,凱基證券,無擔保
6438,迅得,64383,迅得三,3,2026-10-13,2026-10-13,2029-10-13,500000000,172,台新綜合證券,無擔保
6469,大樹,64693,大樹三,3,2025-07-28,2025-07-28,2028-07-28,1000000000,149.74,國泰綜合證券,無擔保
6472,保瑞,64724,保瑞四,4,2026-04-01,2026-04-01,2031-04-01,2000000000,500,台新綜合證券,無擔保
6472,保瑞,64725,保瑞五,5,2026-04-15,2026-04-15,2031-04-15,1000000000,485,台新綜合證券,無擔保
6477,安集,64775,安集五,5,2025-10-09,2025-10-09,2028-10-09,600000000,44.3,福邦證券,無擔保
6510,精測,65101,精測一,1,2026-01-05,2026-01-05,2029-01-05,2000000000,2016.8,元大證券,無擔保
6515,穎崴,65152,穎崴二,2,2026-02-05,2026-02-05,2029-02-05,3000000000,3540.4,凱基證券,無擔保
6533,晶心科,65331,晶心科一,1,2025-09-08,2025-09-08,2028-09-08,1500000000,308,凱基證券,無擔保
6538,倉和,65381,倉和一,1,2025-06-26,2025-06-26,2030-06-26,300000000,104.4,統一綜合證券,無擔保
6546,正基,65462,正基二,2,2026-06-09,2026-06-09,2029-06-09,500000000,88.5,凱基證券,無擔保
6546,正基,65463,正基三,3,2026-06-30,2026-06-30,2029-06-30,200000000,81.5,凱基證券,無擔保
6547,高端疫苗,65472,高端疫苗二,2,2026-03-19,2026-03-19,2029-03-19,750000000,37,永豐金證券,有擔保
6570,維田,65702,維田二,2,2026-08-14,2026-08-14,2029-08-14,250000000,55.73,統一綜合證券,無擔保
6576,逸達,65761,逸達一,1,2026-03-25,2026-03-25,2029-03-25,400000000,84.3,元富證券,有擔保
6584,南俊國際,65843,南俊國際三,3,2026-07-02,2026-07-02,2029-07-02,800000000,685,凱基證券,無擔保
6591,動力-KY,65914,動力四KY,4,2025-08-27,2025-08-27,2028-08-27,250000000,72.88,康和綜合證券,無擔保
6603,富強鑫,66034,富強鑫四,4,2026-05-04,2026-05-04,2029-05-04,400000000,26.63,統一綜合證券,無擔保
6670,復盛應用,66702,復盛應用二,2,2025-12-26,2025-12-26,2028-12-26,1500000000,270,台新綜合證券,無擔保
6683,雍智科技,66831,雍智一,1,2026-08-10,2026-08-10,2029-08-10,1500000000,1127.1,凱基證券,無擔保
6693,廣閎科,66931,廣閎科一,1,2026-07-24,2026-07-24,2029-07-24,500000000,228.1,兆豐證券,無擔保
6771,平和環保-創,67711,平和環保一創,1,2025-05-08,2025-05-08,2028-05-08,350000000,55,群益金鼎證券,有擔保
6796,晉弘,67962,晉弘二,2,2025-12-22,2025-12-22,2028-12-22,200000000,101.6,富邦綜合證券,無擔保
6803,崑鼎,68032,崑鼎二,2,2026-05-21,2026-05-21,2031-05-21,2000000000,324,國泰綜合證券,無擔保
6821,聯寶,68211,聯寶一,1,2025-08-15,2025-08-15,2028-08-15,300000000,43.06,統一綜合證券,無擔保
6843,進典,68431,進典一,1,2025-08-04,2025-08-04,2028-08-04,300000000,61.4,永豐金證券,無擔保
6846,綠茵,68461,綠茵一,1,2025-03-13,2025-03-13,2030-03-13,350000000,83.8,富邦綜合證券,無擔保
6846,綠茵,68462,綠茵二,2,2025-03-25,2025-03-25,2030-03-25,350000000,81.3,富邦綜合證券,無擔保
6854,錼創科技-KY創,68541,錼創科技一KY創,1,2025-02-27,2025-02-27,2028-02-27,800000000,250.9,中國信託綜合證券,有擔保
6862,三集瑞-KY,68621,三集瑞一KY,1,2026-03-13,2026-03-13,2029-03-13,1000000000,197,華南永昌綜合證券,無擔保
6869,雲豹能源,68692,雲豹能源二,2,2026-07-24,2026-07-24,2029-07-24,1800000000,72.3,凱基證券,有擔保
6873,泓德能源,68732,泓德能源二,2,2025-05-29,2025-05-29,2030-05-29,3000000000,246,元大證券,無擔保
6890,來億-KY,68901,來億一KY,1,2025-11-28,2025-11-28,2028-11-28,4500000000,246.4,富邦綜合證券,無擔保
6890,來億-KY,68902,來億二KY,2,2025-12-10,2025-12-10,2028-12-10,500000000,245.2,富邦綜合證券,無擔保
6894,衛司特,68941,衛司特一,1,2026-03-09,2026-03-09,2029-03-09,300000000,262.4,兆豐證券,無擔保
6903,巨漢,69031,巨漢一,1,2026-07-24,2026-07-24,2029-07-24,500000000,406.6,富邦綜合證券,無擔保
6903,巨漢,69032,巨漢二,2,2026-08-07,2026-08-07,2029-08-07,1000000000,369.8,富邦綜合證券,無擔保
6904,伯鑫,69041,伯鑫一,1,2025-12-26,2025-12-26,2028-12-26,150000000,130,國泰綜合證券,無擔保
6913,鴻呈,69131,鴻呈一,1,2026-03-19,2026-03-19,2029-03-19,450000000,126,兆豐證券,無擔保
6957,裕慶-KY,69571,裕慶一KY,1,2025-10-02,2025-10-02,2028-10-02,1000000000,190,凱基證券,無擔保
6982,大井泵浦,69821,大井泵浦一,1,2025-07-23,2025-07-23,2028-07-23,300000000,63.6,永豐金證券,無擔保
6982,大井泵浦,69822,大井泵浦二,2,2025-08-04,2025-08-04,2028-08-04,200000000,61.8,永豐金證券,無擔保
7402,邑錡,74022,邑錡二,2,2025-09-02,2025-09-02,2028-09-02,400000000,97.6,統一綜合證券,無擔保
7556,意德士科技,75561,意德士一永,1,2025-08-12,2025-08-12,2028-08-12,100000000,182,元大證券,無擔保
7556,意德士科技,75562,意德士二,2,2025-08-15,2025-08-15,2028-08-15,200000000,178.5,元大證券,無擔保
7610,聯友金屬-創,76101,聯友金屬一創,1,2026-05-20,2026-05-20,2029-05-20,800000000,795,福邦證券,無擔保
7631,聚賢研發-創,76311,聚賢研發一創,1,2026-08-26,2026-08-26,2029-08-26,400000000,150.8,宏遠證券,無擔保
7713,威力德生醫,77131,威力德生醫一,1,2025-10-20,2025-10-20,2028-10-20,500000000,73.9,台新綜合證券,無擔保
7738,東聯互動,77381,東聯互動一,1,2026-10-16,2026-10-16,2029-10-16,500000000,163.5,永豐金證券,無擔保
7743,金利食安,77431,金利食安一,1,2026-09-10,2026-09-10,2029-09-10,200000000,22.5,永豐金證券,無擔保
8021,尖點,80212,尖點二,2,2026-01-20,2026-01-20,2031-01-20,700000000,203.5,福邦證券股份有限公司,無擔保
8028,昇陽半導體,80282,昇陽半導體二,2,2025-01-22,2025-01-22,2030-01-22,2000000000,140.3,永豐金證券,無擔保
8042,金山電,80426,金山電六,6,2025-12-16,2025-12-16,2028-12-16,350000000,60,永豐金證券,無擔保
8054,安國,80541,安國一,1,2026-07-22,2026-07-22,2029-07-22,400000000,122.6,福邦證券,有擔保
8074,鉅橡,80746,鉅橡六,6,2026-05-14,2026-05-14,2029-05-14,300000000,79.2,福邦證券,有擔保
8087,麗升能源,80872,麗升能源二,2,2025-05-02,2025-05-02,2028-05-02,500000000,40.4,兆豐證券,無擔保
8096,擎亞,80962,擎亞二,2,2026-07-02,2026-07-02,2029-07-02,800000000,158,統一綜合證券,無擔保
8096,擎亞,80963,擎亞三,3,2026-07-14,2026-07-14,2029-07-14,500000000,155,統一綜合證券,無擔保
8111,立碁,81114,立碁四,4,2026-04-28,2026-04-28,2029-04-28,500000000,75.1,群益金鼎證券,無擔保
8112,至上,811211,至上11,11,2026-06-23,2026-06-23,2031-06-23,2000000000,95.3,凱基證券,無擔保
8155,博智,81551,博智一,1,2025-01-10,2025-01-10,2030-01-10,1000000000,126.8,凱基證券,無擔保
8155,博智,81552,博智二,2,2026-08-03,2026-08-03,2031-08-03,3000000000,338,凱基證券,無擔保
8155,博智,81553,博智三,3,2026-08-13,2026-08-13,2031-08-13,2000000000,318,凱基證券,無擔保
8210,勤誠,82102,勤誠二,2,2026-01-26,2026-01-26,2029-01-26,800000000,1007.2,元大證券,無擔保
8210,勤誠,82103,勤誠三,3,2026-02-03,2026-02-03,2029-02-03,700000000,985.3,元大證券,無擔保
8222,寶一,82221,寶一一,1,2026-09-10,2026-09-10,2029-09-10,400000000,42.3,台新綜合證券,有擔保
8271,宇瞻,82711,宇瞻一,1,2026-05-05,2026-05-05,2029-05-05,1000000000,165,凱基證券,無擔保
8299,群聯,82993,群聯三,3,2026-02-06,2026-02-06,2031-02-06,6000000000,2488,凱基證券股份有限公司,無擔保
8404,百和興業-KY,84041,百和興業一KY,1,2025-10-03,2025-10-03,2028-10-03,1000000000,26.8,中國信託綜合證券,有擔保
8411,福貞-KY,84113,福貞三KY,3,2025-08-01,2025-08-01,2030-08-01,1200000000,13.3,台新綜合證券,有擔保
8422,可寧衛,84222,可寧衛二,2,2025-04-07,2025-04-07,2030-04-07,2000000000,200,台新綜合證券,無擔保
8422,可寧衛*,84223,可寧衛三,3,2026-10-06,2026-10-06,2031-10-06,2500000000,30,中國信託綜合證券,無擔保
8431,匯鑽科,84312,匯鑽科二,2,2026-01-05,2026-01-05,2029-01-05,300000000,68,華南永昌綜合證券股份有限公司,無擔保
8438,昶昕,84381,昶昕一,1,2026-08-05,2026-08-05,2029-08-05,300000000,90.8,台新綜合證券,無擔保
8442,威宏-KY,84423,威宏三KY,3,2026-07-24,2026-07-24,2029-07-24,400000000,42.5,富邦綜合證券,有擔保
8442,威宏-KY,84424,威宏四KY,4,2026-09-30,2026-09-30,2029-09-30,200000000,48,富邦綜合證券,無擔保
8462,柏文,84624,柏文四,4,2026-05-08,2026-05-08,2029-05-08,400000000,152.2,永豐金證券,無擔保
8476,台境*,84762,台境二,2,2026-04-21,2026-04-21,2029-04-21,250000000,19.7,群益金鼎證券,無擔保
8936,國統,89365,國統五,5,2026-08-17,2026-08-17,2029-08-17,600000000,55,台新綜合證券,有擔保
8936,國統,89366,國統六,6,2026-08-28,2026-08-28,2029-08-28,600000000,53.8,台新綜合證券,無擔保
8996,高力,89965,高力五,5,2026-10-12,2026-10-12,2031-10-12,2500000000,1656,富邦綜合證券,無擔保
9906,欣巴巴,99063,欣巴巴三,3,2025-02-27,2025-02-27,2028-02-27,700000000,111.8,國泰綜合證券,無擔保
