date,time,code,name,kind,subject,market,enter_date,serial,board_date,series,secured,amount,method,lead,issue_price,parsed
2025-01-14,17:45:29,3434,哲固,bank,公告本公司國內第一次有擔保轉換公司債委託代收價款行庫及存儲專戶行庫,otc,1140114,1,,,,,,,,
2025-01-23,13:36:03,4164,承業醫,bank,公告本公司發行國內第五次無擔保可轉換公司債簽訂債款代收及存儲專戶合約,sii,1140123,1,,,,,,,,
2025-01-24,16:34:08,6451,訊芯-KY,bank,公告本公司國內第二次無擔保轉換公司債委託代收價款行庫及存儲專戶行庫,sii,1140122,1,,,,,,,,
2025-02-03,15:39:34,3045,台灣大,bank,公告本公司國內第四次及第五次無擔保轉換公司債代收價款行庫及存儲專戶行庫,sii,1140203,1,,,,,,,,
2025-02-03,21:52:41,3390,旭軟,bank,公告本公司國內第二次有擔保轉換公司債代收價款行庫及存儲專戶行庫,otc,1140203,2,,,,,,,,
2025-02-05,14:23:56,3095,及成,bank,公告本公司國內第四次有擔保轉換公司債代收價款行庫及存儲專戶行庫,otc,1140205,1,,,,,,,,
2025-02-05,14:57:08,4439,冠星-KY,bank,公告本公司發行中華民國境內第一次無擔保轉換公司債代收價款行庫及存儲專戶行庫,sii,1140205,2,,,,,,,,
2025-02-05,18:08:03,3548,兆利,bank,公告本公司國內第三次無擔保轉換公司債代收價款及存儲專戶行庫,otc,1140205,1,,,,,,,,
2025-02-12,19:03:47,6854,錼創科技-KY創,bank,公告本公司發行中華民國境內第一次有擔保轉換公司債代收價款及存儲專戶行庫,sii,1140212,1,,,,,,,,
2025-02-13,14:44:36,6846,綠茵,bank,公告本公司國內第一次及第二次無擔保轉換公司債代收價款及存儲專戶行庫,otc,1140213,1,,,,,,,,
2025-02-14,14:23:09,1598,岱宇,bank,公告本公司簽訂發行國內第四次無擔保轉換公司債之存儲專戶及代收價款專戶,sii,1140213,1,,,,,,,,
2025-02-25,16:06:51,6026,福邦證,withdraw,董事會決議通過撤銷原113年7月11日擬發行第一次無擔保轉換公司債案,otc,1140225,2,,,,,,,,
2025-02-25,18:26:53,3653,健策,board,本公司董事會決議通過發行國內第四次及第五次無擔保轉換公司債,sii,1140225,1,2025-02-25,"4,5",無擔保,3000000000,,富邦綜合證券股份有限公司,(1)國內第四次無擔保轉換公司債依票面金額之101%~103%發行。(2)國內第五次無擔保轉換公司債以底標為不高於面額之,1
2025-02-26,20:21:02,6156,松上,board,公告本公司董事會決議發行國內第五次無擔保轉換公司債,otc,1140226,5,2025-02-26,5,無擔保,350000000,,永豐金證券股份有限公司,以不低於票面金額之100%發行,1
2025-02-27,13:55:19,1436,華友聯,bank,公告本公司國內第四次無擔保轉換公司債代收價款行庫及存儲專戶行庫,sii,1140227,1,,,,,,,,
2025-02-27,18:50:06,6469,大樹,board,本公司董事會通過發行國內第三次無擔保轉換公司債,otc,1140227,2,2025-02-27,3,無擔保,1000000000,競價拍賣,國泰綜合證券股份有限公司,"採競價拍賣方式辦理公開承銷,暫訂底標以不低於面額金額為限。",1
2025-03-03,22:21:20,2337,旺宏,bank,本公司國內第二次無擔保轉換公司債之代收價款行庫及存儲專戶行庫,sii,1140303,1,,,,,,,,
2025-03-04,17:11:32,3131,弘塑,board,本公司董事會決議發行國內第一次及第二次無擔保轉換公司債,otc,1140304,5,2025-03-04,"1,2",無擔保,1000000000,,凱基證券股份有限公司,(1)國內第一次無擔保轉換公司債:暫定依票面金額之100%~101%發行。(2)國內第二次無擔保轉換公司債:暫定底標以不,1
2025-03-06,16:24:46,1786,科妍,board,公告本公司董事會決議通過發行國內第三次無擔保轉換公司債,sii,1140306,6,2025-03-06,3,無擔保,400000000,詢價圈購,統一綜合證券股份有限公司,按票面金額100%發行,1
2025-03-06,17:55:13,6538,倉和,board,本公司董事會決議發行國內第一次無擔保轉換公司債,otc,1140226,3,2025-03-06,1,無擔保,300000000,競價拍賣,統一綜合證券股份有限公司,"底標暫定以不低於票面金額之101%,實際總發行金額依競價拍賣結果而定",1
2025-03-06,17:56:37,2230,泰茂,board,公告本公司董事會決議辦理國內第五次無擔保可轉換公司債,otc,1140306,3,2025-03-06,5,無擔保,500000000,詢價圈購,授權董事長決定,依票面金額100%發行,1
2025-03-07,18:50:41,8087,麗升能源,board,公告本公司董事會決議發行國內第二次無擔保轉換公司債,otc,1140307,2,2025-03-07,2,無擔保,500000000,詢價圈購,兆豐證券股份有限公司,依票面金額之100%~100.5%發行,1
2025-03-07,21:11:41,4129,聯合,board,公告本公司董事會決議發行國內第五次無擔保轉換公司債,otc,1140307,5,2025-03-07,5,無擔保,700000000,,凱基證券股份有限公司,依票面金額之100%-101%發行。,1
2025-03-10,17:43:17,6290,良維,board,公告本公司董事會決議發行國內第十次無擔保轉換公司債,otc,1140310,4,2025-03-10,10,無擔保,800000000,詢價圈購,富邦綜合證券股份有限公司,依票面金額之100%~101%發行,1
2025-03-10,18:40:19,3167,大量,board,公告本公司董事會決議發行國內第二次無擔保轉換公司債,sii,1140310,5,2025-03-10,2,無擔保,500000000,競價拍賣,福邦證券股份有限公司,"底標以不低於面額,每張實際發行價格依競價拍賣結果而定",1
2025-03-10,19:33:42,1474,弘裕,bank,公告本公司國內第三次無擔保轉換公司債之委託代收價款及專戶存儲行庫,sii,1140310,4,,,,,,,,
2025-03-11,13:57:19,8422,可寧衛*,bank,公告本公司國內第二次無擔保轉換公司債代收價款及存儲專戶行庫,sii,1140310,1,,,,,,,,
2025-03-11,15:08:31,6771,平和環保-創,board,本公司董事會決議發行國內第一次有擔保轉換公司債,sii,1140310,1,2025-03-11,1,有擔保,350000000,詢價圈購,群益金鼎證券股份有限公司,依票面金額之100%~100.5%發行,1
2025-03-11,16:00:05,4916,事欣科,board,公告本公司董事會決議發行國內第五次無擔保轉換公司債,sii,1140307,3,2025-03-11,5,無擔保,500000000,詢價圈購,統一綜合證券股份有限公司,依票面金額100%發行,1
2025-03-11,17:08:29,3188,鑫龍騰,board,公告本公司董事會決議發行國內第二次及第三次無擔保轉換公司債,otc,1140311,5,2025-03-11,"2,3",無擔保,600000000,,凱基證券股份有限公司,(1)國內第二次無擔保轉換公司債依票面金額之100%發行。(2)國內第三次無擔保轉換公司債暫定以不低於票面金額之100%,1
2025-03-11,18:13:26,1472,三洋實業,board,本公司董事會決議發行國內第二次有擔保轉換公司債暨第三次無擔保轉換公司債,sii,1140311,2,2025-03-11,"2,3",有擔保,300000000,,台新綜合證券股份有限公司,"國內第二次有擔保轉換公司債:採競價拍賣方式辦理公開承銷,底標以不低於面額為限,每張實際發行價格依競價拍賣結果而定。國內第",1
2025-03-13,15:05:47,6807,峰源-KY,board,董事會通過發行中華民國境內第一次無擔保轉換公司債,sii,1140313,5,2025-03-13,1,無擔保,650000000,詢價圈購,永豐金證券股份有限公司,依票面金額之101%發行,1
2025-03-14,16:01:59,1466,聚隆,board,董事會決議辦理發行國內第四次有擔保轉換公司債。,sii,1140314,3,2025-03-14,4,有擔保,400000000,競價拍賣,國票綜合證券股份有限公司,"依競價拍賣結果決定,暫訂底標以不低於面額之100%發行。",1
2025-03-14,19:35:20,8411,福貞-KY,board,公告本公司董事會決議發行中華民國境內第三次有擔保轉換公司債,sii,1140314,2,2025-03-14,3,有擔保,1200000000,競價拍賣,台新綜合證券股份有限公司,"實際總發行金額依競價拍賣結果而定,底標價格暫定以不低於面額之102%發行",1
2025-03-21,14:21:37,4555,氣立,board,補充說明114/03/04董事會決議發行114年國內第四次有擔保轉換公司債相關事宜,sii,1140321,1,2025-03-21,4,有擔保,500000000,競價拍賣,富邦綜合證券股份有限公司,"實際總發行金額依競價拍賣結果而定,底標以不低於面額之100%~103.5%",1
2025-03-21,15:06:57,6873,泓德能源,board,公告本公司董事會決議發行國內第二次無擔保轉換公司債,sii,1140320,1,2025-03-21,2,無擔保,3000000000,詢價圈購,元大證券股份有限公司,依票面金額之100%~102%發行。,1
2025-03-25,17:09:54,6163,華電網,board,公告本公司董事會決議發行國內第五次無擔保轉換公司債,otc,1140325,1,2025-03-25,5,無擔保,300000000,詢價圈購,統一綜合證券股份有限公司,依票面金額100%發行。,1
2025-03-31,18:07:26,6117,迎廣,board,本公司董事會決議發行國內第二次無擔保轉換公司債,sii,1140331,3,2025-03-31,2,無擔保,500000000,競價拍賣,台新綜合證券股份有限公司,"底標以不低於票面金額為限,每張實際發行價格依競價拍賣結果而定",1
2025-04-01,14:34:06,6670,復盛應用,board,公告本公司董事會決議發行國內第二次無擔保轉換公司債,sii,1140401,1,2025-04-01,2,無擔保,2000000000,競價拍賣,授權董事長全權處理,"實際發行價格依競價拍賣結果而定,底標為票面金額之102%~104%",1
2025-04-02,16:42:20,1786,科妍,bank,公告本公司國內第三次無擔保轉換公司債代收價款合約及存儲專戶合約,sii,1140402,1,,,,,,,,
2025-04-07,16:59:44,7556,意德士科技,board,公告本公司董事會決議發行國內第一次及第二次無擔保轉換公司債,otc,1140407,2,2025-04-07,"1,2",無擔保,100000000,,元大證券股份有限公司,(1)國內第一次無擔保轉換公司債:依票面金額之100%~101%發行。(2)國內第二次無擔保轉換公司債:底標以不低於面額,1
2025-04-11,18:12:51,8087,麗升能源,bank,公告本公司發行國內第二次無擔保轉換公司債之委託代收價款行庫及存儲專戶行庫,otc,1140411,2,,,,,,,,
2025-04-15,15:44:33,3040,遠見,board,公告董事會決議發行國內第一次無擔保轉換公司債,sii,1140415,3,2025-04-15,1,無擔保,500000000,詢價圈購,統一綜合證券,以票面金額十足發行,1
2025-04-16,14:01:24,3551,世禾,board,本公司董事會決議發行國內第三次無擔保轉換公司債,otc,1140415,2,2025-04-16,3,無擔保,500000000,競價拍賣,凱基證券股份有限公司,"以不低於面額之100%為限,實際總發行金額依競價拍賣結果而定。",1
2025-04-21,14:16:15,6771,平和環保-創,bank,公告本公司國內第一次有擔保轉換公司債代收價款及存儲專戶行庫,sii,1140415,1,,,,,,,,
2025-04-21,17:01:05,4581,光隆精密-KY,board,公告本公司董事會決議發行國內第一次無擔保轉換公司債,sii,1140421,1,2025-04-21,1,無擔保,500000000,,第一金證券股份有限公司,以不低於票面金額之100.5%發行,1
2025-04-23,14:37:36,6290,良維,bank,公告本公司國內第十次無擔保轉換公司債之委託代收價款行庫及存儲專戶行庫,otc,1140423,1,,,,,,,,
2025-04-28,14:14:40,4916,事欣科,bank,公告本公司國內第五次無擔保轉換公司債之委託代收價款及存儲專戶行庫,sii,1140428,1,,,,,,,,
2025-05-02,16:48:18,3047,訊舟,withdraw,公告本公司董事會決議向金管會申請撤銷發行國內第八次無擔保轉換公司債,sii,1140502,2,,,,,,,,
2025-05-02,18:34:35,7402,邑錡,board,公告本公司董事會通過發行國內第二次無擔保轉換公司債,otc,1140502,3,2025-05-02,2,無擔保,400000000,詢價圈購,統一綜合證券股份有限公司,"每張轉換公司債面額為新台幣壹拾萬元整,依票面金額之100%發行。",1
2025-05-05,18:50:19,6533,晶心科,board,公告本公司董事會決議通過發行國內第一次無擔保轉換公司債,sii,1140505,3,2025-05-05,1,無擔保,1500000000,,凱基證券股份有限公司,按票面金額100.5~101%發行,1
2025-05-06,16:35:32,1472,三洋實業,bank,公告國內第二次有擔保轉換公司債暨第三次無擔保轉換公司債代收價款及存儲專戶行庫,sii,1140506,1,,,,,,,,
2025-05-06,16:41:11,6207,雷科,board,公告本公司董事會決議發行國內第五次及第六次無擔保轉換公司債,otc,1140506,3,2025-05-06,"5,6",無擔保,800000000,,凱基證券股份有限公司,(1)國內第五次無擔保轉換公司債:暫定依票面金額之100%~101%發行(2)國內第六次無擔保轉換公司債:暫定底標以不低,1
2025-05-06,18:36:40,4760,勤凱科技,board,本公司董事會決議通過發行國內第二次無擔保轉換公司債,otc,1140506,3,2025-05-06,2,無擔保,300000000,詢價圈購,授權董事長全權處理之,依票面金額之100%-105%發行。,1
2025-05-07,18:26:54,4558,寶緯,board,公告本公司董事會通過發行國內第一次有擔保轉換公司債,otc,1140507,1,2025-05-07,1,有擔保,300000000,競價拍賣,授權董事長全權處理之,"依競價拍賣結果決定,暫定底標以不低於面額之100%發行。",1
2025-05-08,13:55:31,6117,迎廣,bank,公告本公司國內第二次無擔保轉換公司債代收價款行庫及存儲專戶行庫,sii,1140508,1,,,,,,,,
2025-05-08,13:59:52,2641,正德,board,本公司董事會決議通過發行國內第八次無擔保轉換公司債,otc,1140505,1,2025-05-08,8,無擔保,780000000,競價拍賣,授權董事長決定,"底標以不低於票面金額之100.5%發行,實際總發行金額依競價拍賣結果而定。",1
2025-05-08,16:02:22,6843,進典,board,公告本公司董事會通過發行國內第一次無擔保轉換公司債,otc,1140508,1,2025-05-08,1,無擔保,300000000,競價拍賣,永豐金證券股份有限公司,"採競價拍賣方式辦理公開承銷,底標以不低於面額發行,實際總發行金額依競價拍賣結果而定。",1
2025-05-08,16:21:18,3284,太普高,board,公告本公司董事會通過發行國內第三次無擔保轉換公司債,otc,1140508,3,2025-05-08,3,無擔保,200000000,詢價圈購,永豐金證券股份有限公司,依票面金額之100%(暫定)發行。,1
2025-05-08,19:42:33,6692,進能服,board,公告本公司董事會決議發行國內第一次無擔保轉換公司債(綠色債券),otc,1140508,4,2025-05-08,1,無擔保,200000000,詢價圈購,元大證券股份有限公司,依票面金額之100%~102%發行。,1
2025-05-09,14:36:37,6591,動力-KY,board,公告本公司董事會通過發行中華民國境內第四次無擔保轉換公司債,sii,1140507,2,2025-05-09,4,無擔保,251250000,詢價圈購,康和綜合證券股份有限公司,暫定依票面金額100%~100.5%發行,1
2025-05-09,16:02:20,2247,汎德永業,board,本公司董事會決議發行國內第一次無擔保轉換公司債,sii,1140508,2,2025-05-09,1,無擔保,1000000000,詢價圈購,群益金鼎券證股份有限公司,依票面金額100%~101%發行,1
2025-05-09,16:02:59,2247,汎德永業,board,本公司董事會決議發行國內第二次無擔保轉換公司債,sii,1140508,3,2025-05-09,2,無擔保,1000000000,競價拍賣,群益金鼎券證股份有限公司,底標以不低於面額之101%發行,1
2025-05-09,16:10:33,6982,大井泵浦,board,本公司董事會決議發行國內第一次及第二次無擔保轉換公司債,otc,1140509,2,2025-05-09,"1,2",無擔保,300000000,,永豐金證券股份有限公司,"(1)國內第一次無擔保轉換公司債:依票面金額之100%發行(2)國內第二次無擔保轉換公司債:以不低於面額發行,實際發行金",1
2025-05-09,16:46:09,6128,上福,board,公告本公司董事會決議發行國內第一次無擔保轉換公司債,sii,1140509,4,2025-05-09,1,無擔保,800000000,詢價圈購,凱基證券股份有限公司,依票面金額之100.5%~101%發行,1
2025-05-09,16:55:03,4442,竣邦-KY,board,公告本公司董事會決議發行中華民國境內第一次無擔保轉換公司債,otc,1140509,3,2025-05-09,1,無擔保,150000000,競價拍賣,台新綜合證券股份有限公司,"底標以不低於面額為限,實際發行總金額依競價拍賣結果而定。",1
2025-05-09,17:31:46,9939,宏全,board,本公司董事會決議國內第二次無擔保轉換公司債114年第1季轉換普通股之發行新股基準日,sii,1140509,6,2025-05-09,2,無擔保,,,,,1
2025-05-09,18:47:31,8431,匯鑽科,board,本公司董事會決議發行國內第二次無擔保轉換公司債,otc,1140509,2,2025-05-09,2,無擔保,500000000,,待定,按面額十足發行,1
2025-05-12,14:13:25,6821,聯寶,board,公告本公司董事會決議發行國內第一次無擔保轉換公司債(綠色債券),otc,1140512,2,2025-05-12,1,無擔保,300000000,詢價圈購,統一綜合證券股份有限公司,依票面金額100%發行。,1
2025-05-12,17:11:26,2109,華豐,board,本公司董事會決議發行國內第二次無擔保轉換公司債。,sii,1140512,2,2025-05-12,2,無擔保,1000000000,詢價圈購,富邦綜合證券股份有限公司,由董事會視市場狀況另行決議之。,1
2025-05-13,13:39:35,6873,泓德能源,bank,公告本公司國內第二次無擔保轉換公司債代收價款及存儲專戶行庫,sii,1140512,2,,,,,,,,
2025-05-13,22:03:21,2236,百達-KY,board,公告本公司董事會決議發行國內第三次無擔保轉換公司債,sii,1140513,9,2025-05-13,3,無擔保,1000000000,,台新綜合證券股份有限公司,不低於面額之100%發行,1
2025-05-14,14:53:00,4129,聯合,bank,公告本公司國內第五次無擔保轉換公司債委託代收價款及存儲專戶行庫,otc,1140514,2,,,,,,,,
2025-05-14,14:55:05,2743,山富,board,公告董事會決議發行國內第一次無擔保轉換公司債,otc,1140508,1,2025-05-14,1,無擔保,300000000,競價拍賣,國泰綜合證券股份有限公司,"採競價拍賣方式辦理公開承銷,底標暫訂以不低於面額之102%為限,實際總發行金額依競價拍賣結果而定。",1
2025-05-15,16:54:12,4555,氣立,bank,公告本公司國內第四次有擔保轉換公司債代收價款行庫及存儲專戶行庫,sii,1140515,1,,,,,,,,
2025-05-16,16:12:42,3653,健策,bank,公告本公司發行國內第四次及第五次無擔保轉換公司債代收價款及存儲專戶行庫,sii,1140516,1,,,,,,,,
2025-05-23,15:50:58,3617,碩天,bank,公告本公司發行國內第三次無擔保可轉換公司債代收價款及存儲專戶行庫,sii,1140523,1,,,,,,,,
2025-05-27,15:53:03,2351,順德,bank,公告本公司國內第一次無擔保轉換公司債代收價款行庫及存儲專戶行庫。,sii,1140527,1,,,,,,,,
2025-05-28,17:09:47,6191,精成科,board,公告本公司董事會決議發行國內第二次無擔保轉換公司債,sii,1140528,3,2025-05-28,2,無擔保,1000000000,詢價圈購,宏遠證券股份有限公司,"依票面金額之100%~102%發行,並授權董事長視金融市場狀況與主辦承銷商共同議定之。",1
2025-05-29,17:11:26,1466,聚隆,bank,公告本公司簽訂發行國內第四次有擔保轉換公司債之委託代收價款及專戶存儲行庫。,sii,1140529,1,,,,,,,,
2025-06-04,15:18:09,6177,達麗,bank,公告本公司國內第七次無擔保轉換公司債委託代收價款行庫及存儲專戶行庫,sii,1140604,1,,,,,,,,
2025-06-05,15:00:24,3188,鑫龍騰,bank,公告本公司國內第二次無擔保轉換公司債代收價款及存儲專戶行庫,otc,1140605,1,,,,,,,,
2025-06-05,15:13:47,6538,倉和,bank,公告本公司國內第一次無擔保轉換公司債之委託代收價款及存儲專戶行庫,otc,1140603,1,,,,,,,,
2025-06-09,17:32:08,2530,華建,bank,公告本公司發行國內第三次暨第四次無擔保轉換公司債案代收股款及存儲專戶,sii,1140609,1,,,,,,,,
2025-06-10,11:07:05,2247,汎德永業,bank,公告本公司國內第一次及第二次無擔保轉換公司債代收價款行庫及存儲專戶行庫,sii,1140609,1,,,,,,,,
2025-06-10,18:25:33,4438,廣越,board,本公司董事會決議發行國內第三次無擔保轉換公司債,sii,1140610,3,2025-06-10,3,無擔保,800000000,,主辦承銷商凱基證券股份有限公司,"實際發行價格視承銷方式而定,若採競拍底標暫訂以不低於票面金額之101%為限,若採詢價圈購則依票面金額之100%~100.",1
2025-06-11,15:18:58,6469,大樹,bank,公告本公司國內第三次無擔保轉換公司債代收價款專戶及存儲專戶行庫,otc,1140611,1,,,,,,,,
2025-06-11,17:48:30,3707,漢磊,board,公告本公司董事會決議發行國內第五次無擔保轉換公司債,otc,1140609,1,2025-06-11,5,無擔保,1000000000,詢價圈購,凱基證券股份有限公司,依票面金額之100%~100.5%發行,1
2025-06-13,17:16:16,4588,玖鼎電力,withdraw,公告本公司擬向主管機關申請撤銷辦理國內第一次無擔保轉換公司債案,sii,1140613,1,,,,,,,,
2025-06-13,17:35:32,3526,凡甲,board,公告本公司董事會決議發行國內第七次無擔保轉換公司債,otc,1140613,2,2025-06-13,7,無擔保,1500000000,,凱基證券股份有限公司,依票面金額之100~101%發行,1
2025-06-17,13:51:49,6177,達麗,bank,公告本公司國內第七次無擔保轉換公司債之轉換價格及溢價率及存儲專戶行庫,sii,1140617,1,,,,,,,,
2025-06-17,16:27:22,4588,玖鼎電力,withdraw,公告本公司申請撤銷辦理國內第一次無擔保轉換公司債案業經金管會核准,sii,1140617,1,,,,,,,,
2025-06-17,16:28:10,6156,松上,bank,公告本公司發行國內第五次無擔保轉換公司債之代收價款及存儲專戶行庫,otc,1140617,1,,,,,,,,
2025-06-18,15:07:39,3040,遠見,bank,公告本公司簽訂發行國內第一次無擔保轉換公司債之存儲專戶及代收價款專戶,sii,1140618,1,,,,,,,,
2025-06-26,16:58:42,4113,聯上,board,董事會決議通過發行國內第五次有擔保轉換公司債,otc,1140626,1,2025-06-26,5,有擔保,400000000,競價拍賣,合作金庫證券股份有限公司,"底標以不低於面額之102%發行,實際發行價格視競價拍賣結果而定。",1
2025-06-26,17:00:11,4113,聯上,board,董事會決議通過發行國內第六次無擔保轉換公司債,otc,1140626,2,2025-06-26,6,無擔保,300000000,競價拍賣,合作金庫證券股份有限公司,"底標以不低於面額為限,實際發行價格視競價拍賣結果而定。",1
2025-06-27,16:00:40,6021,美好證,withdraw,公告本公司擬向主管機關申請撤銷辦理國內第一次無擔保轉換公司債案,otc,1140624,2,,,,,,,,
2025-07-02,16:00:07,6021,美好證,withdraw,公告本公司撤銷辦理國內第一次無擔保轉換公司債案業經金管會核准,otc,1140701,1,,,,,,,,
2025-07-04,15:32:15,4722,國精化,board,本公司董事會決議發行國內第三次無擔保轉換公司債,sii,1140704,1,2025-07-04,3,無擔保,500000000,詢價圈購,富邦綜合證券股份有限公司,採詢價圈購方式:依票面金額之102%發行,1
2025-07-07,15:23:50,6163,華電網,bank,公告本公司簽訂國內第五次無擔保轉換公司債代收價款及存儲專戶行庫,otc,1140707,1,,,,,,,,
2025-07-10,13:32:21,6843,進典,bank,公告本公司國內第一次無擔保轉換公司債代收價款行庫及存儲專戶行庫,otc,1140710,1,,,,,,,,
2025-07-10,13:41:53,4168,醣聯,board,公告本公司董事會決議辦理發行國內第四次有擔保轉換公司債,otc,1140710,2,2025-07-10,4,有擔保,500000000,競價拍賣,授權董事長全權處理,按票面金額100%發行。,1
2025-07-10,14:30:33,3526,凡甲,bank,公告本公司簽訂發行第七次無擔保轉換公司債代收股款行庫及存儲專戶,otc,1140710,1,,,,,,,,
2025-07-11,15:39:02,4442,竣邦-KY,bank,公告本公司中華民國境內第一次無擔保轉換公司債之代收價款行庫及存儲專戶行庫,otc,1140711,1,,,,,,,,
2025-07-14,14:35:48,8299,群聯,board,公告本公司董事會決議發行國內第三次無擔保轉換公司債,otc,1140708,1,2025-07-14,3,無擔保,6000000000,詢價圈購,凱基證券股份有限公司,依票面金額100-101%發行,1
2025-07-14,15:18:21,8411,福貞-KY,bank,公告本公司中華民國境內第三次有擔保轉換公司債代收價款行庫及存儲專戶行庫,sii,1140714,1,,,,,,,,
2025-07-14,16:31:10,6843,進典,bank,公告本公司國內第一次無擔保轉換公司債代收價款行庫及存儲專戶行庫(更正事實發生日),otc,1140714,2,,,,,,,,
2025-07-15,13:44:51,2641,正德,bank,公告本公司發行國內第八次無擔保轉換公司債代收價款專戶及存儲專戶行庫,otc,1140715,1,,,,,,,,
2025-07-15,14:40:41,6982,大井泵浦,bank,公告本公司國內第一次及第二次無擔保轉換公司債代收價款行庫及存儲專戶行庫,otc,1140711,1,,,,,,,,
2025-07-16,08:17:20,3131,弘塑,bank,公告本公司發行國內第一次暨第二次無擔保轉換公司債案代收股款及存儲專戶,otc,1140716,1,,,,,,,,
2025-07-17,17:33:50,3167,大量,bank,公告本公司國內第二次無擔保轉換公司債代收價款及存儲專戶行庫,sii,1140717,3,,,,,,,,
2025-07-21,17:28:05,4438,廣越,board,本公司114年6月10日董事會決議發行國內第三次無擔保轉換公司債(補充公告發行價格及承銷方式),sii,1140721,2,2025-07-21,3,無擔保,800000000,競價拍賣,凱基證券股份有限公司,"暫定底標以不低於面額101%為限,實際募集金額依競價拍賣結果而定",1
2025-07-23,19:11:45,7556,意德士科技,bank,公告本公司發行國內第一次無擔保轉換公司債代收價款專戶及存儲專戶行庫,otc,1140723,1,,,,,,,,
2025-07-23,19:12:01,7556,意德士科技,bank,公告本公司發行國內第二次無擔保轉換公司債代收價款專戶及存儲專戶行庫,otc,1140723,2,,,,,,,,
2025-07-24,17:52:23,5439,高技,board,公告董事會決議發行國內第一次無擔保可轉換公司債,otc,1140724,1,2025-07-24,1,無擔保,2000000000,競價拍賣,凱基證券股份有限公司,"底標以不低於面額之101%為限,實際發行價格依競價拍賣結果而定",1
2025-07-29,17:50:13,6510,精測,board,公告本公司董事會決議發行國內第一次無擔保轉換公司債,otc,1140729,2,2025-07-29,1,無擔保,2000000000,競價拍賣,授權董事長全權處理,"底標以不低於面額100%為限,實際總發行金額依競價拍賣結果而定。",1
2025-07-31,17:23:35,1256,鮮活果汁-KY,board,本公司董事會決議發行中華民國境內第一次無擔保轉換公司債,sii,1140731,2,2025-07-31,1,無擔保,200000000,詢價圈購,兆豐證券股份有限公司,依票面金額之101.5%發行,1
2025-07-31,18:37:14,6576,逸達,board,公告本公司董事會決議發行114年國內第一次有擔保轉換公司債,otc,1140731,2,2025-07-31,1,有擔保,450000000,競價拍賣,授權董事長得全權處理,"底標以不低於票面金額之100%為限,實際總發行金額依競價拍賣結果而定",1
2025-08-01,14:12:54,6821,聯寶,bank,公告本公司簽訂發行國內第一次無擔保轉換公司債之存儲專戶及代收價款專戶,otc,1140731,1,,,,,,,,
2025-08-04,16:09:20,4772,台特化,board,公告本公司董事會決議發行國內第一次無擔保轉換公司債,otc,1140729,2,2025-08-04,1,無擔保,2000000000,詢價圈購,元大證券股份有限公司,依票面金額之100%~101%發行。,1
2025-08-05,17:50:15,4760,勤凱科技,board,本公司董事會決議通過變更發行國內第二次無擔保轉換公司債總面額案,otc,1140805,4,2025-08-05,2,無擔保,400000000,詢價圈購,授權董事長全權處理之,"依票面金額之100%-110%發行,暫定105%。",1
2025-08-06,13:40:28,4581,光隆精密-KY,bank,公告本公司中華民國境內第一次無擔保轉換公司債代收價款行庫及存儲專戶行庫,sii,1140806,1,,,,,,,,
2025-08-06,15:13:20,2402,毅嘉,board,本公司董事會決議發行國內第三次無擔保可轉換公司債,sii,1140805,2,2025-08-06,3,無擔保,1000000000,詢價圈購,兆豐證券(股)公司,依面額之102%發行,1
2025-08-06,15:59:30,4558,寶緯,bank,公告本公司國內第一次有擔保轉換公司債委託代收價款行庫及存儲專戶行庫,otc,1140806,2,,,,,,,,
2025-08-07,10:23:33,2743,山富,bank,公告本公司國內第一次無擔保轉換公司債代收價款行庫及存儲專戶行庫,otc,1140807,1,,,,,,,,
2025-08-07,13:32:07,8210,勤誠,board,本公司董事會決議發行國內第二次及第三次無擔保轉換公司債,sii,1140806,1,2025-08-07,"2,3",無擔保,1500000000,競價拍賣,元大證券股份有限公司,"國內第二、三次無擔保轉換公司債,擬採詢價圈購及競價拍賣承銷方式辦理對外公開承銷。採詢圈購依票面金額之100%~102%發",1
2025-08-08,13:50:15,3707,漢磊,bank,公告本公司簽訂發行國內第五次無擔保轉換公司債代收價款及存儲專戶行庫,otc,1140808,1,,,,,,,,
2025-08-08,17:14:31,7713,威力德生醫,board,公告本公司董事會決議發行國內第一次無擔保轉換公司債,otc,1140808,3,2025-08-08,1,無擔保,500000000,競價拍賣,台新綜合證券股份有限公司,"底標以不低於面額之101%為限,實際發行價格依競價拍賣結果而定。",1
2025-08-08,18:22:52,6219,富旺,board,本公司董事會決議發行國內第四次有擔保轉換公司債,otc,1140808,3,2025-08-08,4,有擔保,600000000,競價拍賣,授權董事長得全權處理,"底標以不低於面額之100.5%為限,每張實際發行價格依競價拍賣結果而定",1
2025-08-11,17:01:14,5201,凱衛,board,公告本公司董事會決議發行國內第一次有擔保轉換公司債,otc,1140811,4,2025-08-11,1,有擔保,100000000,競價拍賣,兆豐證券股份有限公司,"本案採競價拍賣方式公開銷售,底標以不低於票面金額之101%發行。",1
2025-08-11,17:50:23,8042,金山電,board,公告本公司董事會決議發行國內第六次無擔保轉換公司債,otc,1140811,2,2025-08-11,6,無擔保,350000000,詢價圈購,永豐金證券股份有限公司為主辦承銷商,以票面金額十足發行。,1
2025-08-12,14:47:01,6209,今國光,board,公告本公司董事會決議發行國內第三次有擔保轉換公司債,sii,1140725,1,2025-08-12,3,有擔保,450000000,競價拍賣,中國信託綜合證券股份有限公司,"底標不低於面額之100%發行,實際發行價格依競價拍賣結果而定。",1
2025-08-12,16:25:49,6904,伯鑫,board,公告本公司董事會決議擬發行國內第一次無擔保轉換公司債,otc,1140808,2,2025-08-12,1,無擔保,200000000,競價拍賣,授權由董事長決定之,(1)詢價圈購:依票面金額之105%發行(2)競價拍賣:底標以不低於票面金額之101%~102%訂定,1
2025-08-12,16:26:47,6207,雷科,bank,公告本公司簽訂發行第五次無擔保轉換公司債代收股款行庫及存儲專戶,otc,1140812,2,,,,,,,,
2025-08-12,16:58:50,6190,萬泰科,board,公告本公司董事會決議發行國內第七次無擔保轉換公司債,otc,1140812,2,2025-08-12,7,無擔保,1000000000,競價拍賣,國票綜合證券股份有限公司,暫定底標以票面金額之100~100.5%發行。,1
2025-08-12,19:15:01,2753,八方雲集,board,公告本公司董事會決議發行國內第一次暨第二次無擔保轉換公司債,sii,1140812,3,2025-08-12,"1,2",無擔保,800000000,競價拍賣,元大證券股份有限公司,(1)國內第一次無擔保轉換公司債依票面金額之100.5%發行。(2)國內第二次無擔保轉換公司債暫定底標以不低於面額100,1
2025-08-13,13:49:21,3687,歐買尬,board,本公司董事會決議發行國內第二次及第三次無擔保轉換公司債,otc,1140813,1,2025-08-12,"2,3",無擔保,400000000,競價拍賣,元富證券股份有限公司,"(1)國內第二次無擔保轉換公司債暫定以不低於票面金額之100%發行,實際發行金額依競價拍賣結果而定。(2)國內第三次無擔",1
2025-08-13,17:38:38,6274,台燿,board,本公司董事會決議發行國內第五次無擔保轉換公司債,otc,1140813,6,2025-08-13,5,無擔保,4000000000,詢價圈購,由董事會授權董事長全權處理,依票面金額100%~110%發行。,1
2025-08-13,19:48:58,3543,州巧,board,公告本公司董事會決議發行國內第一次有擔保轉換公司債,sii,1140813,6,2025-08-13,1,有擔保,400000000,競價拍賣,福邦證券股份有限公司,"底標以不低於票面金額之100%為限,每張實際發行價格依競價拍賣結果而定。",1
2025-08-15,16:58:32,2230,泰茂,withdraw,公告本公司自行撤回114年度國內第五次無擔保轉換公司債,otc,1140815,3,,,,,,,,
2025-08-18,15:44:13,7402,邑錡,bank,公告本公司發行國內第二次無擔保轉換公司債代收價款及存儲專戶行庫,otc,1140815,1,,,,,,,,
2025-08-19,14:59:16,6207,雷科,bank,公告本公司簽訂發行第六次無擔保轉換公司債代收股款行庫及存儲專戶,otc,1140819,1,,,,,,,,
2025-08-20,18:36:04,5439,高技,bank,公告本公司發行國內第一次無擔保轉換公司債代收價款行庫及存儲專戶行庫。,otc,1140820,1,,,,,,,,
2025-08-22,16:46:38,6533,晶心科,bank,公告本公司國內第一次無擔保轉換公司債代收價款行庫及存儲專戶行庫,sii,1140822,1,,,,,,,,
2025-08-27,14:42:37,4438,廣越,bank,公告本公司國內第三次無擔保轉換公司債代收價款行庫及存儲專戶行庫,sii,1140827,1,,,,,,,,
2025-08-27,15:20:50,4168,醣聯,bank,公告本公司國內第四次有擔保轉換公司債代收價款行庫及存儲專戶行庫,otc,1140827,1,,,,,,,,
2025-08-27,18:26:41,3037,欣興,board,公告本公司董事會決議發行國內第一次無擔保可轉換公司債,sii,1140827,2,2025-08-27,1,無擔保,4000000000,詢價圈購,中國信託綜合證券股份有限公司,依票面金額100%~102%發行,1
2025-09-04,13:55:59,3684,榮昌,board,本公司(榮昌科技)董事會決議發行國內第一次無擔保轉換公司債,otc,1140904,2,2025-09-04,1,無擔保,300000000,詢價圈購,群益金鼎證券股份有限公司,依票面金額之100%~101%發行,1
2025-09-04,16:31:06,2368,金像電,board,公告董事會決議發行國內第三次無擔保可轉換公司債,sii,1140902,1,2025-09-04,3,無擔保,9000000000,競價拍賣,富邦綜合證券股份有限公司,依競價拍賣結果而定,1
2025-09-05,15:52:24,3284,太普高,bank,公告本公司發行國內第三次無擔保轉換公司債之代收價款及存儲專戶行庫,otc,1140905,1,,,,,,,,
2025-09-09,15:23:28,8404,百和興業-KY,bank,公告本公司發行中華民國境內第一次有擔保轉換公司債之代收價款行庫及存儲專戶行庫,sii,1140909,2,,,,,,,,
2025-09-10,14:01:43,3687,歐買尬,bank,公告本公司國內第二次及第三次無擔保轉換公司債委託代收價款及存儲專戶行庫,otc,1140910,1,,,,,,,,
2025-09-10,16:30:25,6957,裕慶-KY,bank,公告本公司簽訂發行中華民國境內第一次無擔保轉換公司債代收股款行庫及存儲專戶,sii,1140910,1,,,,,,,,
2025-09-17,15:02:56,5309,系統電,board,本公司董事會決議通過發行國內第六次無擔保轉換公司債暨國內第七次無擔保轉換公司債,otc,1140917,2,2025-09-17,"6,7",無擔保,700000000,競價拍賣,富邦綜合證券股份有限公司,"國內第六次無擔保轉換公司債:依票面金額之100.5%發行國內第七次無擔保轉換公司債:底標暫定為面額之101%,每張實際發",1
2025-09-17,15:48:22,6576,逸達,board,公告本公司董事會決議調整發行114年國內第一次有擔保轉換公司債,otc,1140917,2,2025-09-17,1,有擔保,400000000,競價拍賣,授權董事長得全權處理,"底標以不低於票面金額之100%為限,實際總發行金額依競價拍賣結果而定",1
2025-09-18,13:53:59,6477,安集,bank,公告本公司國內第五次無擔保轉換公司債代收價款及存儲專戶行庫,sii,1140918,1,,,,,,,,
2025-09-18,15:23:27,3257,虹冠電,withdraw,公告本公司向主管機關自行撤回國內第一次無擔保轉換公司債發行及轉換辦法修訂案,sii,1140918,1,,,,,,,,
2025-09-19,14:32:30,1256,鮮活果汁-KY,bank,公告本公司中華民國境內第一次無擔保轉換公司債之代收價款行庫及存儲專戶行庫,sii,1140919,1,,,,,,,,
2025-09-19,16:42:15,7713,威力德生醫,bank,公告本公司國內第一次無擔保轉換公司債代收價款及存儲專戶行庫,otc,1140919,1,,,,,,,,
2025-09-19,18:05:41,2753,八方雲集,bank,公告本公司發行國內第一次暨第二次無擔保轉換公司債之代收價款行庫及存儲專戶行庫,sii,1140919,1,,,,,,,,
2025-09-22,14:54:50,4722,國精化,bank,公告本公司國內第三次無擔保轉換公司債代收價款行庫及存儲專戶行庫,sii,1140922,1,,,,,,,,
2025-09-22,15:07:55,5201,凱衛,bank,公告本公司發行國內第一次有擔保轉換公司債之委託代收價款行庫及存儲專戶行庫,otc,1140922,1,,,,,,,,
2025-09-22,18:07:29,6219,富旺,bank,公告本公司發行國內第四次有擔保轉換公司債之委託代收價款行庫及存儲專戶行庫,otc,1140922,1,,,,,,,,
2025-09-24,14:43:07,3188,鑫龍騰,withdraw,公告本公司擬向金融監督管理委員會申請撤銷辦理國內第三次無擔保轉換公司債案,otc,1140924,2,,,,,,,,
2025-09-24,22:12:30,6796,晉弘,board,本公司董事會決議發行國內第二次無擔保轉換公司債,sii,1140924,2,2025-09-24,2,無擔保,200000000,競價拍賣,主辦承銷商富邦證券股份有限公司,"採競價拍賣或詢價圈購方式擇一辦理公開承銷,若採競價拍賣底標以不低於面額之100%為限,每張實際發行價格依競價拍賣結果而定",1
2025-09-25,13:55:56,6862,三集瑞-KY,board,公告本公司董事會決議辦理發行國內第1次無擔保轉換公司債,sii,1140925,2,2025-09-25,1,無擔保,1000000000,詢價圈購,華南永昌綜合證券股份有限公司,依面額之100~101%發行,1
2025-09-25,17:00:42,6715,嘉基,withdraw,公告本公司向主管機關自行撤回國內第二次無擔保轉換公司債發行及轉換辦法修訂案,sii,1140924,1,,,,,,,,
2025-09-26,16:32:52,6163,華電網,bank,公告本公司簽訂國內第五次無擔保轉換公司債代收價款及存儲專戶行庫(補充114.07.07之重大訊息),otc,1140926,1,,,,,,,,
2025-09-30,17:24:52,6209,今國光,bank,公告本公司國內第三次有擔保轉換公司債之代收價款及存儲專戶行庫,sii,1140930,1,,,,,,,,
2025-10-03,14:13:26,6890,來億-KY,board,公告本公司董事會決議發行中華民國境內第一次暨第二次無擔保轉換公司債,sii,1141003,2,2025-10-03,"1,2",無擔保,5050000000,競價拍賣,授權董事長全權處理之,"第一次發行採詢價圈購方式辦理,依票面金額之100~101%發行;第二次發行採競價拍賣方式辦理,底標以不低於面額之101%",1
2025-10-03,15:40:29,3188,鑫龍騰,withdraw,公告本公司申請撤銷辦理國內第三次無擔保轉換公司債案業經金融監督管理委員會核准,otc,1141003,2,,,,,,,,
2025-10-03,16:34:52,3551,世禾,bank,公告本公司國內第三次無擔保轉換公司債代收價款行庫及存儲專戶行庫,otc,1141003,2,,,,,,,,
2025-10-03,17:36:44,3701,大眾控,board,董事會決議本公司發行國內第三次無擔保轉換公司債,sii,1141003,2,2025-10-03,3,無擔保,600000000,競價拍賣,富邦證券股份有限公司,"暫訂以不低於票面金額之100%發行,實際發行金額依競價拍賣結果而定",1
2025-10-07,16:06:29,6442,光聖,board,公告本公司董事會決議發行國內第二次無擔保轉換公司債,sii,1141007,1,2025-10-07,2,無擔保,1000000000,詢價圈購,台新綜合證券股份有限公司,暫定依票面金額之100%~103%發行,1
2025-10-07,16:06:57,6442,光聖,board,公告本公司董事會決議發行國內第三次無擔保轉換公司債,sii,1141007,2,2025-10-07,3,無擔保,1500000000,競價拍賣,台新綜合證券股份有限公司,不低於票面金額發行,1
2025-10-13,16:50:30,6190,萬泰科,bank,公告本公司國內第七次無擔保轉換公司債代收價款及存儲專戶行庫,otc,1141013,1,,,,,,,,
2025-10-14,14:35:08,3684,榮昌,bank,公告本公司發行國內第一次無擔保轉換公司債代收價款行庫及存儲專戶行庫。,otc,1141014,1,,,,,,,,
2025-10-14,18:48:15,4540,全球傳動,withdraw,公告本公司向主管機關自行撤回國內第一次有擔保轉換公司債及國內第二次無擔保轉換公司債發行及轉換辦法修訂案,sii,1141014,1,,,,,,,,
2025-10-15,15:39:29,4739,康普,board,公告本公司董事會決議發行國內第四次有擔保轉換公司債,sii,1141015,2,2025-10-15,4,有擔保,600000000,競價拍賣,福邦證券股份有限公司,"暫定以不低於面額發行,實際總發行金額依競價拍賣結果而定,底標以不低於面額為限。",1
2025-10-16,15:54:21,2732,六角,board,公告本公司董事會決議發行國內第四次無擔保轉換公司債,otc,1141016,1,2025-10-16,4,無擔保,600000000,詢價圈購,華南永昌綜合證券股份有限公司,依面額十足發行,1
2025-10-21,16:23:50,3037,欣興,bank,公告本公司國內第一次無擔保轉換公司債代收價款行庫及存儲專戶行庫,sii,1141021,1,,,,,,,,
2025-10-22,18:44:47,3135,凌航,board,公告本公司董事會決議發行國內第一次無擔保可轉換公司債,sii,1141022,1,2025-10-22,1,無擔保,1000000000,詢價圈購,統一綜合證券股份有限公司,依票面金額100-101%發行,1
2025-10-23,15:33:26,3290,東浦,board,公告本公司董事會決議發行國內第四次暨第五次無擔保轉換公司債,otc,1141023,3,2025-10-23,"4,5",無擔保,700000000,競價拍賣,台新綜合證券股份有限公司,(1)國內第四次無擔保轉換公司債依票面金額之100~100.5%發行。(2)國內第五次無擔保轉換公司債暫定底標以不低於面,1
2025-10-27,18:42:05,3715,定穎投控,board,本公司董事會決議發行國內第一次無擔保轉換公司債,sii,1141027,2,2025-10-27,1,無擔保,500000000,詢價圈購,凱基證券股份有限公司,暫定以不低於面額之100.5%~101%發行,1
2025-10-27,18:42:45,3715,定穎投控,board,本公司董事會決議發行國內第二次無擔保轉換公司債,sii,1141027,3,2025-10-27,2,無擔保,1000000000,競價拍賣,凱基證券股份有限公司,暫定以不低於面額之102%發行,1
2025-10-28,14:16:54,6274,台燿,bank,公告本公司國內第五次無擔保轉換公司債代收價款行庫及存儲專戶行庫,otc,1141028,1,,,,,,,,
2025-10-29,13:32:09,2301,光寶科,board,公告本公司董事會決議發行國內第一次無擔保轉換公司債,sii,1141021,1,2025-10-29,1,無擔保,4000000000,競價拍賣,授權董事長或其指定之人員全權處理之,"底標不低於面額之101%發行,實際總發行金額以競價拍賣結果而定。",1
2025-10-29,13:32:47,2301,光寶科,board,公告本公司董事會決議發行國內第二次無擔保轉換公司債,sii,1141021,2,2025-10-29,2,無擔保,8000000000,詢價圈購,授權董事長或其指定之人員全權處理之,以不低於票面金額100%發行。,1
2025-10-29,16:41:45,2329,華泰,board,公告本公司董事會決議通過發行國內第一次無擔保轉換公司債,sii,1141029,5,2025-10-29,1,無擔保,2500000000,詢價圈購,授權董事長全權處理,以票面金額之100%~102%發行,1
2025-10-30,13:46:29,3032,偉訓,bank,公告本公司國內第一次及第二次無擔保轉換公司債代收價款行庫及存儲專戶行庫,sii,1141030,1,,,,,,,,
2025-10-30,17:02:45,2455,全新,board,公告本公司董事會決議發行國內第二次無擔保轉換公司債,sii,1141030,2,2025-10-30,2,無擔保,500000000,詢價圈購,授權董事長全權處理,暫定依票面金額之100%~110%發行,1
2025-10-30,17:03:41,2455,全新,board,公告本公司董事會決議發行國內第三次無擔保轉換公司債,sii,1141030,3,2025-10-30,3,無擔保,500000000,競價拍賣,授權董事長全權處理,暫定以不低於面額之102%發行,1
2025-10-31,17:42:37,2368,金像電,bank,公告本公司國內第三次無擔保轉換公司債代收價款行庫及存儲專戶行庫,sii,1141031,1,,,,,,,,
2025-11-04,15:06:08,2402,毅嘉,bank,公告本公司發行國內第三次無擔保轉換公司債之委託代收價款行庫及存儲專戶行庫,sii,1141104,1,,,,,,,,
2025-11-05,16:16:24,2233,宇隆,board,公告本公司董事會決議發行國內第一次無擔保轉換公司債,sii,1141105,3,2025-11-05,1,無擔保,1300000000,詢價圈購,授權董事長全權處理,以票面金額之100%~102%發行,1
2025-11-06,17:23:52,6547,高端疫苗,board,本公司董事會決議發行國內第二次有擔保轉換公司債,otc,1141105,15,2025-11-06,2,有擔保,750000000,競價拍賣,授權董事長得全權處理,"底標以不低於面額100.5%發行,實際發行價格依競價拍賣結果而定。",1
2025-11-07,14:38:55,6672,騰輝電子-KY,board,董事會決議擬發行中華民國境內第一次無擔保轉換公司債,sii,1141030,1,2025-11-07,1,無擔保,500000000,詢價圈購,永豐金證券股份有限公司,依票面金額100%~101%發行,1
2025-11-07,14:40:12,6672,騰輝電子-KY,board,董事會決議擬發行中華民國境內第二次無擔保轉換公司債,sii,1141030,2,2025-11-07,2,無擔保,500000000,競價拍賣,永豐金證券股份有限公司,"實際發行價格視競價拍賣結果而定,底標不低於票面金額",1
2025-11-07,15:18:23,8021,尖點,board,公告本公司董事會決議發行國內第二次無擔保轉換公司債,sii,1141105,4,2025-11-07,2,無擔保,700000000,競價拍賣,授權董事長全權處理之,以不低於票面金額100%發行。,1
2025-11-07,15:29:48,2467,志聖,board,本公司董事會決議通過發行國內第二次無擔保轉換公司債暨國內第三次無擔保轉換公司債,sii,1141107,3,2025-11-07,"2,3",無擔保,700000000,競價拍賣,富邦綜合證券股份有限公司,"國內第二次無擔保轉換公司債:依票面金額之100%~105%發行國內第三次無擔保轉換公司債:底標以不低於面額為限,每張實際",1
2025-11-07,17:19:54,4540,全球傳動,withdraw,公告本公司國內第二次無擔保轉換公司債發行及轉換辦法向主管機關自行撤回後不再辦理修正事宜經董事會通過,sii,1141106,3,,,,,,,,
2025-11-10,15:24:10,6913,鴻呈,board,公告本公司董事會決議發行國內第一次無擔保轉換公司債,otc,1141110,4,2025-11-10,1,無擔保,450000000,競價拍賣,授權董事長全權處理,"採競價拍賣方式辦理公開承銷,暫定以不低於面額為限,實際總發行金額依競價拍賣結果而定",1
2025-11-10,15:45:47,2745,五福,board,公告本公司董事會決議發行國內第一次無擔保轉換公司債,otc,1141110,3,2025-11-10,1,無擔保,300000000,競價拍賣,台新綜合證券股份有限公司,依面額十足發行。,1
2025-11-10,20:57:04,6128,上福,withdraw,公告本公司董事會決議取消發行國內第一次無擔保轉換公司債,sii,1141110,5,,,,,,,,
2025-11-11,14:04:19,8111,立碁,board,本公司董事會決議發行國內第四次無擔保轉換公司債,otc,1141107,1,2025-11-11,4,無擔保,500000000,詢價圈購,群益金鼎證券股份有限公司,依票面金額100%~101%發行,1
2025-11-11,15:45:22,4772,台特化,bank,公告本公司發行國內第一次無擔保轉換公司債之代收價款行庫及存儲專戶行庫,otc,1141105,1,,,,,,,,
2025-11-11,16:17:11,5534,長虹,board,本公司董事會決議通過發行國內第四次無擔保可轉換公司債,sii,1141111,3,2025-11-11,4,無擔保,1500000000,詢價圈購,群益金鼎證券股份有限公司,依票面金額之100%~101%發行。,1
2025-11-11,19:34:21,6603,富強鑫,board,本公司董事會決議辦理發行國內第四次無擔保轉換公司債,otc,1141111,8,2025-11-11,4,無擔保,400000000,詢價圈購,統一綜合證券股份有限公司,依票面金額十足發行。,1
2025-11-11,20:54:18,3702,大聯大,board,本公司董事會決議發行第一次無擔保交換公司債,sii,1141111,8,2025-11-11,1,無擔保,3000000000,詢價圈購,授權董事長決定,依票面金額之100%~101%發行,1
2025-11-12,13:48:15,6890,來億-KY,bank,公告本公司中華民國境內第一次及第二次無擔保轉換公司債代收價款行庫及存儲專戶行庫,sii,1141112,1,,,,,,,,
2025-11-12,15:24:38,2762,世界健身-KY,board,公告本公司董事會決議發行中華民國境內第一次無擔保轉換公司債,sii,1141112,5,2025-11-12,1,無擔保,500000000,詢價圈購,授權董事長全權處理之,"採詢價圈購方式辦理,依票面金額之100~101%發行。",1
2025-11-12,16:32:51,3260,威剛,board,公告本公司董事會決議發行國內第八次無擔保轉換公司債,otc,1141111,3,2025-11-12,8,無擔保,2000000000,詢價圈購,群益金鼎證券股份有限公司,票面金額100%發行,1
2025-11-12,17:07:44,8476,台境*,board,本公司董事會決議發行國內第二次無擔保轉換公司債,sii,1141112,4,2025-11-12,2,無擔保,250000000,詢價圈購,授權董事長全權處理,暫定依票面金額之100%~101%發行,1
2025-11-13,13:36:08,6442,光聖,bank,公告本公司國內第二次無擔保轉換公司債代收價款及存儲專戶行庫,sii,1141113,1,,,,,,,,
2025-11-13,15:56:12,6101,寬魚國際,board,公告本公司董事會決議發行國內第一次有擔保轉換公司債暨國內第二次無擔保轉換公司債,otc,1141113,2,2025-11-13,"1,2",有擔保,150000000,競價拍賣,富邦綜合證券股份有限公司,"國內第一次有擔保轉換公司債以不低於票面金額100.5%發行,實際發行價格依競價拍賣結果而定。國內第二次無擔保轉換公司債依",1
2025-11-13,16:45:09,8467,波力-KY,board,董事會決議擬發行中華民國境內第四次有擔保轉換公司債,sii,1141113,3,2025-11-13,4,有擔保,210000000,競價拍賣,富邦綜合證券股份有限公司,"實際發行價格視競價拍賣結果而定,底標以不低於票面金額之100.5%為限。",1
2025-11-13,16:55:13,3717,聯嘉投控,board,公告本公司董事會決議辦理發行國內第一次有擔保轉換公司債,sii,1141113,5,2025-11-13,1,有擔保,700000000,競價拍賣,授權董事長全權處理,按票面金額100%發行。,1
2025-11-13,16:55:16,8467,波力-KY,board,董事會決議擬發行中華民國境內第五次無擔保轉換公司債,sii,1141113,4,2025-11-13,5,無擔保,390000000,詢價圈購,富邦綜合證券股份有限公司,按票面金額之100.5%發行。,1
2025-11-13,17:02:14,6472,保瑞,board,公告董事會決議發行本公司國內第四次暨第五次無擔保可轉換公司債,sii,1141113,3,2025-11-13,"4,5",無擔保,2000000000,競價拍賣,台新綜合證券股份有限公司,(1)國內第四次無擔保可轉換公司債依票面金額之100%~103%發行(2)國內第五次無擔保可轉換公司債將以底標不低於面額,1
2025-11-14,17:11:59,3717,聯嘉投控,board,(更正)公告本公司董事會決議辦理發行國內第一次有擔保轉換公司債,sii,1141114,1,2025-11-13,1,有擔保,700000000,競價拍賣,授權董事長全權處理,按票面金額100%發行。,1
2025-11-14,21:44:00,8431,匯鑽科,board,本公司董事會決議發行國內第二次無擔保轉換公司債,otc,1141114,4,2025-11-14,2,無擔保,300000000,,待定,按面額十足發行,1
2025-11-17,15:30:31,6101,寬魚國際,board,更正114/11/13公告本公司董事會決議發行國內第一次有擔保轉換公司債暨國內第二次無擔保轉換公司債,otc,1141117,1,2025-11-13,"1,2",有擔保,150000000,競價拍賣,富邦綜合證券股份有限公司,"國內第一次有擔保轉換公司債以不低於票面金額100.5%發行,實際發行價格依競價拍賣結果而定。國內第二次無擔保轉換公司債依",1
2025-11-17,16:32:42,8431,匯鑽科,board,補充說明︰本公司董事會決議發行國內第二次無擔保轉換公司債,otc,1141117,1,2025-11-17,2,無擔保,300000000,詢價圈購,華南永昌綜合證券股份有限公司,按票面金額之100%發行,1
2025-11-18,13:49:34,2732,六角,bank,公告本公司國內第四次無擔保轉換公司債之委託代收價款及存儲專戶契約訂定,otc,1141118,1,,,,,,,,
2025-11-19,15:39:42,3135,凌航,bank,公告本公司國內第一次無擔保轉換公司債代收價款及存儲專戶行庫,sii,1141119,1,,,,,,,,
2025-11-21,16:15:36,4739,康普,bank,公告本公司國內第四次有擔保轉換公司債代收價款及存儲專戶行庫,sii,1141121,1,,,,,,,,
2025-11-21,16:16:20,6199,天品,board,公告本公司董事會決議發行國內第三次有擔保轉換公司債暨國內第四次無擔保轉換公司債,otc,1141121,4,2025-11-21,"3,4",有擔保,250000000,競價拍賣,群益金鼎證券股份有限公司,"國內第三次有擔保轉換公司債以不低於票面金額100%發行,實際發行價格依競價拍賣結果而定。國內第四次無擔保轉換公司債依票面",1
2025-11-22,11:00:40,3149,正達,board,本公司董事會決議發行國內第四次有擔保轉換公司債,sii,1141120,2,2025-11-22,4,有擔保,650000000,競價拍賣,未定,不低於面額之100%,1
2025-11-24,13:55:49,5309,系統電,bank,公告本公司簽訂國內第六次無擔保轉換公司債暨國內第七次無擔保轉換公司債之委託代收價款合約及委託存儲價款合約,otc,1141118,1,,,,,,,,
2025-11-24,15:04:28,6199,天品,board,更正114/11/21公告本公司董事會決議發行國內第三次有擔保轉換公司債暨國內第四次無擔保轉換公司債(更正無擔保轉換公司債發行總面額),otc,1141124,1,2025-11-21,"3,4",有擔保,250000000,競價拍賣,群益金鼎證券股份有限公司,"國內第三次有擔保轉換公司債以不低於票面金額100%發行,實際發行價格依競價拍賣結果而定。國內第四次無擔保轉換公司債依票面",1
2025-11-25,16:51:07,6191,精成科,withdraw,公告本公司擬向金融監督管理委員會申請撤銷辦理國內第二次無擔保轉換公司債案,sii,1141125,1,,,,,,,,
2025-11-26,16:06:59,2745,五福,board,公告本公司董事會決議發行國內第一次無擔保轉換公司債(更正面額),otc,1141126,1,2025-11-10,1,無擔保,300000000,競價拍賣,台新綜合證券股份有限公司,依面額十足發行。,1
2025-11-26,16:47:32,3011,今皓,board,本公司董事會決議辦理發行國內第二次有擔保轉換公司債案,sii,1141118,1,2025-11-26,2,有擔保,450000000,競價拍賣,群益金鼎證券股份有限公司,"採競價拍賣方式辦理公開承銷,暫定底標以不低於面額之100%發行,實際總發行金額依競價拍賣結果而定。",1
2025-11-27,14:11:33,4967,十銓,board,公告本公司董事會決議發行國內第四次有擔保轉換公司債,sii,1141127,1,2025-11-27,4,有擔保,2000000000,競價拍賣,永豐金證券股份有限公司,"底標不低於面額,實際總發行金額依競價拍賣結果而定。",1
2025-11-27,14:25:17,6796,晉弘,bank,公告本公司國內第二次無擔保轉換公司債委託代收價款及存儲專戶行庫,sii,1141127,2,,,,,,,,
2025-12-01,15:48:14,3543,州巧,bank,公告本公司國內第一次有擔保轉換公司債代收價款行庫及存儲專戶行庫,sii,1141201,1,,,,,,,,
2025-12-02,14:03:25,6442,光聖,bank,公告本公司國內第三次無擔保轉換公司債代收價款及存儲專戶行庫,sii,1141202,1,,,,,,,,
2025-12-04,14:34:50,6904,伯鑫,bank,公告本公司發行國內第一次無擔保轉換公司債之代收價款行庫及存儲專戶行庫,otc,1141204,1,,,,,,,,
2025-12-04,15:42:34,2745,五福,bank,公告本公司國內第一次無擔保轉換公司債代收價款行庫及存儲專戶行庫,otc,1141204,1,,,,,,,,
2025-12-04,17:10:19,6191,精成科,withdraw,公告本公司申請撤銷辦理國內第二次無擔保轉換公司債案業經金管會核准,sii,1141204,1,,,,,,,,
2025-12-05,16:17:15,4714,永捷,board,本公司董事會決議發行國內第八次有擔保可轉換公司債,otc,1141205,1,2025-12-05,8,有擔保,300000000,競價拍賣,元富證券股份有限公司,國內第八次有擔保可轉換公司債按票面金額十足發行,1
2025-12-08,14:10:00,8042,金山電,bank,公告本公司國內第六次無擔保轉換公司債代收價款行庫及存儲專戶行庫,otc,1141208,1,,,,,,,,
2025-12-10,14:32:45,1727,中華化,board,公告本公司董事會決議發行國內第二次無擔保轉換公司債,sii,1141209,1,2025-12-10,2,無擔保,600000000,詢價圈購,富邦綜合證券股份有限公司,依票面金額之100.5%~101%發行,1
2025-12-10,14:59:05,6510,精測,bank,公告本公司發行國內第一次無擔保轉換公司債之代收價款行庫及存儲專戶行庫,otc,1141210,1,,,,,,,,
2025-12-10,16:34:17,6515,穎崴,board,本公司董事會決議發行國內第二次無擔保轉換公司債,sii,1141210,1,2025-12-10,2,無擔保,3000000000,競價拍賣,凱基證券股份有限公司,"底標暫定以不低於票面金額之103%,實際總發行金額依競價拍賣結果而定。",1
2025-12-11,14:19:58,6894,衛司特,board,公告本公司董事會決議發行國內第一次無擔保轉換公司債,otc,1141210,1,2025-12-11,1,無擔保,300000000,詢價圈購,兆豐證券股份有限公司,依票面金額之102%發行,1
2025-12-11,14:33:39,2374,佳能,board,本公司董事會決議發行國內第二次無擔保轉換公司債,sii,1141211,2,2025-12-11,2,無擔保,300000000,詢價圈購,凱基證券股份有限公司,依票面金額之100%~101%發行,1
2025-12-11,16:35:01,4923,力士,board,公告本公司董事會決議發行國內第一次無擔保轉換公司債,otc,1141211,1,2025-12-11,1,無擔保,250000000,詢價圈購,統一綜合證券股份有限公司,依票面金額100%發行,1
2025-12-12,16:12:52,3294,英濟,board,本公司董事會決議發行國內第三次有擔保轉換公司債,otc,1141212,2,2025-12-12,3,有擔保,300000000,競價拍賣,台新綜合證券股份有限公司,"暫定底標以不低於票面金額100%為限,實際總發行金額依競價拍賣結果而定",1
2025-12-16,15:57:56,6670,復盛應用,bank,公告本公司國內第二次無擔保轉換公司債代收價款行庫及存儲專戶行庫,sii,1141216,1,,,,,,,,
2025-12-16,17:37:10,8431,匯鑽科,bank,公告本公司國內第二次無擔保轉換公司債代收價款行庫,otc,1141216,3,,,,,,,,
2025-12-17,18:53:51,3324,雙鴻,board,本公司董事會決議發行國內第六次及第七次無擔保轉換公司債,otc,1141217,1,2025-12-17,"6,7",無擔保,3000000000,競價拍賣,凱基證券股份有限公司,(1)國內第六次無擔保轉換公司債:暫定依票面金額之100%~101%發行(2)國內第七次無擔保轉換公司債:暫定底標以不低,1
2025-12-19,17:32:25,2467,志聖,bank,公告本公司國內第二次無擔保轉換公司債暨國內第三次無擔保轉換公司債之委託代收價款行庫及委託存儲價款行庫,sii,1141219,4,,,,,,,,
2025-12-19,18:01:36,6576,逸達,board,補充說明114/07/31董事會決議發行114年國內第一次有擔保轉換公司債相關事宜,otc,1141219,1,2025-12-19,1,有擔保,400000000,競價拍賣,元富證券股份有限公司(補充說明),"底標以不低於票面金額之100%為限,實際總發行金額依競價拍賣結果而定",1
2025-12-19,20:11:45,6807,峰源-KY,withdraw,董事會決議取消發行中華民國境內第一次無擔保轉換公司債,sii,1141219,2,,,,,,,,
2025-12-22,17:55:35,3605,宏致,board,公告本公司董事會決議通過發行國內第四次無擔保轉換公司債,sii,1141219,4,2025-12-22,4,無擔保,1000000000,詢價圈購,凱基證券股份有限公司,依票面金額100.5%~102%發行,1
2025-12-24,15:06:28,4967,十銓,bank,公告本公司國內第四次有擔保轉換公司債代收價款行庫及存儲專戶行庫,sii,1141224,1,,,,,,,,
2025-12-24,16:16:14,3702,大聯大,bank,公告本公司國內第一次無擔保交換公司債委託代收價款行庫及存儲專戶行庫,sii,1141224,1,,,,,,,,
2025-12-24,17:28:18,3260,威剛,bank,公告本公司發行國內第八次無擔保轉換公司債代收價款及存儲專戶行庫,otc,1141224,1,,,,,,,,
2025-12-29,15:39:07,6199,天品,bank,公告本公司簽訂發行第三次有擔保轉換公司債代收股款行庫及存儲專戶,otc,1141229,1,,,,,,,,
2025-12-29,15:39:40,6199,天品,bank,公告本公司簽訂發行第四次無擔保轉換公司債代收股款行庫及存儲專戶,otc,1141229,2,,,,,,,,
2025-12-30,14:52:06,8021,尖點,bank,公告本公司國內第二次無擔保轉換公司債代收價款及存儲專戶行庫,sii,1141230,1,,,,,,,,
2025-12-30,21:58:42,3717,聯嘉投控,bank,公告本公司國內第一次有擔保轉換公司債代收價款行庫及存儲專戶行庫,sii,1141230,1,,,,,,,,
2026-01-02,17:54:54,3715,定穎投控,bank,公告本公司國內第一次無擔保轉換公司債之代收價款專戶及存儲專戶,sii,1150102,2,,,,,,,,
2026-01-06,15:59:37,2455,全新,bank,公告本公司國內第二次及第三次無擔保轉換公司債代收價款行庫及存儲專戶行庫,sii,1150106,1,,,,,,,,
2026-01-06,18:00:06,8210,勤誠,bank,公告本公司國內第二次及第三次無擔保轉換公司債代收價款行庫及存儲專戶行庫,sii,1150106,2,,,,,,,,
2026-01-06,18:33:32,8299,群聯,bank,公告本公司國內第三次無擔保轉換公司債代收價款及存儲專戶行庫,otc,1141230,4,,,,,,,,
2026-01-06,19:59:45,8299,群聯,bank,本公司於115/01/06誤發重大訊息(主旨：公告本公司國內第三次無擔保轉換公司債代收價款及存儲專戶行庫），故發出更正公告。,otc,1150106,2,,,,,,,,
2026-01-08,15:56:26,6101,寬魚國際,bank,公告本公司簽訂國內第一次有擔保轉換公司債暨國內第二次無擔保轉換公司債之代收價款及存儲專戶行庫,otc,1150108,1,,,,,,,,
2026-01-08,16:31:07,2233,宇隆,bank,公告本公司國內第一次無擔保轉換公司債代收價款行庫及存儲專戶行庫,sii,1150108,1,,,,,,,,
2026-01-09,18:36:16,2329,華泰,bank,公告本公司簽訂發行國內第一次無擔保轉換公司債代收股款行庫及存儲專戶,sii,1150109,1,,,,,,,,
2026-01-13,18:39:45,3290,東浦,withdraw,公告本公司擬向主管機關申請撤銷辦理國內第四次暨第五次無擔保轉換公司債案,otc,1150113,1,,,,,,,,
2026-01-14,13:44:22,6672,騰輝電子-KY,bank,公告本公司中華民國境內第一次無擔保轉換公司債代收股款行庫及存儲專戶行庫,sii,1150109,3,,,,,,,,
2026-01-14,13:44:47,6672,騰輝電子-KY,bank,公告本公司中華民國境內第二次無擔保轉換公司債代收股款行庫及存儲專戶行庫,sii,1150109,4,,,,,,,,
2026-01-14,16:23:22,4923,力士,bank,公告本公司國內第一次無擔保轉換公司債代收價款及存儲專戶行庫,otc,1150114,1,,,,,,,,
2026-01-15,17:21:23,3587,閎康,bank,公告本公司國內第二次無擔保轉換公司債代收價款行庫及存儲專戶行庫,otc,1150115,1,,,,,,,,
2026-01-16,13:37:39,6515,穎崴,bank,公告本公司國內第二次無擔保轉換公司債之代收價款行庫及存儲專戶行庫,sii,1150116,1,,,,,,,,
2026-01-16,14:11:05,2374,佳能,bank,公告本公司簽訂發行國內第二次無擔保轉換公司債之存儲專戶及代收價款專戶,sii,1150116,1,,,,,,,,
2026-01-19,14:30:37,8299,群聯,bank,公告本公司國內第三次無擔保轉換公司債代收價款及存儲專戶行庫,otc,1150116,1,,,,,,,,
2026-01-22,15:46:16,6913,鴻呈,bank,公告本公司國內第一次無擔保轉換公司債委託代收價款行庫及存儲專戶行庫,otc,1150122,1,,,,,,,,
2026-01-23,17:29:33,2236,百達-KY,bank,公告本公司中華民國境內第三次無擔保轉換公司債代收價款行庫及存儲專戶行庫,sii,1150123,1,,,,,,,,
2026-01-30,15:36:47,5536,聖暉*,board,本公司代重要子公司聖暉系統集成集團股份有限公司公告董事會決議發行無擔保可轉換公司債,otc,1150130,2,2026-01-30,1,無擔保,550000000,,待定,按面額發行,1
2026-01-30,16:39:14,2236,百達-KY,bank,公告更正本公司中華民國境內第三次無擔保轉換公司債代收價款行庫及存儲專戶行庫,sii,1150130,1,,,,,,,,
2026-02-03,16:50:43,3324,雙鴻,bank,公告本公司簽訂發行第六次、第七次無擔保轉換公司債代收股款行庫及存儲專戶,otc,1150203,1,,,,,,,,
2026-02-06,16:14:12,6862,三集瑞-KY,bank,公告本公司簽訂發行中華民國境內第一次無擔保轉換公司債代收股款行庫及存儲專戶,sii,1150206,3,,,,,,,,
2026-02-11,13:43:54,3011,今皓,bank,公告本公司國內第二次有擔保轉換公司債代收價款行庫及存儲專戶行庫,sii,1150211,2,,,,,,,,
2026-02-11,14:12:37,6894,衛司特,bank,公告本公司發行國內第一次無擔保轉換公司債之委託代收價款行庫及存儲專戶行庫,otc,1150211,1,,,,,,,,
2026-02-24,15:06:57,3715,定穎投控,bank,公告本公司國內第二次無擔保轉換公司債之代收價款專戶及存儲專戶,sii,1150224,1,,,,,,,,
2026-02-24,15:56:20,8438,昶昕,board,公告本公司董事會決議發行國內第一次無擔保轉換公司債,sii,1150223,1,2026-02-24,1,無擔保,300000000,競價拍賣,台新綜合證券股份有限公司,"採競價拍賣方式辦理公開承銷,底標暫定以不低於票面金額之100%發行",1
2026-02-25,16:03:06,6576,逸達,bank,公告本公司國內第一次有擔保轉換公司債委託代收價款行庫及存儲專戶行庫,otc,1150225,1,,,,,,,,
2026-02-25,16:50:26,8271,宇瞻,board,本公司董事會決議發行國內第一次無擔保轉換公司債,sii,1150225,3,2026-02-25,1,無擔保,1000000000,競價拍賣,凱基證券股份有限公司,"暫訂底標不低於票面金額之101%發行,實際發行價格依競價拍賣結果而定。",1
2026-02-26,14:46:22,8476,台境*,bank,公告國內第二次無擔保轉換公司債代收價款及存儲專戶行庫,sii,1150226,1,,,,,,,,
2026-02-26,19:43:28,5289,宜鼎,board,公告本公司董事會決議通過發行國內第二次無擔保轉換公司債,otc,1150226,5,2026-02-26,2,無擔保,3000000000,競價拍賣,凱基證券股份有限公司,"採競價拍賣方式辦理公開承銷,底標暫定以不低於票面金額之102%發行,實際總發行額依競價拍賣結果而定。",1
2026-03-03,18:35:40,4123,晟德,board,本公司董事會決議發行國內第八次無擔保轉換公司債暨第九次無擔保轉換公司債,otc,1150303,5,2026-03-03,"8,9",無擔保,1500000000,競價拍賣,元富證券股份有限公司,(1)國內第八次無擔保轉換公司債:暫定依票面金額之100%發行。(2)國內第九次無擔保轉換公司債:暫定以底標不低於票面金,1
2026-03-05,17:56:20,7610,聯友金屬-創,board,公告董事會決議發行本公司國內第一次無擔保可轉換公司債,sii,1150305,6,2026-03-05,1,無擔保,800000000,詢價圈購,:福邦證券股份有限公司,國內第一次無擔保可轉換公司債依票面金額之100~101%發行,1
2026-03-06,13:43:05,4931,新盛力,board,本公司董事會決議發行國內第一次無擔保轉換公司債,otc,1150305,9,2026-03-06,1,無擔保,700000000,競價拍賣,台新綜合證券股份有限公司,"底標價格以不低於面額為限,實際總發行金額依競價拍賣結果而定。",1
2026-03-06,17:06:40,8074,鉅橡,board,公告本公司董事會決議發行國內第六次有擔保轉換公司債,otc,1150306,4,2026-03-06,6,有擔保,300000000,競價拍賣,授權董事長全權處理之,"底標不低於面額,實際總發行金額依競價拍賣結果而定。",1
2026-03-09,13:39:48,8222,寶一,board,公告本公司董事會決議辦理發行國內第一次有擔保轉換公司債,sii,1150306,3,2026-03-09,1,有擔保,400000000,競價拍賣,授權董事長全權處理,以不低於票面金額101%發行。,1
2026-03-09,15:31:46,6803,崑鼎,board,董事會決議發行國內第二次無擔保轉換公司債,otc,1150226,1,2026-03-09,2,無擔保,2000000000,競價拍賣,國泰綜合證券股份有限公司,"採競價拍賣方式辦理公開承銷,底標暫訂以不低於面額之102%為限,實際總發行金額依競價拍賣結果而定。",1
2026-03-09,17:23:34,4722,國精化,board,本公司董事會決議發行國內第四次無擔保轉換公司債,sii,1150309,5,2026-03-09,4,無擔保,1000000000,詢價圈購,華南永昌綜合證券股份有限公司,採詢價圈購方式:依票面金額之102%發行,1
2026-03-10,17:00:53,3680,家登,board,本公司董事會決議發行國內第五次及第六次無擔保轉換公司債,otc,1150305,1,2026-03-10,"5,6",無擔保,1000000000,競價拍賣,凱基證券股份有限公司,(1)國內第五次無擔保轉換公司債:暫定依票面金額之100%~101%發行(2)國內第六次無擔保轉換公司債:暫定底標以不低,1
2026-03-11,14:19:30,1295,生合,board,公告本公司董事會決議發行國內第一次無擔保轉換公司債,otc,1150311,4,2026-03-11,1,無擔保,400000000,競價拍賣,台新綜合證券股份有限公司,"底標以不低於票面金額之100%為限,實際總發行金額依競價拍賣結果而定",1
2026-03-11,15:24:36,4749,新應材,board,公告本公司董事會決議辦理發行國內第一次無擔保轉換公司債案,otc,1150311,4,2026-03-11,1,無擔保,2000000000,競價拍賣,兆豐證券股份有限公司,"採競價拍賣方式辦理公開承銷,底標暫定以不低於面額之100%為限",1
2026-03-11,16:41:15,5284,jpp-KY,board,本公司董事會決議發行中華民國境內第四次無擔保轉換公司債,sii,1150311,2,2026-03-11,4,無擔保,200000000,詢價圈購,凱基證券股份有限公司,依票面金額之100~101%發行,1
2026-03-11,16:41:52,5284,jpp-KY,board,本公司董事會決議發行中華民國境內第五次無擔保轉換公司債,sii,1150311,3,2026-03-11,5,無擔保,350000000,詢價圈購,凱基證券股份有限公司,依競拍結果而定、不低於票面金額之101%為限,1
2026-03-11,16:51:04,8462,柏文,board,公告本公司董事會決議發行國內第四次無擔保轉換公司債,sii,1150311,2,2026-03-11,4,無擔保,400000000,詢價圈購,永豐金證券股份有限公司,依票面金額十足發行,1
2026-03-11,16:52:48,6472,保瑞,bank,公告本公司國內第四次及第五次無擔保轉換公司債代收價款及存儲專戶行庫,sii,1150310,3,,,,,,,,
2026-03-11,17:52:58,5464,霖宏,board,本公司董事會決議發行國內第二次有擔保轉換公司債,otc,1150311,4,2026-03-11,2,有擔保,290000000,競價拍賣,群益金鼎證券股份有限公司,"底標暫定不低於票面金額之100%發行,實際總發行金額依競價拍賣結果而定。",1
2026-03-11,18:00:47,3135,凌航,board,公告本公司董事會決議發行國內第二次無擔保可轉換公司債,sii,1150311,4,2026-03-11,2,無擔保,1500000000,詢價圈購,統一綜合證券股份有限公司,依票面金額100%發行,1
2026-03-11,20:59:26,4503,金雨,board,公告本公司董事會決議辦理發行國內第一次有擔保轉換公司債,otc,1150311,10,2026-03-11,1,有擔保,500000000,競價拍賣,元大證券股份有限公司,"底標以不低於面額之101%為限,每張實際發行價格依競價拍賣結果而定。",1
2026-03-13,15:36:45,7738,東聯互動,board,公告本公司董事會決議發行國內第一次無擔保轉換公司債,otc,1150313,4,2026-03-13,1,無擔保,500000000,競價拍賣,永豐金證券股份有限公司,實際發行價格視承銷方式而定,1
2026-03-13,16:01:50,1717,長興,board,本公司董事會決議發行國內第二次無擔保轉換公司債,sii,1150313,6,2026-03-13,2,無擔保,2000000000,競價拍賣,台新綜合證券股份有限公司,"底標以不低於面額為限,實際總發行金額以競價拍賣結果而定。",1
2026-03-13,17:27:59,4764,雙鍵,board,公告本公司董事會決議發行國內第二次有擔保轉換公司債,sii,1150313,4,2026-03-13,2,有擔保,500000000,競價拍賣,凱基證券股份有限公司,"暫定底標以不低於面額之102%發行,實際總發行金額依競價拍賣結果而定。",1
2026-03-13,17:33:07,8442,威宏-KY,board,公告本公司董事會決議辦理發行中華民國境內第三次有擔保轉換公司債及中華民國境內第四次無擔保轉換公司債,sii,1150313,4,2026-03-13,"3,4",有擔保,400000000,競價拍賣,授權董事長辦理中,"(1)中華民國境內第三次有擔保轉換公司債:實際發行價格依競價拍賣結果而定,底標暫定以不低於票面金額之100%為限。(2)",1
2026-03-20,15:44:04,3149,正達,board,董事會決議發行國內第四次有擔保轉換公司債,sii,1150318,2,2026-03-20,4,有擔保,650000000,競價拍賣,授權董事長全權處理,不低於面額之100%,1
2026-04-07,17:34:33,6546,正基,board,本公司董事會決議發行國內第二次及第三次無擔保轉換公司債,otc,1150407,1,2026-04-07,"2,3",無擔保,500000000,競價拍賣,凱基證券股份有限公司,(1)國內第二次無擔保轉換公司債:暫定依票面金額之100.5%~101%發行(2)國內第三次無擔保轉換公司債:暫定底標以,1
2026-04-08,17:19:05,6223,旺矽,board,公告本公司董事會決議發行國內第六次無擔保轉換公司債,otc,1150408,1,2026-04-08,6,無擔保,5000000000,,凱基證券股份有限公司,依票面金額之100~101%發行,1
2026-04-10,16:05:40,3135,凌航,bank,公告本公司國內第二次無擔保轉換公司債代收價款及存儲專戶行庫,sii,1150410,2,,,,,,,,
2026-04-10,16:24:58,4714,永捷,bank,公告本公司國內第八次有擔保轉換公司債代收價款及存儲專戶行庫,otc,1150410,1,,,,,,,,
2026-04-10,16:49:36,6220,岳豐,board,公告本公司董事會決議辦理發行國內第十次有擔保轉換公司債,otc,1150410,1,2026-04-10,10,有擔保,500000000,競價拍賣,凱基證券股份有限公司,"底標以不低於面額之102%為限,每張實際發行價格依競價拍賣結果而定。",1
2026-04-10,19:42:08,2762,世界健身-KY,board,公告本公司董事會決議發行中華民國境內第一次無擔保轉換公司債(補充公告),sii,1150410,2,2026-04-10,1,無擔保,500000000,詢價圈購,群益金鼎證券股份有限公司,"採詢價圈購方式辦理,依票面金額之100~101%發行。",1
2026-04-13,16:44:14,6683,雍智科技,board,公告本公司董事會決議發行國內第一次無擔保轉換公司債,otc,1150413,1,2026-04-13,1,無擔保,1500000000,競價拍賣,凱基證券股份有限公司,"底標以不低於面額102%為限,實際總發行金額依競價拍賣結果而定。",1
2026-04-13,17:31:49,9935,慶豐富,board,本公司董事會決議發行國內第四次無擔保轉換公司債,sii,1150413,1,2026-04-13,4,無擔保,300000000,詢價圈購,凱基證券股份有限公司,依票面金額之100.5%發行,1
2026-04-14,14:39:22,8271,宇瞻,bank,公告本公司國內第一次無擔保轉換公司債代收價款及存儲專戶行庫,sii,1150414,1,,,,,,,,
2026-04-14,15:46:00,4123,晟德,bank,公告本公司國內第八次無擔保轉換公司債暨第九次無擔保轉換公司債代收價款行庫及存儲專戶行庫,otc,1150414,6,,,,,,,,
2026-04-14,16:32:53,2486,一詮,board,本公司董事會決議發行國內第七次無擔保轉換公司債,sii,1150414,5,2026-04-14,7,無擔保,2000000000,詢價圈購,中國信託綜合證券股份有限公司,依票面金額100%~101%發行。,1
2026-04-14,16:33:08,8111,立碁,bank,公告本公司發行國內第四次無擔保轉換公司債代收價款及存儲專戶行庫,otc,1150413,2,,,,,,,,
2026-04-14,18:07:06,4190,佐登-KY,board,本公司董事會決議發行中華民國境內第四次有擔保轉換公司債,sii,1150414,1,2026-04-14,4,有擔保,600000000,競價拍賣,華南永昌綜合證券股份有限公司,"實際總發行金額依競價拍賣結果而定,底標以不低於票面金額100%發行",1
2026-04-16,15:38:33,3491,昇達科,board,公告本公司董事會決議發行國內第三次無擔保轉換公司債,otc,1150415,1,2026-04-16,3,無擔保,1200000000,競價拍賣,凱基證券股份有限公司,"底標以不低於面額之102%為限,實際發行價格依競價拍賣結果而定。",1
2026-04-16,15:57:32,6603,富強鑫,bank,公告本公司國內第四次無擔保轉換公司債代收價款及存儲專戶行庫,otc,1150416,1,,,,,,,,
2026-04-20,14:20:29,5284,jpp-KY,bank,公告本公司簽訂發行第四及第五次無擔保轉換公司債代收股款行庫及存儲專戶,sii,1150420,1,,,,,,,,
2026-04-20,16:21:42,4503,金雨,bank,公告本公司國內第一次有擔保轉換公司債代收價款行庫及存儲專戶行庫,otc,1150420,1,,,,,,,,
2026-04-22,14:48:17,3680,家登,bank,公告本公司國內第五次及第六次無擔保轉換公司債之代收價款及專戶存儲相關事宜,otc,1150421,2,,,,,,,,
2026-04-22,16:36:01,5291,邑昇,board,公告本公司董事會決議通過發行國內第二次無擔保轉換公司債,otc,1150422,2,2026-04-22,2,無擔保,200000000,詢價圈購,統一綜合證券股份有限公司,依票面金額100%發行,1
2026-04-22,16:59:43,8074,鉅橡,bank,公告本公司國內第六次有擔保轉換公司債代收價款及存儲專戶行庫,otc,1150422,4,,,,,,,,
2026-04-29,17:24:40,8462,柏文,bank,公告本公司發行國內第四次無擔保轉換公司債之委託代收價款行庫及存儲專戶行庫,sii,1150429,1,,,,,,,,
2026-04-30,16:40:58,8438,昶昕,board,公告本公司董事會決議調整發行國內第一次無擔保轉換公司債,sii,1150427,3,2026-04-30,1,無擔保,300000000,競價拍賣,台新綜合證券股份有限公司,"採競價拍賣方式辦理公開承銷,底標暫定以不低於票面金額之100%發行",1
2026-04-30,16:42:07,6803,崑鼎,bank,公告本公司國內第二次無擔保轉換公司債代收價款行庫及存儲專戶行庫,otc,1150421,1,,,,,,,,
2026-04-30,21:05:22,6187,萬潤,board,公告董事會決議發行國內第六次無擔保轉換公司債,otc,1150430,2,2026-04-30,6,無擔保,3000000000,競價拍賣,授權董事長全權處理,"採競價拍賣方式辦理公開承銷,底標以面額之102-105%為限,每張實際發行價格依競價拍賣結果而定",1
2026-05-04,15:55:01,5464,霖宏,bank,公告本公司國內第二次有擔保轉換公司債代收價款及存儲專戶行庫,otc,1150504,1,,,,,,,,
2026-05-04,16:43:09,7610,聯友金屬-創,bank,公告本公司簽訂發行國內第一次無擔保轉換公司債之存儲專戶及代收價款專戶,sii,1150504,1,,,,,,,,
2026-05-05,17:16:45,5464,霖宏,bank,(補充公告)公告本公司國內第二次有擔保轉換公司債代收價款及存儲專戶行庫,otc,1150505,2,,,,,,,,
2026-05-06,16:12:28,6693,廣閎科,board,公告本公司董事會決議發行國內第一次無擔保可轉換公司債,otc,1150430,2,2026-05-06,1,無擔保,500000000,詢價圈購,兆豐證券股份有限公司,依面額之102%發行,1
2026-05-06,18:42:55,5386,青雲,board,董事會通過發行國內第二次無擔保轉換公司債,otc,1150506,3,2026-05-06,2,無擔保,650000000,詢價圈購,中國信託綜合證券股份有限公司,依票面金額之101%發行,1
2026-05-07,15:31:47,4760,勤凱科技,bank,公告本公司國內第二次無擔保轉換公司債之委託代收價款及存儲專戶行庫,otc,1150507,1,,,,,,,,
2026-05-07,19:30:23,2451,創見,board,公告本公司董事會決議發行國內第二次無擔保轉換公司債,sii,1150505,4,2026-05-07,2,無擔保,3000000000,競價拍賣,元大證券股份有限公司,"採競價拍賣方式辦理公開承銷,底標暫定以不低於票面金額之102%發行,實際總發行額依競價拍賣結果而定。",1
2026-05-08,16:39:07,4722,國精化,bank,公告本公司國內第四次無擔保轉換公司債代收價款行庫及存儲專戶行庫,sii,1150508,4,,,,,,,,
2026-05-08,16:48:04,4931,新盛力,bank,公告本公司國內第一次無擔保轉換公司債代收價款行庫及存儲專戶行庫,otc,1150508,1,,,,,,,,
2026-05-08,17:44:16,3583,辛耘,board,本公司董事會決議發行國內第三次及第四次無擔保轉換公司債,sii,1150430,2,2026-05-08,"3,4",無擔保,3000000000,競價拍賣,元大證券股份有限公司,"國內第三、四次無擔保轉換公司債,擬採詢價圈購及競價拍賣承銷方式辦理對外公開承銷。採詢價圈購方式依票面金額之103%~10",1
2026-05-08,17:52:11,4749,新應材,bank,公告本公司簽訂發行第一次無擔保轉換公司債代收股款行庫及存儲專戶,otc,1150508,5,,,,,,,,
2026-05-08,18:42:52,4973,廣穎電通,board,公告本公司董事會決議發行國內第一次無擔保轉換公司債,otc,1150508,3,2026-05-08,1,無擔保,500000000,詢價圈購,台新綜合證券股份有限公司,不低於票面金額100%發行,1
2026-05-08,19:08:58,8054,安國,board,公告本公司董事會決議辦理發行國內第一次有擔保轉換公司債,otc,1150508,3,2026-05-08,1,有擔保,400000000,競價拍賣,福邦證券股份有限公司,"底標以不低於面額之100%為限,實際總發行金額依競價拍賣結果而定。",1
2026-05-08,21:27:38,3028,增你強,board,公告本公司董事會決議發行國內第五次無擔保轉換公司債暨國內第六次無擔保轉換公司債,sii,1150508,3,2026-05-08,"5,6",無擔保,500000000,競價拍賣,富邦綜合證券股份有限公司,國內第五次無擔保轉換公司債:暫定依面額之100.5%發行。國內第六次無擔保轉換公司債:底標暫定以不低於面額之100.5%,1
2026-05-11,17:36:21,8112,至上,board,公告本公司董事會決議發行國內第十一次無擔保轉換公司債,sii,1150511,3,2026-05-11,11,無擔保,2000000000,詢價圈購,凱基證券股份有限公司,依票面金額之100%~101%發行,1
2026-05-11,18:17:52,9935,慶豐富,bank,公告本公司國內第四次無擔保轉換公司債之代收價款行庫及存儲專戶行庫,sii,1150511,2,,,,,,,,
2026-05-11,18:39:35,8096,擎亞,board,公告本公司董事會決議發行國內第二次及第三次無擔保轉換公司債,otc,1150511,4,2026-05-11,"2,3",無擔保,800000000,競價拍賣,統一綜合證券股份有限公司,(1)國內第二次無擔保轉換公司債依票面金額之101%發行。(2)國內第三次無擔保轉換公司債底標以暫訂不低於面額100%為,1
2026-05-12,15:12:03,6903,巨漢,board,本公司董事會決議發行國內第一次及第二次無擔保轉換公司債,otc,1150506,2,2026-05-12,"1,2",無擔保,500000000,競價拍賣,富邦綜合證券股份有限公司,(1)國內第一次無擔保轉換公司債:暫定依票面金額之100%~105%發行(2)國內第二次無擔保轉換公司債:暫定底標以不低,1
2026-05-12,15:39:20,8936,國統,board,公告本公司董事會決議發行國內第五次有擔保轉換公司債及第六次無擔保轉換公司債,otc,1150512,2,2026-05-12,"5,6",有擔保,600000000,競價拍賣,台新綜合證券股份有限公司,"(1)國內第五次有擔保轉換公司債:底標以暫定不低於面額之100%為限,每張實際發行價格依競價拍賣結果而定(2)國內第六次",1
2026-05-12,16:20:44,9958,世紀鋼,board,本公司董事會決議通過發行國內第九次無擔保轉換公司債,sii,1150507,3,2026-05-12,9,無擔保,1500000000,詢價圈購,永豐金證券股份有限公司,依票面金額100%發行。,1
2026-05-12,17:03:26,6134,萬旭,board,公告本公司董事會決議通過發行國內第三次有擔保轉換公司債,otc,1150512,2,2026-05-12,3,有擔保,300000000,競價拍賣,中國信託綜合證券股份有限公司,"暫定底標以面額之100%~101%為限,實際募集金額依競價拍賣結果而定",1
2026-05-12,19:24:10,6584,南俊國際,board,董事會決議發行國內第三次無擔保轉換公司債,otc,1150512,1,2026-05-11,3,無擔保,800000000,詢價圈購,(待簽約完成後公告),國內第三次無擔保轉換公司債:依債券面額金額之100%~102%發行,1
2026-05-12,20:11:27,2646,星宇航空,board,公告本公司董事會決議發行國內第一次及第二次無擔保轉換公司債,sii,1150511,2,2026-05-12,"1,2",無擔保,2000000000,競價拍賣,元大證券股份有限公司,(1)國內第一次無擔保轉換公司債:依票面金額之100%~101%發行。(2)國內第二次無擔保轉換公司債:底標以不低於面額,1
2026-05-12,22:49:21,6869,雲豹能源,board,公告本公司董事會決議發行國內第二次有擔保轉換公司債,sii,1150512,3,2026-05-12,2,有擔保,1800000000,競價拍賣,凱基證券股份有限公司,"暫定以不低於面額發行,實際總發行金額依競價拍賣結果而定,底標以不低於面額為限",1
2026-05-13,19:05:57,3128,昇銳,board,本公司董事會決議發行國內第三次無擔保轉換公司債,otc,1150513,5,2026-05-13,3,無擔保,300000000,競價拍賣,群益金鼎證券股份有限公司,"底標以暫定不低於面額之100%為限,每張實際發行價格依競價拍賣結果而定。",1
2026-05-14,14:56:14,6903,巨漢,board,(更正)本公司董事會決議發行國內第一次及第二次無擔保轉換公司債,otc,1150514,1,2026-05-12,"1,2",無擔保,500000000,競價拍賣,富邦綜合證券股份有限公司,(1)國內第一次無擔保轉換公司債:暫定依票面金額之100%~105%發行(2)國內第二次無擔保轉換公司債:暫定底標以不低,1
2026-05-14,16:20:05,5263,智崴,board,公告本公司董事會決議發行國內第六次有擔保轉換公司債,otc,1150514,3,2026-05-14,6,有擔保,600000000,競價拍賣,兆豐證券股份有限公司,"本案採競價拍賣方式公開銷售,底標以不低於票面金額之101%發行。",1
2026-05-18,13:51:29,1717,長興,bank,公告本公司國內第二次無擔保轉換公司債代收價款行庫及存儲專戶行庫,sii,1150518,1,,,,,,,,
2026-05-18,14:38:54,6546,正基,bank,公告本公司國內第二次暨第三次無擔保轉換公司債代收價款行庫及存儲專戶行庫,otc,1150518,1,,,,,,,,
2026-05-20,16:04:34,3491,昇達科,bank,公告本公司國內第三次無擔保轉換公司債代收價款及存儲專戶行庫,otc,1150512,3,,,,,,,,
2026-05-20,16:17:45,1727,中華化,withdraw,公告本公司擬向金融監督管理委員會申請撤銷辦理國內第二次無擔保轉換公司債案,sii,1150520,1,,,,,,,,
2026-05-20,16:32:20,6220,岳豐,bank,公告本公司國內第十次有擔保轉換公司債代收價款行庫及存儲專戶行庫,otc,1150520,1,,,,,,,,
2026-05-20,17:52:31,5289,宜鼎,bank,公告本公司國內第二次無擔保轉換公司債之代收價款行庫及存儲專戶行庫,otc,1150520,1,,,,,,,,
2026-05-22,14:41:38,3006,晶豪科,board,董事會決議發行本公司國內第二次有擔保轉換公司債,sii,1150522,3,2026-05-22,2,有擔保,2000000000,競價拍賣,凱基證券股份有限公司,"底標以不低於票面金額之102%為限,實際總發行金額依競價拍賣結果而定。",1
2026-05-26,18:28:45,1727,中華化,withdraw,公告本公司申請撤銷辦國內第二次無擔保轉換公司債案業經金管會核准,sii,1150526,1,,,,,,,,
2026-05-28,16:17:51,3294,英濟,bank,公告本公司國內第三次有擔保轉換公司債代收價款行庫及存儲專戶行庫,otc,1150528,1,,,,,,,,
2026-05-28,17:47:56,6223,旺矽,bank,公告本公司國內第六次無擔保轉換公司債代收股款行庫及存儲專戶,otc,1150528,1,,,,,,,,
2026-05-29,16:41:08,8916,光隆,board,董事會決議發行本公司國內第二次無擔保轉換公司債,otc,1150526,1,2026-05-29,2,無擔保,200000000,競價拍賣,永豐金證券股份有限公司,"底標以不低於票面金額之100%為限,實際總發行金額依競價拍賣結果而定。",1
2026-05-29,18:50:52,2530,華建,board,本公司董事會決議發行國內第五次無擔保轉換公司債,sii,1150529,3,2026-05-29,5,無擔保,900000000,競價拍賣,台新綜合證券股份有限公司,"國內第五次無擔保轉換公司債:暫定底標以不低於面額之100%發行,實際總發行金額依競價拍賣結果而定",1
2026-06-01,13:33:59,3512,皇龍,board,公告本公司董事會決議募集與發行國內第二次有擔保轉換公司債,otc,1150529,3,2026-06-01,2,有擔保,600000000,競價拍賣,台新綜合證券股份有限公司,"採競價拍賣方式辦理公開承銷,暫訂底價不低於面額之100%發行,實際總發行金額依競價拍賣結果而定。",1
2026-06-01,14:58:05,8442,威宏-KY,bank,公告本公司發行中華民國境內第三次有擔保轉換公司債及中華民國境內第四次無擔保轉換公司債之代收價款行庫及存儲專戶行庫,sii,1150601,1,,,,,,,,
2026-06-01,17:30:49,1623,大東電,board,公告本公司董事會決議發行國內第一次無擔保轉換公司債(更正主旨),sii,1150601,1,2026-05-29,1,無擔保,2000000000,詢價圈購,國泰綜合證券股份有限公司,依票面金額之100.5%發行。,1
2026-06-03,17:19:05,2303,聯電,board,本公司董事會決議發行國內第一次無擔保轉換公司債相關事宜,sii,1150603,1,2026-06-03,1,無擔保,12000000000,詢價圈購,宏遠證券股份有限公司,不低於票面金額之101%發行,1
2026-06-03,17:19:20,2303,聯電,board,本公司董事會決議發行國內第二次無擔保轉換公司債相關事宜,sii,1150603,2,2026-06-03,2,無擔保,4000000000,競價拍賣,宏遠證券股份有限公司,"底標為不低於面額之100%發行,實際發行總金額依競價拍賣結果而定",1
2026-06-04,15:06:28,2301,光寶科,withdraw,公告本公司辦理發行國內第一次無擔保轉換公司債，向金管會申請撤銷發行。,sii,1150601,1,,,,,,,,
2026-06-04,15:07:11,2301,光寶科,withdraw,公告本公司辦理發行國內第二次無擔保轉換公司債，向金管會申請撤銷發行。,sii,1150601,2,,,,,,,,
2026-06-04,15:12:41,3597,映興,board,公告本公司董事會決議擬發行國內第二次無擔保轉換公司債,otc,1150604,3,2026-06-04,2,無擔保,200000000,競價拍賣,德信綜合證券股份有限公司,"採競價拍賣方式辦理公開承銷,底標以不低於票面金額之100%~102.5%訂定,實際總發行金額依競價拍賣結果而定。",1
2026-06-08,14:53:38,8112,至上,bank,公告本公司簽訂國內第十一次無擔保轉換公司債代收價款行庫及存儲專戶行庫,sii,1150608,4,,,,,,,,
2026-06-08,17:08:37,2301,光寶科,withdraw,公告本公司辦理國內第一次無擔保轉換公司債申請撤銷發行，業經金管會准予備查,sii,1150608,2,,,,,,,,
2026-06-08,17:09:02,2301,光寶科,withdraw,公告本公司辦理國內第二次無擔保轉換公司債申請撤銷發行，業經金管會准予備查,sii,1150608,3,,,,,,,,
2026-06-09,17:10:06,8155,博智,board,本公司董事會決議發行國內第二次及第三次無擔保轉換公司債,otc,1150609,2,2026-06-09,"2,3",無擔保,3000000000,競價拍賣,凱基證券股份有限公司,(1)國內第二次無擔保轉換公司債:暫定依票面金額之105%發行(2)國內第三次無擔保轉換公司債:暫定底標以不低於面額之1,1
2026-06-10,17:07:14,6187,萬潤,bank,公告本公司國內第六次無擔保轉換公司債代收價款行庫及存儲專戶行庫,otc,1150610,6,,,,,,,,
2026-06-11,15:31:13,4541,晟田,board,董事會決議發行國內第五次有擔保轉換公司債,otc,1150611,3,2026-06-11,5,有擔保,300000000,競價拍賣,凱基證券股份有限公司,"採競價拍賣方式辦理公開承銷,底標暫定以不低於面額之100%為限,實際發行總金額視競價拍賣結果而定。",1
2026-06-11,15:31:33,4541,晟田,board,董事會決議發行國內第六次無擔保轉換公司債,otc,1150611,4,2026-06-11,6,無擔保,200000000,詢價圈購,凱基證券股份有限公司,"採詢價圈購方式辦理公開銷售,暫定以面額之100%~101%發行。",1
2026-06-16,14:05:07,8096,擎亞,bank,公告本公司簽訂發行國內第二次暨第三次無擔保轉換公司債代收價款行庫及存儲專戶行庫,otc,1150616,1,,,,,,,,
2026-06-16,15:35:19,2464,盟立,board,公告董事會決議通過發行國內第三次無擔保轉換公司債,sii,1150616,3,2026-06-16,3,無擔保,1000000000,競價拍賣,中國信託綜合證券股份有限公司,"依競價拍賣結果決定,暫訂底標以不低於面額為限。",1
2026-06-16,18:18:39,3141,晶宏,board,公告本公司董事會決議發行國內第四次及第五次無擔保轉換公司債,otc,1150615,3,2026-06-16,"4,5",無擔保,500000000,競價拍賣,統一綜合證券股份有限公司,(1)國內第四次無擔保轉換公司債依票面金額之101%發行。(2)國內第五次無擔保轉換公司債底標暫訂以不低於面額之100%,1
2026-06-17,14:41:20,3006,晶豪科,bank,公告本公司國內第二次有擔保轉換公司債之代收價款行庫及存儲專戶行庫,sii,1150617,1,,,,,,,,
2026-06-17,15:00:57,3081,聯亞,board,公告本公司董事會決議發行國內第一次有擔保轉換公司債,otc,1150617,4,2026-06-17,1,有擔保,1200000000,競價拍賣,元大證券股份有限公司,"底標以不低於票面金額之102%~108%發行,實際總發行金額依競價拍賣結果而定。",1
2026-06-17,15:01:45,3081,聯亞,board,公告本公司董事會決議發行國內第二次無擔保轉換公司債,otc,1150617,5,2026-06-17,2,無擔保,1800000000,詢價圈購,元大證券股份有限公司,依票面金額100%~105%發行。,1
2026-06-17,15:52:14,5536,聖暉*,board,公告本公司董事會決議發行國內第二次及第三次無擔保轉換公司債,otc,1150617,1,2026-06-17,"2,3",無擔保,1500000000,競價拍賣,國票綜合證券股份有限公司,"第二次:依票面金額之101~103%發行第三次:採競價拍賣方式發行,底標以票面金額之102~103%發行,實際發行價格依",1
2026-06-17,17:38:18,4967,十銓,board,公告本公司董事會決議發行國內第五次無擔保轉換公司債,sii,1150617,1,2026-06-17,5,無擔保,3000000000,競價拍賣,永豐金證券股份有限公司,"底標不低於面額,實際總發行金額依競價拍賣結果而定。",1
2026-06-18,16:25:04,1560,中砂,board,公告本公司董事會決議發行國內第二次無擔保轉換公司債,sii,1150618,4,2026-06-18,2,無擔保,1000000000,競價拍賣,元大證券股份有限公司,"發行底標以不低於面額103%為限,實際總發行金額依競價拍賣結果而定",1
2026-06-18,17:03:20,3605,宏致,bank,公告本公司發行國內第四次無擔保轉換公司債之代收價款行庫及存儲專戶,sii,1150617,4,,,,,,,,
2026-06-23,13:06:09,6693,廣閎科,bank,公告本公司發行國內第一次無擔保轉換公司債之委託代收價款行庫及存儲專戶行庫,otc,1150623,1,,,,,,,,
2026-06-23,17:10:41,6584,南俊國際,bank,公告本公司簽訂發行第三次無擔保轉換公司債代收股款行庫及存儲專戶,otc,1150623,1,,,,,,,,
2026-06-24,14:52:08,7631,聚賢研發-創,board,公告本公司董事會決議發行國內第一次無擔保轉換公司債,sii,1150624,1,2026-06-24,1,無擔保,400000000,詢價圈購,宏遠證券股份有限公司,"依票面金額之100.5%發行,並授權董事長視金融市場狀況與主辦承銷商共同議定之",1
2026-06-25,17:26:44,3028,增你強,bank,公告本公司簽訂國內第五次無擔保轉換公司債暨國內第六次無擔保轉換公司債之代收價款及存儲價款合約,sii,1150625,1,,,,,,,,
2026-06-26,13:58:03,6134,萬旭,bank,公告本公司國內第三次有擔保轉換公司債之代收價款行庫及存儲專戶行庫,otc,1150626,1,,,,,,,,
2026-06-26,17:04:17,2316,楠梓電,board,公告本公司董事會決議發行國內第一次無擔保可轉換公司債,sii,1150626,3,2026-06-26,1,無擔保,3500000000,競價拍賣,富邦綜合證券股份有限公司,依競價拍賣結果而定,1
2026-06-29,14:20:01,6570,維田,board,公告本公司董事會決議發行國內第二次無擔保轉換公司債,otc,1150623,1,2026-06-29,2,無擔保,250000000,詢價圈購,統一綜合證券股份有限公司,依票面金額101%發行。,1
2026-06-29,15:42:41,8054,安國,bank,公告本公司發行國內第一次有擔保轉換公司債之代收價款及存儲專戶行庫,otc,1150629,2,,,,,,,,
2026-06-29,16:16:01,1623,大東電,bank,公告本公司發行國內第一次無擔保轉換公司債之代收價款行庫及存儲專戶行庫,sii,1150629,1,,,,,,,,
2026-06-30,18:25:56,3016,嘉晶,board,公告本公司董事會決議發行國內第六次無擔保轉換公司債,sii,1150630,2,2026-06-30,6,無擔保,350000000,詢價圈購,凱基證券股份有限公司,票面金額之100%~101%發行,1
2026-07-01,21:20:13,3219,倚強科,board,公告本公司董事會決議辦理發行國內第一次無擔保轉換公司債,otc,1150701,1,2026-07-01,1,無擔保,600000000,競價拍賣,群益金鼎證券股份有限公司,"底標以不低於面額發行,實際總發行金額依競價拍賣結果而定",1
2026-07-02,17:14:39,8422,可寧衛*,board,公告本公司董事會決議發行國內第三次無擔保轉換公司債,sii,1150630,1,2026-07-02,3,無擔保,2500000000,競價拍賣,中國信託綜合證券股份有限公司,"底標不低於面額之100%發行,實際發行價格依競價拍賣結果而定。",1
2026-07-03,17:23:25,6869,雲豹能源,bank,公告本公司國內第二次有擔保轉換公司債代收價款及存儲價款專戶機構,sii,1150703,2,,,,,,,,
2026-07-06,11:36:48,3583,辛耘,bank,公告本公司國內第三次及第四次無擔保轉換公司債代收價款行庫及存儲專戶行庫,sii,1150701,1,,,,,,,,
2026-07-06,17:54:08,5386,青雲,withdraw,本公司自行撤回115年度現金增資發行新股暨國內第二次無擔保轉換公司債,otc,1150706,1,,,,,,,,
2026-07-08,16:09:27,6683,雍智科技,bank,公告本公司國內第一次無擔保轉換公司債之代收價款行庫及存儲專戶行庫,otc,1150708,1,,,,,,,,
2026-07-08,16:44:14,6903,巨漢,bank,公告本公司國內第一次暨第二次無擔保轉換公司債代收價款行庫及存儲專戶行庫,otc,1150708,1,,,,,,,,
2026-07-09,18:09:44,8438,昶昕,bank,公告本公司國內第一次無擔保轉換公司債委託代收價款及存儲專戶合約,sii,1150709,1,,,,,,,,
2026-07-13,17:38:27,2486,一詮,bank,公告本公司國內第七次無擔保轉換公司債之委託代收債款及存儲專戶行庫,sii,1150713,1,,,,,,,,
2026-07-14,17:21:41,3128,昇銳,withdraw,公告本公司擬向主管機關申請撤銷辦理國內第三次無擔保轉換公司債案,otc,1150714,1,,,,,,,,
2026-07-14,17:22:00,3339,泰谷,board,公告本公司董事會通過發行國內第五次有擔保轉換公司債,otc,1150707,3,2026-07-14,5,有擔保,500000000,競價拍賣,永豐金證券股份有限公司,"底標以不低於面額之101%為限,實際發行價格依競價拍賣結果而定。",1
2026-07-15,16:14:51,5291,邑昇,bank,公告本公司國內第二次無擔保轉換公司債代收股款行庫及存儲專戶,otc,1150715,1,,,,,,,,
2026-07-16,17:19:44,6597,立誠,board,本公司董事會決議發行國內第一次無擔保轉換公司債,otc,1150716,2,2026-07-16,1,無擔保,450000000,詢價圈購,福邦證券股份有限公司,依票面金額100%~101%發行。,1
2026-07-16,17:21:54,4764,雙鍵,bank,公告本公司簽訂發行國內第二次有擔保轉換公司債之代收價款行庫及存儲專戶行庫,sii,1150716,4,,,,,,,,
2026-07-17,14:23:42,5536,聖暉*,bank,公告本公司發行國內第二次及第三次無擔保轉換公司債代收價款行庫及存儲專戶,otc,1150717,1,,,,,,,,
2026-07-17,15:04:18,8155,博智,bank,公告本公司國內第二次、第三次無擔保轉換公司債代收價款行庫及存儲專戶行庫,otc,1150717,1,,,,,,,,
2026-07-20,15:28:29,3512,皇龍,bank,公告本公司國內第二次有擔保轉換公司債代收價款專戶及存儲專戶行庫,otc,1150720,1,,,,,,,,
2026-07-21,16:07:02,2303,聯電,bank,公告本公司發行國內第一次暨第二次無擔保轉換公司債代收價款行庫及存儲專戶行庫,sii,1150721,2,,,,,,,,
2026-07-22,14:21:21,3081,聯亞,bank,公告本公司國內第一次有擔保轉換公司債代收價款行庫及存儲專戶行庫,otc,1150722,2,,,,,,,,
2026-07-23,19:04:11,3141,晶宏,bank,公告本公司國內第四次無擔保轉換公司債代收債款及存儲專戶行庫,otc,1150723,1,,,,,,,,
2026-07-24,15:53:51,8936,國統,bank,公告本公司國內第五次有擔保轉換公司債暨第六次無擔保轉換公司債代收價款行庫及存儲專戶行庫,otc,1150723,1,,,,,,,,
2026-07-28,16:41:37,7743,金利食安,board,本公司董事會決議發行國內第一次無擔保轉換公司債,otc,1150728,1,2026-07-28,1,無擔保,200000000,詢價圈購,永豐金證券股份有限公司,依票面金額之100~103%發行,1
2026-07-28,17:19:06,3260,威剛,board,公告本公司董事會決議發行國內第九次無擔保轉換公司債,otc,1150723,1,2026-07-28,9,無擔保,3000000000,詢價圈購,群益金鼎證券股份有限公司,票面金額100%發行,1
2026-07-29,15:55:24,2221,大甲,board,公告本公司董事會決議辦理發行國內第一次無擔保轉換公司債,otc,1150729,1,2026-07-29,1,無擔保,500000000,詢價圈購,統一綜合證券股份有限公司,依票面金額100%發行,1
2026-07-29,17:11:02,4967,十銓,bank,公告本公司國內第五次無擔保轉換公司債代收價款行庫及存儲專戶行庫,sii,1150729,1,,,,,,,,
2026-07-29,17:29:59,6274,台燿,board,本公司董事會決議發行國內第六次無擔保轉換公司債,otc,1150729,6,2026-07-29,6,無擔保,10000000000,詢價圈購,統一綜合證券股份有限公司,不低於票面金額之110%發行。,1
2026-07-29,17:56:01,4198,欣大健康,board,本公司董事會決議發行國內第一次有擔保轉換公司債,otc,1150729,3,2026-07-29,1,有擔保,300000000,競價拍賣,統一綜合證券股份有限公司,依票面金額102%發行。,1
2026-07-30,14:42:28,6570,維田,bank,公告本公司簽訂發行國內第二次無擔保轉換公司債之代收價款行庫及存儲專戶行庫,otc,1150730,1,,,,,,,,
2026-07-30,15:08:21,3081,聯亞,bank,公告本公司國內第二次無擔保轉換公司債代收價款行庫及存儲專戶行庫,otc,1150730,2,,,,,,,,
2026-07-30,16:13:33,3260,威剛,board,公告本公司董事會決議發行國內第九次無擔保轉換公司債(更正發行總額),otc,1150729,3,2026-07-28,9,無擔保,3000000000,詢價圈購,群益金鼎證券股份有限公司,票面金額100%發行,1
2026-07-31,14:24:15,3016,嘉晶,bank,公告本公司國內第六次無擔保轉換公司債代收價款及存儲專戶行庫,sii,1150731,1,,,,,,,,
2026-08-04,14:04:14,4198,欣大健康,board,補充說明本公司董事會決議發行國內第一次有擔保轉換公司債,otc,1150804,2,2026-08-04,1,有擔保,300000000,競價拍賣,統一綜合證券股份有限公司,依票面金額102%發行。,1
2026-08-04,17:32:19,3219,倚強科,bank,公告本公司國內第一次無擔保轉換公司債代收價款行庫及存儲專戶行庫,otc,1150804,2,,,,,,,,
2026-08-05,16:29:55,4973,廣穎電通,bank,公告本公司發行國內第一次無擔保轉換公司債代收價款及存儲專戶行庫,otc,1150805,1,,,,,,,,
2026-08-05,17:44:22,6285,啟碁,board,本公司董事會決議發行國內第四次及第五次無擔保轉換公司債,sii,1150803,2,2026-08-05,"4,5",無擔保,6000000000,競價拍賣,凱基證券股份有限公司,(1)國內第四次無擔保轉換公司債:暫定依票面金額之100.5%~101%發行(2)國內第五次無擔保轉換公司債:暫定底標以,1
2026-08-06,14:54:54,3289,宜特,board,公告本公司董事會決議發行國內第六次無擔保轉換公司債,otc,1150805,3,2026-08-06,6,無擔保,1200000000,詢價圈購,授權董事長決定,依票面金額之100.5%發行。,1
2026-08-06,18:08:22,6944,兆聯實業,board,本公司董事會決議發行國內第一次無擔保轉換公司債暨國內第二次無擔保轉換公司債,sii,1150803,3,2026-08-06,"1,2",無擔保,1300000000,競價拍賣,富邦綜合證券股份有限公司,(1)國內第一次無擔保轉換公司債:暫定依票面金額之100%~105%發行。(2)國內第二次無擔保轉換公司債:暫定底標以不,1
2026-08-06,18:19:32,6922,宸曜,board,本公司董事會決議發行國內第一次無擔保轉換公司債,otc,1150806,1,2026-08-06,1,無擔保,500000000,競價拍賣,凱基證券股份有限公司,"暫定底標以不低於面額之102%發行,實際總發行金額依競價拍賣結果而定",1
2026-08-07,14:11:00,2756,聯發國際,board,公告本公司董事會決議發行國內第二次無擔保轉換公司債,otc,1150805,5,2026-08-07,2,無擔保,400000000,詢價圈購,統一綜合證券股份有限公司,依票面金額101%發行。,1
2026-08-07,14:45:32,3413,京鼎,board,公告本公司董事會決議發行國內第三次無擔保轉換公司債,sii,1150805,1,2026-08-07,3,無擔保,3500000000,詢價圈購,福邦證券股份有限公司,國內第三次無擔保轉換公司債:依票面金額之100%~101%發行。,1
2026-08-07,16:54:31,8916,光隆,withdraw,本公司自行撤回115年度現金增資發行乙種可轉換特別股暨國內第二次無擔保轉換公司債,otc,1150806,2,,,,,,,,
2026-08-07,17:40:01,4540,全球傳動,board,公告本公司董事會決議發行國內第三次有擔保轉換公司債,sii,1150807,3,2026-08-07,3,有擔保,300000000,競價拍賣,授權董事長全權處理之,"暫定底標以面額之100%~100.5%為限,實際發行價格依競價拍賣結果決定。",1
2026-08-07,18:32:10,6669,緯穎,board,公告本公司董事會決議發行國內第一次無擔保轉換公司債,sii,1150805,1,2026-08-07,1,無擔保,15000000000,詢價圈購,授權董事長或其指定之人全權處理之,以票面金額之100%~100.5%發行,1
2026-08-10,15:56:35,7631,聚賢研發-創,bank,公告本公司國內第一次無擔保轉換公司債代收價款行庫及存儲專戶行庫,sii,1150810,2,,,,,,,,
2026-08-10,16:24:43,7740,熙特爾-創,board,本公司董事會決議發行國內第一次無擔保轉換公司債,sii,1150805,1,2026-08-10,1,無擔保,1200000000,詢價圈購,富邦綜合證券股份有限公司,依票面金額100%~100.5%發行,1
2026-08-10,16:58:39,6846,綠茵,board,本公司董事會決議發行國內第三次無擔保轉換公司債,otc,1150810,7,2026-08-10,3,無擔保,300000000,競價拍賣,福邦證券股份有限公司,"國內第三次無擔保轉換公司債暫定以不低於票面金額之100%發行,實際發行金額依競價拍賣結果而定。",1
2026-08-10,17:48:24,4906,正文,board,公告本公司董事會決議發行國內第七次及第八次無擔保轉換公司債,sii,1150810,5,2026-08-10,"7,8",無擔保,1200000000,競價拍賣,凱基證券股份有限公司,(1)國內第七次無擔保轉換公司債:暫定依票面金額之100.5%~101%發行(2)國內第八次無擔保轉換公司債:暫定底標以,1
2026-08-10,18:41:07,4566,時碩工業,board,本公司董事會決議發行國內第四次無擔保轉換公司債,sii,1150803,4,2026-08-10,4,無擔保,1000000000,詢價圈購,台新綜合證券股份有限公司,依票面金額之100%發行。,1
2026-08-11,15:15:31,3149,正達,bank,公告本公司國內第四次有擔保轉換公司債代收價款行庫及存儲專戶行庫,sii,1150810,2,,,,,,,,
2026-08-11,16:12:39,6174,安碁,board,公告本公司董事會通過發行國內第三次無擔保轉換公司債,otc,1150811,2,2026-08-11,3,無擔保,300000000,詢價圈購,兆豐證券(股)公司,依面額之102%發行,1
2026-08-11,16:53:12,3095,及成,board,公告本公司董事會決議發行國內第五次有擔保轉換公司債,otc,1150811,2,2026-08-11,5,有擔保,100000000,競價拍賣,台新綜合證券股份有限公司,"底標以不低於票面金額之100%為限,每張實際發行價格依競價拍賣結果而定。",1
2026-08-11,17:08:47,6725,矽科宏晟,board,公告本公司董事會決議通過發行115年度國內第一次無擔保轉換公司債案,otc,1150810,6,2026-08-11,1,無擔保,600000000,詢價圈購,台新綜合證券(股)公司,依票面金額之100%~101%發行,1
2026-08-11,17:17:17,3706,神達,board,本公司董事會決議發行國內第一次暨第二次無擔保轉換公司債,sii,1150811,2,2026-08-11,"1,2",無擔保,8000000000,競價拍賣,凱基證券股份有限公司,國內第一次無擔保轉換公司債:暫定依票面金額之100.5%-101%發行。國內第二次無擔保轉換公司債:底標暫定以不低於票面,1
2026-08-11,18:47:17,3702,大聯大,board,本公司董事會決議發行國內第四次無擔保轉換公司債,sii,1150811,4,2026-08-11,4,無擔保,15000000000,詢價圈購,授權董事長決定,暫定依票面金額之100%~100.5%發行,1
2026-08-11,18:59:19,8996,高力,board,本公司董事會決議發行國內第五次無擔保轉換公司債及國內第六次無擔保轉換公司債,sii,1150810,3,2026-08-11,"5,6",無擔保,2500000000,競價拍賣,由董事會授權董事長全權處理之,(1)國內第五次無擔保可轉換公司債依票面金額之101%~103%發行(2)國內第六次無擔保可轉換公司債將以底標不高於面額,1
2026-08-12,14:47:11,8147,正淩,board,公告本公司董事會決議通過辦理國內無擔保轉換公司債,otc,1150811,5,2026-08-12,4,無擔保,300000000,競價拍賣,授權董事長全權處理之,"實際總發行金額依競價拍賣結果而定,底標以不低於面額之100%~102%發行。",1
2026-08-12,15:55:33,2367,燿華,board,本公司董事會決議發行國內第三次無擔保轉換公司債,sii,1150812,2,2026-08-12,3,無擔保,1500000000,詢價圈購,台銀綜合證券股份有限公司,以票面金額之100.5%發行,1
2026-08-12,16:28:58,1727,中華化,board,公告本公司董事會決議通過發行國內第二次無擔保轉換公司債,sii,1150812,4,2026-08-12,2,無擔保,1000000000,競價拍賣,統一綜合證券股份有限公司,"底標以不低於101%為限,實際發行金額依競價拍賣結果而定",1
2026-08-12,16:35:28,1569,濱川,board,公告本公司董事會決議發行國內第七次有擔保轉換公司債,otc,1150812,4,2026-08-12,7,有擔保,400000000,競價拍賣,授權董事長決定,"底標以不低於票面金額之100%為限,實際總發行金額依競價拍賣結果而定。",1
2026-08-12,16:50:23,6438,迅得,board,本公司董事會決議發行國內第三次無擔保轉換公司債,sii,1150812,4,2026-08-12,3,無擔保,500000000,詢價圈購,授權董事長決定,依票面金額之100%~101%發行,1
2026-08-12,16:58:37,3533,嘉澤,board,公告本公司董事會決議發行國內第三次無擔保轉換公司債,sii,1150810,2,2026-08-12,3,無擔保,3000000000,競價拍賣,華南永昌綜合證券股份有限公司,"採競價拍賣方式辦理公開承銷,底標以不低於面額之102%為限,實際總發行金額依競價拍賣結果而定,本案若實際募集金額高於預計",1
2026-08-12,17:46:38,3209,全科,board,公告本公司董事會決議發行國內第五次無擔保轉換公司債,sii,1150812,3,2026-08-12,5,無擔保,1500000000,競價拍賣,授權董事長決定,"底標暫訂以面額之100%發行,實際發行金額依競價拍賣結果而定。",1
2026-08-12,19:35:05,3455,由田,board,本公司董事會決議發行國內第一次及第二次無擔保轉換公司債,otc,1150811,4,2026-08-12,"1,2",無擔保,1000000000,競價拍賣,由董事會授權董事長全權處理之,"國內第一、二次無擔保轉換公司債,採詢價圈購及競價拍賣承銷方式辦理對外公開承銷。採詢價圈購方式依票面金額之101%~110",1
2026-08-13,15:37:51,1560,中砂,bank,公告本公司簽訂發行第二次無擔保轉換公司債代收價款行庫及存儲專戶行庫,sii,1150813,1,,,,,,,,
2026-08-13,16:08:43,6658,聯策,board,公告本公司董事會決議發行國內第一次無擔保可轉換公司債,sii,1150813,4,2026-08-13,1,無擔保,300000000,競價拍賣,台新綜合證券股份有限公司,依詢價圈購或競價拍賣結果而定,1
2026-08-13,17:35:38,3450,聯鈞,board,公告本公司董事會決議發行國內無擔保轉換公司債,sii,1150813,2,2026-08-13,"1,2",無擔保,3000000000,競價拍賣,元大證券股份有限公司,"國內第一次及第二次無擔保轉換公司債,擬採詢價圈購及競價拍賣承銷方式辦理對外公開承銷。採詢價圈購方式依票面金額之100%~",1
2026-08-14,14:02:53,8021,尖點,board,公告本公司董事會決議發行國內第三次無擔保轉換公司債,sii,1150814,4,2026-08-14,3,無擔保,480000000,競價拍賣,福邦證券股份有限公司,以不低於票面金額100%發行。,1
2026-08-14,16:43:19,5381,光譜,board,公告本公司董事會決議通過發行國內第三次有擔保轉換公司債,otc,1150814,7,2026-08-14,3,有擔保,500000000,競價拍賣,富邦綜合證券股份有限公司,"暫定底標以不高於票面金額之101%發行,實際募集金額依競價拍賣結果而定。",1
2026-08-17,16:00:55,2464,盟立,bank,公告本公司國內第三次無擔保轉換公司債之代收價款行庫及存儲專戶行庫,sii,1150817,2,,,,,,,,
2026-08-19,16:08:34,6534,正瀚-創,board,公告本公司董事會決議發行國內第一次有擔保轉換公司債,sii,1150819,1,2026-08-19,1,有擔保,700000000,詢價圈購,富邦綜合證券股份有限公司,依面額之100%~101%發行,1
2026-08-20,15:01:40,8222,寶一,bank,公告本公司國內第一次有擔保轉換公司債代收債款行庫及存儲專戶行庫,sii,1150820,1,,,,,,,,
2026-08-27,11:18:31,2221,大甲,bank,公告本公司發行國內第一次無擔保轉換公司債代收價款及存儲專戶行庫,otc,1150827,2,,,,,,,,
2026-08-27,15:00:28,2368,金像電,board,公告董事會決議發行國內第四次無擔保可轉換公司債,sii,1150826,1,2026-08-27,4,無擔保,6000000000,競價拍賣,台新綜合證券股份有限公司,依競價拍賣結果而定,1
2026-08-27,16:51:05,2012,春雨,board,本公司董事會決議辦理募集國內第四次無擔保轉換公司債,sii,1150827,1,2026-08-27,4,無擔保,1200000000,詢價圈購,群益金鼎證券股份有限公司,以票面金額之100%~101%發行,1
2026-08-27,18:35:29,4541,晟田,bank,公告本公司簽訂發行國內第五次有擔保轉換公司債之代收價款行庫及存儲專戶行庫,otc,1150827,1,,,,,,,,
2026-09-01,17:36:55,6937,天虹,board,公告本公司董事會決議通過發行國內第一次無擔保轉換公司債,sii,1150825,1,2026-09-01,1,無擔保,800000000,競價拍賣,元大證券股份有限公司,"底標以不低於面額之102%為限,每張實際發行價格依競價拍賣結果而定。",1
2026-09-01,18:34:34,3141,晶宏,bank,公告本公司國內第五次無擔保轉換公司債代收債款及存儲專戶行庫,otc,1150831,3,,,,,,,,
2026-09-02,15:48:43,4541,晟田,bank,公告本公司簽訂發行國內第六次無擔保轉換公司債之代收價款行庫及存儲專戶行庫,otc,1150902,1,,,,,,,,
2026-09-04,15:04:23,2492,華新科,board,公告本公司董事會決議發行國內第二次無擔保轉換公司債,sii,1150903,1,2026-09-04,2,無擔保,4500000000,詢價圈購,國泰綜合證券股份有限公司,票面金額十足發行,1
2026-09-04,15:23:07,3260,威剛,bank,公告本公司發行國內第九次無擔保轉換公司債代收價款及存儲專戶行庫,otc,1150903,2,,,,,,,,
2026-09-04,16:51:11,3033,威健,board,公告本公司董事會決議通過辦理發行國內第八次無擔保轉換公司債案,sii,1150824,1,2026-09-04,8,無擔保,4000000000,詢價圈購,華南永昌綜合證券股份有限公司,依票面金額十足發行,1
2026-09-07,15:26:56,4542,科嶠,board,公告本公司董事會決議發行國內第二次無擔保轉換公司債暨國內第三次無擔保轉換公司債案,otc,1150903,2,2026-09-07,"2,3",無擔保,500000000,競價拍賣,富邦綜合證券股份有限公司,國內第二次無擔保轉換公司債:依票面金額之100%~100.5%發行。國內第三次無擔保轉換公司債:底標暫定以票面金額之10,1
2026-09-08,09:27:06,2756,聯發國際,bank,公告本公司國內第二次無擔保轉換公司債之委託代收價款及存儲專戶行庫,otc,1150907,1,,,,,,,,
2026-09-08,14:16:55,2646,星宇航空,bank,公告本公司發行115年度國內第一次及第二次無擔保轉換公司債之代收價款行庫及存儲專戶行庫,sii,1150908,1,,,,,,,,
2026-09-11,16:30:42,8422,可寧衛*,bank,公告本公司國內第三次無擔保轉換公司債代收價款及存儲專戶行庫,sii,1150911,1,,,,,,,,
2026-09-15,14:25:29,6174,安碁,bank,公告本公司發行國內第三次無擔保轉換公司債之委託代收價款行庫及存儲專戶行庫,otc,1150915,1,,,,,,,,
2026-09-16,18:32:23,2344,華邦電,board,本公司董事會決議發行國內第四次無擔保轉換公司債,sii,1150916,3,2026-09-16,4,無擔保,14000000000,詢價圈購,中國信託綜合證券股份有限公司,以票面金額100%~101%發行,1
2026-09-16,18:33:36,2344,華邦電,board,本公司董事會決議發行國內第五次無擔保轉換公司債,sii,1150916,4,2026-09-16,5,無擔保,4000000000,競價拍賣,中國信託綜合證券股份有限公司,"底標以不低於票面金額為限,實際發行總金額依競價拍賣結果而定",1
2026-09-17,20:11:12,7711,永擎,board,公告本公司董事會決議發行國內第一次無擔保轉換公司債,sii,1150917,1,2026-09-17,1,無擔保,4200000000,競價拍賣,元大證券股份有限公司,"採競價拍賣方式辦理公開承銷,底標暫定以面額之100%~103%發行,實際總發行金額依競價拍賣結果而定。",1
2026-09-21,16:09:38,8996,高力,bank,公告本公司發行國內第五次及第六次無擔保轉換公司債之代收價款行庫及存儲專戶行庫,sii,1150921,1,,,,,,,,
2026-09-22,15:47:15,3479,安勤,board,公告本公司董事會決議發行國內第四次無擔保轉換公司債,otc,1150922,1,2026-09-22,4,無擔保,1000000000,競價拍賣,台新綜合證券股份有限公司,以不低於票面金額之100%發行,1
2026-09-22,16:05:33,2316,楠梓電,bank,公告本公司國內第一次無擔保轉換公司債代收價款行庫及存儲專戶行庫,sii,1150922,1,,,,,,,,
2026-09-22,16:44:43,6285,啟碁,bank,公告本公司國內第四次及第五次無擔保轉換公司債代收價款行庫及存儲專戶行庫,sii,1150918,3,,,,,,,,
2026-09-22,17:33:51,7728,光焱科技,board,公告本公司董事會決議發行國內第一次無擔保轉換公司債案,otc,1150922,2,2026-09-22,1,無擔保,500000000,競價拍賣,元大證券股份有限公司,"底標以票面金額之105%~108%發行,實際總發行金額依競價拍賣結果而定。",1
2026-09-22,17:43:47,7728,光焱科技,board,公告本公司董事會決議發行國內第二次無擔保轉換公司債案,otc,1150922,4,2026-09-22,2,無擔保,600000000,競價拍賣,元大證券股份有限公司,依票面金額之100%~105%發行。,1
2026-09-22,18:06:36,7728,光焱科技,board,(更正)公告本公司董事會決議發行國內第二次無擔保轉換公司債案,otc,1150922,5,2026-09-22,2,無擔保,600000000,詢價圈購,元大證券股份有限公司,依票面金額之100%~105%發行。,1
2026-09-23,15:36:25,6438,迅得,bank,公告本公司國內第三次無擔保轉換公司債代收價款行庫及存儲專戶行庫,sii,1150923,1,,,,,,,,
2026-09-24,14:58:21,1727,中華化,bank,公告本公司國內第二次無擔保轉換公司債代收價款及存儲專戶行庫,sii,1150923,2,,,,,,,,
2026-09-24,16:17:44,4198,欣大健康,bank,公告本公司國內第一次有擔保轉換公司債代收價款行庫及存儲專戶行庫,otc,1150924,2,,,,,,,,
2026-09-29,15:23:06,8021,尖點,bank,公告本公司發行國內第三次無擔保轉換公司債完成訂價及代收價款及存儲專戶行庫,sii,1150929,3,,,,,,,,
2026-09-29,18:03:13,3706,神達,board,（補充115/8/11公告）本公司董事會決議發行國內第一次暨第二次無擔保轉換公司債(變更發行額度),sii,1150929,1,2026-09-29,"1,2",無擔保,10000000000,,凱基證券股份有限公司,國內第一次無擔保轉換公司債:暫定依票面金額之100.5%-101%發行。國內第二次無擔保轉換公司債:底標暫定以不低於票面,1
2026-10-01,17:47:37,6922,宸曜,board,(補充公告)本公司董事會決議發行國內第一次無擔保轉換公司債,otc,1150929,1,2026-10-01,1,無擔保,500000000,競價拍賣,凱基證券股份有限公司,"暫定底標以不低於面額之102%發行,實際總發行金額依競價拍賣結果而定",1
2026-10-02,17:05:30,4916,事欣科,board,公告本公司董事會決議發行國內第六次無擔保轉換公司債,sii,1151002,2,2026-10-02,6,無擔保,1000000000,詢價圈購,統一綜合證券股份有限公司,依票面金額100%發行,1
2026-10-06,14:06:54,3147,大綜,board,公告本公司董事會決議通過發行國內第一次無擔保轉換公司債,otc,1151006,1,2026-10-06,1,無擔保,1200000000,詢價圈購,富邦綜合證券股份有限公司,依票面金額之100%~102%發行。,1
