sn,filed,lead,company,type,method,status,series,issue_pct,total_units,done_date,price_base_date,conv_price,premium,pay_date,list_expected,parsed
114009,2024-12-26,凱基證券股份有限公司,博智電子股份有限公司,無擔保轉換公司債,詢價圈購,正常,1,105,,2024-12-30,2025-01-02,126.8,105.67,2025-01-06,2025-01-10,1
114010,2024-12-26,富邦綜合證券股份有限公司,耀登科技股份有限公司,無擔保轉換公司債,詢價圈購,正常,2,100.5,7000,2024-12-30,2025-01-02,118,105.36,2025-01-06,2025-01-10,1
114013,2024-12-27,元大證券股份有限公司,亞力電機股份有限公司,無擔保轉換公司債,詢價圈購,正常,2,100.5,12000,2024-12-31,2025-01-03,113.2,,2025-01-07,2025-01-13,1
114016,2025-01-02,永豐金證券股份有限公司,揚秦國際企業股份有限公司,無擔保轉換公司債,競價拍賣,正常,1,101,2000,2025-01-06,2024-12-25,106,103.51,2025-01-08,2025-01-15,1
114017,2025-01-02,元大證券股份有限公司,英屬開曼群島商六方科技股份有限公司-KY,無擔保轉換公司債,競價拍賣,正常,1,105.25,5000,2025-01-06,2024-12-25,212,103.9,2025-01-08,2025-01-15,1
114022,2025-01-06,台新綜合證券股份有限公司,皇普建設股份有限公司,無擔保轉換公司債,競價拍賣,正常,4,101.12,5000,2025-01-08,,45.0,107.40,2025-01-10,2025-01-17,1
114024,2025-01-09,永豐金證券股份有限公司,昇陽國際半導體股份有限公司,無擔保轉換公司債,競價拍賣,正常,2,103.5,20000,2025-01-13,2025-01-02,140.3,102,2025-01-15,2025-01-22,1
114045,2025-02-10,中國信託綜合證券股份有限公司,旭軟電子科技股份有限公司,有擔保轉換公司債,競價拍賣,正常,2,112.55,2000,2025-02-12,2025-02-03,26.20,102.02,2025-02-14,2025-02-21,1
114047,2025-02-10,元大證券股份有限公司,台灣大哥大股份有限公司,無擔保轉換公司債,詢價圈購,正常,4,100,70000,2025-02-12,2025-02-14,123.0,,2025-02-18,2025-02-24,1
114048,2025-02-12,台新綜合證券股份有限公司,及成企業股份有限公司,有擔保轉換公司債,競價拍賣,正常,4,113.44,1500,2025-02-14,,41.1,102.00,2025-02-18,2025-02-25,1
114049,2025-02-12,元大證券股份有限公司,台灣大哥大股份有限公司,無擔保轉換公司債,競價拍賣,正常,5,100.63,30000,2025-02-14,2025-02-05,115.80,104,2025-02-18,2025-02-25,1
114050,2025-02-05,凱基證券股份有限公司,兆利科技工業股份有限公司,無擔保轉換公司債,競價拍賣,正常,3,110.05,15000,2025-02-14,2025-02-05,170,103.85,2025-02-18,2025-02-25,1
114051,2025-02-12,群益金鼎證券股份有限公司,高鋒工業股份有限公司,無擔保轉換公司債,詢價圈購,正常,2,100.5,9000,2025-02-14,2025-02-18,49.20,105.2857,2025-02-20,2025-02-26,1
114052,2025-02-14,華南永昌綜合證券股份有限公司,哲固資訊科技股份有限公司,有擔保轉換公司債,競價拍賣,正常,1,106.77,1500,2025-02-18,2025-02-07,30.30,102.53,2025-02-20,2025-02-27,1
114053,2025-02-14,福邦證券股份有限公司,訊芯科技控股股份有限公司-KY,無擔保轉換公司債,競價拍賣,正常,2,104.08,25000,2025-02-18,2025-02-07,241.2,103.5,2025-02-20,2025-02-27,1
114054,2025-02-11,國泰綜合證券股份有限公司,欣巴巴事業股份有限公司,無擔保轉換公司債,詢價圈購,正常,3,100,7000,2025-02-17,2025-02-19,111.8,105.3,2025-02-21,2025-02-27,1
114055,2025-02-19,中國信託綜合證券股份有限公司,錼創科技股份有限公司,有擔保轉換公司債,詢價圈購,正常,1,100,8000,2025-02-17,2025-02-19,250.9,102,2025-02-21,2025-02-27,1
114056,2025-02-10,凱基證券股份有限公司,冠星集團控股有限公司,無擔保轉換公司債,競價拍賣,正常,1,102.32,5000,2025-02-19,2025-02-10,103,102.04,2025-02-21,2025-03-03,1
114058,2025-02-17,統一綜合證券股份有限公司,岱宇國際股份有限公司,無擔保轉換公司債,詢價圈購,正常,4,100,2000,2025-02-18,2025-02-20,33.60,105.1,2025-02-24,2025-03-03,1
114087,2025-02-26,富邦綜合證券股份有限公司,綠茵生技股份有限公司,無擔保轉換公司債,詢價圈購,正常,1,100,3500,2025-03-03,2025-03-05,83.80,105.10,2025-03-07,2025-03-13,1
114091,2025-03-03,國泰綜合證券股份有限公司,華友聯開發股份有限公司,無擔保轉換公司債,詢價圈購,正常,4,101,20000,2025-03-06,2025-03-10,140.3,102,2025-03-12,2025-03-18,1
114100,2025-03-07,凱基證券股份有限公司,旺宏電子股份有限公司,無擔保轉換公司債,詢價圈購,正常,2,100.5,,2025-03-12,2025-03-14,23.0,107,2025-03-18,2025-03-24,1
114102,2025-03-12,富邦綜合證券股份有限公司,綠茵生技股份有限公司,無擔保轉換公司債,競價拍賣,正常,2,105.38,3500,2025-03-14,2025-03-05,81.30,102,2025-03-18,2025-03-25,1
114107,2025-03-18,兆豐證券股份有限公司,弘裕企業股份有限公司,無擔保轉換公司債,競價拍賣,正常,3,101.5,3000,2025-03-20,2025-03-11,14.50,102.83,2025-03-24,2025-03-31,1
114114,2025-03-21,台新綜合證券股份有限公司,可寧衛股份有限公司,無擔保轉換公司債,詢價圈購,正常,2,101,20000,2025-03-24,2025-03-26,200.0,103.00,2025-03-28,,1
114132,2025-04-18,兆豐證券股份有限公司,麗升能源科技股份有限公司,無擔保轉換公司債,詢價圈購,正常,2,100,5000,2025-04-15,2025-04-23,40.4,105.5,,2025-05-02,1
114139,2025-04-23,群益金鼎證券股份有限公司,平和環保科技股份有限公司,有擔保轉換公司債,詢價圈購,正常,1,100.5,3500,2025-04-25,2025-04-29,55,103.03,2025-05-02,2025-05-08,1
114142,2025-04-28,富邦綜合證券股份有限公司,良維科技股份有限公司,無擔保轉換公司債,詢價圈購,正常,10,101,8000,2025-04-30,2025-05-05,80.1,105.1,2025-05-07,2025-05-13,1
114143,2025-04-30,統一綜合證券股份有限公司,事欣科技股份有限公司,無擔保轉換公司債,詢價圈購,正常,5,100,5000,2025-05-02,2025-05-06,43.30,105.1,2025-05-08,2025-05-14,1
114157,2025-05-15,台新綜合證券股份有限公司,迎廣科技股份有限公司,無擔保轉換公司債,競價拍賣,正常,2,110.73,5000,2025-05-19,2025-05-08,79.3,102.00,2025-05-21,2025-05-28,1
114159,2025-05-16,台新綜合證券股份有限公司,三洋實業股份有限公司,有擔保轉換公司債,競價拍賣,正常,2,110.71,3000,2025-05-20,,102.0,102.48,2025-05-22,2025-05-29,1
114164,2025-05-15,元大證券股份有限公司,泓德能源科技股份有限公司,無擔保轉換公司債,詢價圈購,正常,2,100.5,30000,2025-05-19,2025-05-21,246,,2025-05-23,2025-05-29,1
114165,2025-05-15,凱基證券股份有限公司,聯合骨科器材股份有限公司,無擔保轉換公司債,詢價圈購,正常,5,100.5,,2025-05-19,2025-05-21,109.8,110.09,2025-05-23,2025-05-29,1
114171,2025-05-16,富邦綜合證券股份有限公司,健策精密工業股份有限公司,無擔保轉換公司債,詢價圈購,正常,4,101,30000,2025-05-21,2025-05-23,1327.40,102.5,2025-05-27,2025-06-03,1
114174,2025-05-26,富邦綜合證券股份有限公司,台灣氣立股份有限公司,有擔保轉換公司債,競價拍賣,正常,4,102,5000,2025-05-28,2025-05-19,44.0,104.76,2025-06-02,2025-06-09,1
114181,2025-06-02,富邦綜合證券股份有限公司,健策精密工業股份有限公司,無擔保轉換公司債,競價拍賣,正常,5,108.37,20000,2025-06-02,2025-05-23,1320.90,102,2025-06-06,2025-06-13,1
114183,2025-06-04,台新綜合證券股份有限公司,順德工業股份有限公司,無擔保轉換公司債,競價拍賣,正常,1,102.18,12000,2025-06-06,,75.0,104.90,2025-06-10,2025-06-17,1
114184,2025-06-03,富邦綜合證券股份有限公司,碩天科技股份有限公司,無擔保轉換公司債,競價拍賣,正常,3,100,15000,2025-06-05,2025-05-26,305,114.66,2025-06-09,2025-06-16,1
114186,2025-06-04,台新綜合證券股份有限公司,三洋實業股份有限公司,無擔保轉換公司債,詢價圈購,正常,3,100,4000,2025-06-05,2025-06-09,105.0,105.21,2025-06-11,,1
114188,2025-06-02,國票綜合證券股份有限公司,聚隆纖維股份有限公司,有擔保轉換公司債,競價拍賣,正常,4,103.11,4000,2025-06-11,2025-06-02,18.8,104,2025-06-13,2025-06-20,1
114189,2025-06-06,凱基證券股份有限公司,鑫龍騰開發股份有限公司,無擔保轉換公司債,詢價圈購,正常,2,100,,2025-06-10,2025-06-12,31.4,105.1,2025-06-16,2025-06-20,1
114192,2025-06-09,台新綜合證券股份有限公司,承業生醫投資控股股份有限公司,無擔保轉換公司債,詢價圈購,正常,5,100.5,9000,2025-06-10,2025-06-12,48.4,105.2,2025-06-16,,1
114193,2025-06-10,凱基證券股份有限公司,大華建設股份有限公司,無擔保轉換公司債,詢價圈購,正常,3,100,,2025-06-12,2025-06-13,34.7,105.18,2025-06-17,2025-06-23,1
114194,2025-06-10,國泰綜合證券股份有限公司,達麗建設事業股份有限公司,無擔保轉換公司債,詢價圈購,正常,7,100,6000,2025-06-13,2025-06-17,52.3,105.01,2025-06-19,2025-06-25,1
114196,2025-06-11,永豐金證券股份有限公司,松上電子股份有限公司,無擔保轉換公司債,詢價圈購,正常,5,100,3500,2025-06-13,2025-06-17,30.1,105.91,2025-06-19,2025-06-25,1
114197,2025-06-10,統一綜合證券股份有限公司,倉和股份有限公司,無擔保轉換公司債,競價拍賣,正常,1,102.54,3000,2025-06-17,2025-06-06,112,102.3,2025-06-19,2025-06-26,1
114199,2025-06-12,群益金鼎證券股份有限公司,汎德永業汽車股份有限公司,無擔保轉換公司債,詢價圈購,正常,1,101,10000,2025-06-16,2025-06-18,307.6,106.20,2025-06-20,2025-06-26,1
114201,2025-06-10,凱基證券股份有限公司,大華建設股份有限公司,無擔保轉換公司債,競價拍賣,正常,4,100.37,8000,2025-06-19,2025-06-10,32.5,102.3,2025-06-23,2025-06-30,1
114203,2025-06-17,統一綜合證券股份有限公司,遠見科技股份有限公司,無擔保轉換公司債,詢價圈購,正常,1,100,5000,2025-06-19,2025-06-20,48.30,105.01,2025-06-24,2025-06-30,1
114204,2025-06-17,群益金鼎證券股份有限公司,汎德永業汽車股份有限公司,無擔保轉換公司債,競價拍賣,正常,2,102.37,10000,2025-06-19,,297.8,102.5,2025-06-23,2025-06-30,1
114215,2025-07-09,永豐金證券股份有限公司,大井泵浦工業股份有限公司,無擔保轉換公司債,詢價圈購,正常,1,100,3000,2025-07-11,2025-07-15,63.6,105.07,2025-07-17,2025-07-23,1
114216,2025-07-10,凱基證券股份有限公司,凡甲科技股份有限公司,無擔保轉換公司債,詢價圈購,正常,7,101,,2025-07-14,2025-07-16,269.6,114.97,2025-07-18,2025-07-24,1
114219,2025-07-15,國泰綜合證券股份有限公司,大樹醫藥股份有限公司,無擔保轉換公司債,競價拍賣,正常,3,102.20,10000,2025-07-17,2025-07-08,149.74,102,2025-07-21,2025-07-28,1
114220,2025-07-15,台新綜合證券股份有限公司,開曼群島商竣邦國際股份有限公司,無擔保轉換公司債,競價拍賣,正常,1,100.37,1500,2025-07-17,,49.0,103,2025-07-21,2025-07-28,1
114223,2025-07-16,凱基證券股份有限公司,弘塑科技股份有限公司,無擔保轉換公司債,詢價圈購,正常,1,100.5,,2025-07-18,2025-07-22,1762.2,108,2025-07-24,2025-07-30,1
114224,2025-07-21,統一綜合股份有限公司,科妍生物科技股份有限公司,無擔保轉換公司債,詢價圈購,正常,3,100,4000,2025-07-21,2025-07-24,116.5,105.4,2025-07-28,2025-08-01,1
114225,2025-07-21,台新綜合證券股份有限公司,福貞控股股份有限公司,有擔保轉換公司債,競價拍賣,正常,3,100.00,12000,2025-07-23,,13.4,103,2025-07-25,2025-08-01,1
114228,2025-07-22,永豐金證券股份有限公司,進典工業股份有限公司,無擔保轉換公司債,競價拍賣,正常,1,101.83,3000,2025-07-24,2025-07-15,61.40,104.90,2025-07-28,2025-08-04,1
114230,2025-07-22,永豐金證券股份有限公司,大井泵浦工業股份有限公司,無擔保轉換公司債,競價拍賣,正常,2,100,2000,2025-07-24,2025-07-15,61.8,102.10,2025-07-28,2025-08-04,1
114231,2025-07-16,凱基證券股份有限公司,弘塑科技股份有限公司,無擔保轉換公司債,競價拍賣,正常,2,110.5,10000,2025-07-25,2025-07-16,1649.2,102.01,2025-07-29,2025-08-05,1
114233,2025-07-24,福邦證券股份有限公司,大量科技股份有限公司,無擔保轉換公司債,競價拍賣,正常,2,109.09,5000,2025-07-28,2025-07-17,170.00,108.40,2025-07-30,2025-08-06,1
114238,2025-07-24,群益金鼎證券股份有限公司,正德海運股份有限公司,無擔保轉換公司債,競價拍賣,正常,8,100.5,7800,2025-07-28,2025-07-17,19.30,102.12,2025-07-30,2025-08-06,1
114242,2025-07-29,元大證券股份有限公司,意德士科技股份有限公司,無擔保轉換公司債,詢價圈購,正常,1,101,1000,2025-07-31,2025-08-04,182,,2025-08-06,2025-08-12,1
114245,2025-08-04,第一金證券股份有限公司,英屬開曼群島光隆精密股份有限公司-KY,無擔保轉換公司債,競價拍賣,正常,1,100.5,5000,2025-08-06,2025-07-28,56.70,102.5,2025-08-08,2025-08-15,1
114246,2025-08-04,統一綜合證券股份有限公司,聯寶電子股份有限公司,無擔保轉換公司債,詢價圈購,正常,1,100,3000,2025-08-05,2025-08-07,43.06,105.01,2025-08-11,2025-08-15,1
114247,2025-08-04,元大證券股份有限公司,意德士科技股份有限公司,無擔保轉換公司債,競價拍賣,正常,2,109.25,2000,2025-08-06,2025-07-28,178.50,102,2025-08-08,2025-08-15,1
114252,2025-08-06,凱基證券股份有限公司,漢磊科技股份有限公司,無擔保轉換公司債,詢價圈購,正常,5,100.5,,2025-08-08,2025-08-12,40.1,105.3,2025-08-14,2025-08-20,1
114257,2025-08-12,凱基證券股份有限公司,雷科股份有限公司,無擔保轉換公司債,詢價圈購,正常,5,100,,2025-08-14,2025-08-18,52.1,105.1,2025-08-20,2025-08-26,1
114260,2025-08-14,康和綜合證券股份有限公司,動力科技股份有限公司-KY,無擔保轉換公司債,詢價圈購,正常,4,100,2500,2025-08-13,2025-08-19,79.79,105.01,2025-08-21,,1
114262,2025-08-15,華南永昌綜合證券股份有限公司,寶緯工業股份有限公司,有擔保轉換公司債,競價拍賣,正常,1,101.17,3000,2025-08-19,2025-08-08,29.80,102.58,2025-08-21,2025-08-28,1
114264,2025-08-18,國泰綜合證券股份有限公司,山富國際旅行社股份有限公司,無擔保轉換公司債,競價拍賣,正常,1,102,3000,2025-08-19,2025-08-08,135.00,106.30,2025-08-21,2025-08-28,1
114269,2025-08-20,統一綜合證券股份有限公司,邑錡股份有限公司,無擔保轉換公司債,詢價圈購,正常,2,100,4000,2025-08-21,2025-08-25,97.60,105.01,2025-08-27,2025-09-02,1
114272,2025-08-18,凱基證券股份有限公司,雷科股份有限公司,無擔保轉換公司債,競價拍賣,正常,6,116.21,2000,2025-08-27,2025-08-18,50.6,102,2025-08-29,2025-09-05,1
114280,2025-08-22,凱基證券股份有限公司,晶心科技股份有限公司,無擔保轉換公司債,詢價圈購,正常,1,101,,2025-08-27,2025-08-29,308,108.83,2025-09-02,2025-09-08,1
114281,2025-08-20,凱基證券股份有限公司,高技企業股份有限公司,無擔保轉換公司債,競價拍賣,正常,1,111.88,20000,2025-08-29,2025-08-20,300,103.27,2025-09-02,2025-09-09,1
114285,2025-09-01,永豐金證券股份有限公司,太普高精密影像股份有限公司,無擔保轉換公司債,詢價圈購,正常,3,100,2000,2025-09-03,2025-09-05,23.91,105.01,2025-09-09,2025-09-15,1
114290,2025-09-05,統一綜合證券股份有限公司,台灣醣聯生技醫藥股份有限公司,有擔保轉換公司債,競價拍賣,正常,4,109.13,5000,2025-09-09,2025-08-29,24.00,102.02,2025-09-11,2025-09-18,1
114305,2025-09-09,凱基證券股份有限公司,廣越企業股份有限公司,無擔保轉換公司債,競價拍賣,正常,3,102.1,8000,2025-09-18,2025-09-09,76,102.703,2025-09-22,2025-09-30,1
114309,2025-09-15,富邦綜合證券股份有限公司,國精化學股份有限公司,無擔保轉換公司債,詢價圈購,正常,3,102,5000,2025-09-18,2025-09-22,141.3,105.1,2025-09-24,2025-10-01,1
114310,2025-09-16,凱基證券股份有限公司,英屬開曼群島商裕慶金屬股份有限公司-KY,無擔保轉換公司債,詢價圈購,正常,1,100.5,,2025-09-18,2025-09-23,190.0,105.56,2025-09-25,2025-10-02,1
114312,2025-09-19,中國信託綜合證券股份有限公司,百和興業股份有限公司-KY,有擔保轉換公司債,競價拍賣,正常,1,101.83,10000,2025-09-23,2025-09-12,26.8,105,2025-09-25,2025-10-03,1
114313,2025-09-19,元富證券股份有限公司,茂為歐買尬數位科技股份有限公司,無擔保轉換公司債,詢價圈購,正常,3,100,2000,2025-09-22,2025-09-24,80.10,106.04,2025-09-26,2025-10-03,1
114314,2025-09-18,元富證券股份有限公司,茂為歐買尬數位科技股份有限公司,無擔保轉換公司債,競價拍賣,正常,2,104.51,4000,2025-09-22,2025-09-11,75.90,102.96,2025-09-24,2025-10-02,1
114316,2025-09-23,兆豐證券股份有限公司,鮮活控股股份有限公司-KY,無擔保轉換公司債,詢價圈購,正常,1,101.5,2000,2025-09-23,2025-09-26,190,111.44,,2025-10-08,1
114318,2025-09-24,福邦證券股份有限公司,安集科技股份有限公司,無擔保轉換公司債,競價拍賣,正常,5,100.71,6000,2025-09-26,2025-09-17,44.30,102.19,2025-10-01,2025-10-09,1
114321,2025-09-23,元大證券股份有限公司,八方雲集國際股份有限公司,無擔保轉換公司債,詢價圈購,正常,1,100.5,8000,2025-09-25,2025-09-30,212,,2025-10-02,2025-10-09,1
114323,2025-09-30,兆豐證券股份有限公司,凱衛資訊股份有限公司,有擔保轉換公司債,競價拍賣,正常,1,112.96,1000,2025-10-02,2025-09-22,41.2,103.78,2025-10-07,2025-10-15,1
114327,2025-10-01,統一綜合證券股份有限公司,富旺國際開發股份有限公司,有擔保轉換公司債,競價拍賣,正常,4,103.05,6000,2025-10-03,2025-09-23,21.17,105,2025-10-08,2025-10-16,1
114328,2025-10-01,統一綜合證券股份有限公司,華電聯網股份有限公司,無擔保轉換公司債,詢價圈購,正常,5,100,3000,2025-10-02,2025-10-07,25.02,105.01,2025-10-09,2025-10-16,1
114333,2025-10-03,元大證券股份有限公司,八方雲集國際股份有限公司,無擔保轉換公司債,競價拍賣,正常,2,107.18,2000,2025-10-08,2025-09-25,210,102.44,2025-10-13,2025-10-20,1
114335,2025-10-03,台新綜合證券股份有限公司,威力德生醫股份有限公司,無擔保轉換公司債,競價拍賣,正常,1,103.84,5000,2025-10-08,,73.90,102.07,2025-10-13,2025-10-20,1
114340,2025-10-09,中國信託綜合證券股份有限公司,今國光學工業股份有限公司,有擔保轉換公司債,競價拍賣,正常,3,115.02,4500,2025-10-14,2025-10-01,38.6,105,2025-10-16,2025-10-23,1
114342,2025-10-13,合作金庫證券股份有限公司,聯上實業股份有限公司,有擔保轉換公司債,競價拍賣,正常,5,102,4000,2025-10-15,2025-10-02,26.30,110.04,2025-10-17,2025-10-27,1
114345,2025-10-03,凱基證券股份有限公司,世禾科技股份有限公司,無擔保轉換公司債,競價拍賣,正常,3,114.42,5000,2025-10-16,2025-10-03,173,103.60,2025-10-20,2025-10-28,1
114346,2025-10-13,群益金鼎證券股份有限公司,榮昌科技股份有限公司,無擔保轉換公司債,詢價圈購,正常,1,101,3000,2025-10-15,2025-10-17,50.7,105.1,2025-10-21,2025-10-28,1
114356,2025-10-23,中國信託綜合證券股份有限公司,欣興電子股份有限公司,無擔保轉換公司債,詢價圈購,正常,1,101,40000,2025-10-21,2025-10-23,165.4,104,2025-10-28,2025-11-03,1
114361,2025-10-16,國票綜合證券股份有限公司,萬泰科技股份有限公司,無擔保轉換公司債,競價拍賣,正常,7,106.21,10000,2025-10-28,2025-10-16,41.7,101.78,2025-10-30,2025-11-06,1
114367,2025-10-29,國泰綜合證券股份有限公司,台燿科技股份有限公司,無擔保轉換公司債,詢價圈購,正常,5,108,40000,2025-11-03,2025-11-05,386,102.04,2025-11-07,2025-11-13,1
114368,2025-10-31,統一綜合證券股份有限公司,偉訓科技股份有限公司,無擔保轉換公司債,詢價圈購,正常,1,100,10000,2025-11-03,2025-11-05,105.9,106,2025-11-07,2025-11-13,1
114374,2025-11-06,兆豐證券股份有限公司,毅嘉科技股份有限公司,無擔保轉換公司債,詢價圈購,正常,3,102,10000,2025-11-06,2025-11-11,55,109.67,2025-11-13,2025-11-19,1
114377,2025-11-10,富邦綜合證券股份有限公司,金像電子股份有限公司,無擔保轉換公司債,競價拍賣,正常,3,112.88,90000,2025-11-13,2025-11-03,450,103.45,2025-11-18,2025-11-24,1
114379,2025-11-07,統一綜合證券股份有限公司,偉訓科技股份有限公司,無擔保轉換公司債,競價拍賣,正常,2,104.73,10000,2025-11-14,2025-11-05,101.9,102,2025-11-18,2025-11-25,1
114387,2025-11-13,元大證券股份有限公司,台灣特品化學股份有限公司,無擔保轉換公司債,詢價圈購,正常,1,101,20000,2025-11-17,2025-11-19,323.8,,2025-11-21,2025-11-27,1
114388,2025-11-13,富邦綜合證券股份有限公司,來億興業股份有限公司-KY,無擔保轉換公司債,詢價圈購,正常,1,100,45000,2025-11-18,2025-11-20,246.40,102.5,2025-11-24,2025-11-28,1
114393,2025-11-18,台新綜合證券股份有限公司,光紅建聖股份有限公司,無擔保轉換公司債,詢價圈購,正常,2,100.5,10000,2025-11-19,2025-11-21,1103.5,105.43,2025-11-26,,1
114394,2025-11-21,統一綜合證券股份有限公司,凌航科技股份有限公司,無擔保轉換公司債,詢價圈購,正常,1,100,10000,2025-11-24,2025-11-26,52.19,105.01,2025-11-28,2025-12-04,1
114397,2025-11-25,華南永昌綜合證券股份有限公司,六角國際事業股份有限公司,無擔保轉換公司債,詢價圈購,正常,4,100,6000,2025-11-26,2025-11-28,74.30,,2025-12-02,2025-12-08,1
114400,2025-11-20,富邦綜合證券股份有限公司,來億興業股份有限公司-KY,無擔保轉換公司債,競價拍賣,正常,2,119.83,5000,2025-12-01,2025-11-20,245.2,102,2025-12-03,2025-12-10,1
114407,2025-11-28,台新綜合證券股份有限公司,光紅建聖股份有限公司,無擔保轉換公司債,競價拍賣,正常,3,124.86,15000,2025-12-02,,1065.9,102,2025-12-04,2025-12-11,1
114412,2025-11-26,富邦綜合證券股份有限公司,系統電子工業股份有限公司,無擔保轉換公司債,詢價圈購,正常,6,100.5,7000,2025-12-02,2025-12-04,63.5,105.1,2025-12-08,2025-12-12,1
114414,2025-12-02,富邦綜合證券股份有限公司,系統電子工業股份有限公司,無擔保轉換公司債,競價拍賣,正常,7,116.91,5000,2025-12-04,2025-11-25,55,102.8,2025-12-08,2025-12-15,1
114415,2025-12-04,福邦證券股份有限公司,康普材料科技股份有限公司,有擔保轉換公司債,競價拍賣,正常,4,110.46,6000,2025-12-08,2025-11-27,71,108.6,2025-12-10,2025-12-17,1
114416,2025-12-02,永豐金證券股份有限公司,台灣金山電子工業股份有限公司,無擔保轉換公司債,詢價圈購,正常,6,100,3500,2025-12-04,2025-12-08,60,105.26,2025-12-10,2025-12-16,1
114423,2025-12-05,富邦綜合證券股份有限公司,晉弘科技股份有限公司,無擔保轉換公司債,詢價圈購,正常,2,100.5,2000,2025-12-10,2025-12-12,101.6,105.46,2025-12-16,2025-12-22,1
114434,2025-12-12,福邦證券股份有限公司,州巧科技股份有限公司,有擔保轉換公司債,競價拍賣,正常,1,111.76,4000,2025-12-16,2025-12-05,46.30,104.80,2025-12-18,2025-12-26,1
114436,2025-12-12,台新綜合證券股份有限公司,復盛應用科技股份有限公司,無擔保轉換公司債,競價拍賣,正常,2,108.66,15000,2025-12-16,,270.0,105.68,2025-12-18,2025-12-26,1
114437,2025-12-12,國泰綜合證券股份有限公司,伯鑫工具股份有限公司,無擔保轉換公司債,競價拍賣,正常,1,103.60,1500,2025-12-16,2025-12-05,130.0,104,2025-12-18,2025-12-26,1
114445,2025-12-22,華南永昌綜合證券股份有限公司,匯鑽科技股份有限公司,無擔保轉換公司債,詢價圈購,正常,2,100,3000,2025-12-22,2025-12-24,68.00,,2025-12-29,2026-01-05,1
114446,2025-12-19,台新綜合證券股份有限公司,五福旅行社股份有限公司,無擔保轉換公司債,競價拍賣,正常,1,104.97,3000,2025-12-23,2025-12-12,111.3,102.00,2025-12-26,2026-01-05,1
114448,2025-12-19,元大證券股份有限公司,中華精測科技股份有限公司,無擔保轉換公司債,競價拍賣,正常,1,128.43,20000,2025-12-23,2025-12-12,2016.8,103.64,2025-12-26,2026-01-05,1
114450,2025-12-24,群益金鼎證券股份有限公司,威剛科技股份有限公司,無擔保轉換公司債,詢價圈購,正常,8,100,20000,2025-12-29,2025-12-30,244,106.71,2026-01-02,2026-01-08,1
115003,2025-12-26,富邦綜合證券股份有限公司,志聖工業股份有限公司,無擔保轉換公司債,詢價圈購,正常,2,105,7000,2025-12-29,2025-12-31,250.6,105.01,2026-01-05,2026-01-09,1
115010,2025-12-24,凱基證券股份有限公司,大聯大控股股份有限公司,無擔保交換公司債,詢價圈購,正常,1,101,,2025-12-29,2026-01-06,160.8,115.27,2026-01-08,2026-01-14,1
115012,2026-01-02,永豐金證券股份有限公司,十銓科技股份有限公司,有擔保轉換公司債,競價拍賣,正常,4,134.44,20000,2026-01-06,2025-12-24,147,102.01,2026-01-08,2026-01-15,1
115021,2025-12-30,群益金鼎證券股份有限公司,天品聯合企業股份有限公司,有擔保轉換公司債,競價拍賣,正常,3,113.35,2500,2026-01-09,2025-12-30,104.60,102,2026-01-13,2026-01-20,1
115023,2026-01-07,福邦證券股份有限公司,尖點科技股份有限公司,無擔保轉換公司債,競價拍賣,正常,2,115.16,7000,2026-01-09,2025-12-30,203.5,110,2026-01-13,2026-01-20,1
115026,2026-01-09,富邦綜合證券股份有限公司,志聖工業股份有限公司,無擔保轉換公司債,競價拍賣,正常,3,123.34,10000,2026-01-13,2026-01-02,246.6,102,2026-01-15,2026-01-22,1
115027,2026-01-07,群益金鼎證券股份有限公司,天品聯合企業股份有限公司,無擔保轉換公司債,詢價圈購,正常,4,100,3500,2026-01-09,2026-01-13,114.80,105.1,2026-01-15,2026-01-21,1
115028,2026-01-06,凱基證券股份有限公司,定穎投資控股股份有限公司,無擔保轉換公司債,詢價圈購,正常,1,101,,2026-01-09,2026-01-13,140,108.36,2026-01-15,2026-01-21,1
115029,2026-01-08,國泰綜合證券股份有限公司,聯嘉光電投資控股股份有限公司,有擔保轉換公司債,競價拍賣,正常,1,105.57,7000,2026-01-12,2025-12-31,17.50,103.55,2026-01-14,2026-01-21,1
115034,2026-01-08,永豐金證券股份有限公司,騰輝電子國際集團股份有限公司-KY,無擔保轉換公司債,詢價圈購,正常,1,100,5000,2026-01-12,2026-01-14,96,105.48,2026-01-16,2026-01-22,1
115037,2026-01-12,群益金鼎證券股份有限公司,全新光電科技股份有限公司,無擔保轉換公司債,詢價圈購,正常,2,100.2,5000,2026-01-14,2026-01-15,162.9,105.02,2026-01-19,2026-01-23,1
115038,2026-01-12,台新綜合證券股份有限公司,宇隆科技股份有限公司,無擔保轉換公司債,詢價圈購,正常,1,101,13000,2026-01-13,2026-01-15,250.0,107.00,2026-01-19,,1
115040,2026-01-12,元大證券股份有限公司,勤誠興業股份有限公司,無擔保轉換公司債,詢價圈購,正常,2,100.5,8000,2026-01-14,2026-01-16,1007.2,,2026-01-20,2026-01-26,1
115041,2026-01-07,群益金鼎證券股份有限公司,全新光電科技股份有限公司,無擔保轉換公司債,競價拍賣,正常,3,124.47,5000,2026-01-14,,153.5,103.02,2026-01-20,2026-01-27,1
115049,2026-01-16,富邦綜合證券股份有限公司,寬魚國際股份有限公司,有擔保轉換公司債,競價拍賣,正常,1,107.3,1500,2026-01-20,2026-01-09,36.9,102,2026-01-22,2026-01-29,1
115051,2026-01-15,統一綜合證券股份有限公司,力士科技股份有限公司,無擔保轉換公司債,詢價圈購,正常,1,100,2500,2026-01-19,2026-01-21,34.66,105.15,2026-01-23,2026-01-29,1
115054,2026-01-15,富邦綜合證券股份有限公司,寬魚國際股份有限公司,無擔保轉換公司債,詢價圈購,正常,2,100,2500,2026-01-20,2026-01-22,38.9,105.01,2026-01-26,2026-01-30,1
115055,2026-01-19,凱基證券股份有限公司,佳能企業股份有限公司,無擔保轉換公司債,詢價圈購,正常,2,101,3000,2026-01-21,2026-01-23,86.8,105.19,2026-01-27,2026-02-02,1
115058,2026-01-21,永豐金證券股份有限公司,騰輝電子股份有限公司,無擔保轉換公司債,競價拍賣,正常,2,115.87,5000,2026-01-23,2026-01-14,93,102.18,2026-01-27,2026-02-03,1
115060,2026-01-21,元大證券股份有限公司,勤誠興業股份有限公司,無擔保轉換公司債,競價拍賣,正常,3,117.76,7000,2026-01-23,2026-01-14,985.3,103.5,2026-01-27,2026-02-03,1
115067,2026-01-22,元大證券股份有限公司,閎康科技股份有限公司,無擔保轉換公司債,競價拍賣,正常,2,117.66,7000,2026-01-23,2026-01-15,198,103.13,2026-01-28,2026-02-04,1
115070,2026-01-16,凱基證券股份有限公司,穎崴科技股份有限公司,無擔保轉換公司債,競價拍賣,正常,2,130.03,30000,2026-01-27,2026-01-16,3540.4,102,2026-01-29,2026-02-05,1
115071,2026-01-21,凱基證券股份有限公司,群聯電子股份有限公司,無擔保轉換公司債,詢價圈購,正常,3,101,,2026-01-27,2026-01-29,2488,115.185,2026-02-02,2026-02-06,1
115074,2026-01-28,台新綜合證券股份有限公司,百達精密工業股份有限公司,無擔保轉換公司債,詢價圈購,正常,3,100,2500,2026-01-29,2026-02-02,118.1,105.01,2026-02-04,,1
115084,2026-02-04,凱基證券股份有限公司,雙鴻科技股份有限公司,無擔保轉換公司債,詢價圈購,正常,6,100.2,,2026-02-06,2026-02-10,1124,107.56,2026-02-23,2026-03-02,1
115088,2026-02-23,兆豐證券股份有限公司,衛司特科技股份有限公司,無擔保轉換公司債,詢價圈購,正常,1,102,3000,2026-02-24,2026-02-26,262.4,105.13,2026-03-03,2026-03-09,1
115091,2026-02-24,群益金鼎證券股份有限公司,長虹建設股份有限公司,無擔保轉換公司債,詢價圈購,正常,4,101,15000,2026-02-26,2026-03-03,80,105.08,2026-03-05,2026-03-11,1
115095,2026-02-23,凱基證券股份有限公司,雙鴻科技股份有限公司,無擔保轉換公司債,競價拍賣,正常,7,129.77,20000,2026-03-05,2026-02-23,1105,102,2026-03-09,2026-03-16,1
115096,2026-02-25,華南永昌綜合證券股份有限公司,三集瑞科技國際集團股份有限公司,無擔保轉換公司債,詢價圈購,正常,1,101.0,10000,2026-02-26,2026-03-05,197.00,,2026-03-09,2026-03-13,1
115102,2026-03-02,凱基證券股份有限公司,華泰電子股份有限公司,無擔保轉換公司債,詢價圈購,正常,1,102,,2026-03-05,2026-03-10,51.3,107,2026-03-12,2026-03-18,1
115104,2026-03-06,永豐金證券股份有限公司,高端疫苗生物製劑股份有限公司,有擔保轉換公司債,競價拍賣,正常,2,104.95,7500,2026-03-10,2026-02-26,37.00,103.18,2026-03-12,2026-03-19,1
115105,2026-03-06,兆豐證券股份有限公司,鴻呈實業股份有限公司,無擔保轉換公司債,競價拍賣,正常,1,109.55,4500,2026-03-10,2026-02-26,126,105,2026-03-12,2026-03-19,1
115106,2026-03-09,合作金庫證券股份有限公司,聯上實業股份有限公司,無擔保轉換公司債,競價拍賣,正常,6,100,2000,2026-03-11,2026-03-02,20.45,102.00,2026-03-13,2026-03-20,1
115110,2026-03-04,凱基證券股份有限公司,定穎投資控股股份有限公司,無擔保轉換公司債,競價拍賣,正常,2,125.12,10000,2026-03-13,2026-03-04,159,102.8,2026-03-17,2026-03-24,1
115111,2026-03-12,元富證券股份有限公司,逸達生物科技股份有限公司,有擔保轉換公司債,競價拍賣,正常,1,104.51,4000,2026-03-16,2026-03-05,84.30,105.12,2026-03-18,2026-03-25,1
115114,2026-03-06,群益金鼎證券股份有限公司,今皓實業股份有限公司,有擔保轉換公司債,競價拍賣,正常,2,105.03,4500,2026-03-17,2026-03-06,12.50,102,2026-03-19,2026-03-26,1
115123,2026-03-19,台新綜合證券股份有限公司,保瑞藥業股份有限公司,無擔保轉換公司債,詢價圈購,正常,4,101,20000,2026-03-20,2026-03-24,500.0,105.63,2026-03-26,,1
115131,2026-03-31,台新綜合證券股份有限公司,保瑞藥業股份有限公司,無擔保轉換公司債,競價拍賣,正常,5,107.99,10000,2026-04-02,,485.0,102.46,2026-04-08,2026-04-15,1
115134,2026-04-07,群益金鼎證券股份有限公司,台境企業股份有限公司,無擔保轉換公司債,詢價圈購,正常,2,100,2500,2026-04-09,2026-04-13,19.7,105.5,2026-04-15,2026-04-21,1
115141,2026-04-15,群益金鼎證券股份有限公司,立碁電子工業股份有限公司,無擔保轉換公司債,詢價圈購,正常,4,101,5000,2026-04-17,2026-04-20,75.1,105.01,2026-04-22,2026-04-28,1
115146,2026-04-20,統一綜合證券股份有限公司,富強鑫精密工業股份有限公司,無擔保轉換公司債,詢價圈購,正常,4,100,4000,2026-04-21,2026-04-23,26.63,105.05,2026-04-27,2026-05-04,1
115147,2026-04-20,台新綜合證券股份有限公司,永捷創新科技股份有限公司,有擔保轉換公司債,競價拍賣,正常,8,113.43,3000,2026-04-22,2026-04-13,16.1,109.90,2026-04-24,2026-05-04,1
115151,2026-04-14,凱基證券股份有限公司,宇瞻科技股份有限公司,無擔保轉換公司債,競價拍賣,正常,1,137.25,10000,2026-04-23,2026-04-14,165,104.21,2026-04-27,2026-05-05,1
115152,2026-04-20,台新綜合證券股份有限公司,晟德大藥廠股份有限公司,無擔保轉換公司債,詢價圈購,正常,8,100,15000,2026-04-21,2026-04-23,43.0,106.86,,,1
115153,2026-04-20,凱基證券股份有限公司,經寶精密控股-KY,無擔保轉換公司債,詢價圈購,正常,4,100.5,,2026-04-22,2026-04-24,353,105.06,2026-04-28,2026-05-05,1
115154,2026-04-21,統一綜合證券股份有限公司,凌航科技股份有限公司,無擔保轉換公司債,詢價圈購,正常,2,100,15000,2026-04-15,2026-04-24,129.9,105.01,2026-04-28,2026-05-05,1
115161,2026-04-23,凱基證券股份有限公司,家登精密工業股份有限公司,無擔保轉換公司債,詢價圈購,正常,5,100,,2026-04-27,2026-04-29,488.9,105.02,2026-05-04,2026-05-08,1
115162,2026-04-24,永豐金證券股份有限公司,柏文健康事業股份有限公司,無擔保轉換公司債,詢價圈購,正常,4,100,4000,2026-04-28,2026-04-29,152.2,105.04,2026-05-04,2026-05-08,1
115164,2026-04-20,凱基證券股份有限公司,經寶精密控股股份有限公司-KY,無擔保轉換公司債,競價拍賣,正常,5,120.02,3500,2026-04-29,2026-04-20,322.6,102.01,2026-05-04,2026-05-11,1
115167,2026-04-29,元大證券股份有限公司,金雨企業股份有限公司,有擔保轉換公司債,競價拍賣,正常,1,108.86,5000,2026-05-04,2026-04-22,46,106.36,2026-05-06,2026-05-13,1
115171,2026-04-30,台新綜合證券股份有限公司,晟德大藥廠股份有限公司,無擔保轉換公司債,競價拍賣,正常,9,100.00,5000,2026-05-05,,42.0,104.37,2026-05-07,2026-05-14,1
115172,2026-04-30,福邦證券股份有限公司,鉅橡企業股份有限公司,有擔保轉換公司債,競價拍賣,正常,6,127.24,3000,2026-05-05,2026-04-23,80.5,102,2026-05-07,2026-05-14,1
115179,2026-05-07,福邦證券股份有限公司,聯友金屬科技股份有限公司,無擔保轉換公司債,詢價圈購,正常,1,101,,2026-05-08,2026-05-12,795.0,104.61,2026-05-14,2026-05-20,1
115180,2026-04-30,凱基證券股份有限公司,家登精密工業股份有限公司,無擔保轉換公司債,競價拍賣,正常,6,136.9,15000,2026-05-12,2026-04-30,483,102.07,2026-05-14,2026-05-21,1
115181,2026-05-08,國泰綜合證券股份有限公司,崑鼎綠能環保股份有限公司,無擔保轉換公司債,競價拍賣,正常,2,102,20000,2026-05-12,2026-04-30,324,111.98,2026-05-14,2026-05-21,1
115183,2026-05-08,富邦綜合證券股份有限公司,勤凱科技股份有限公司,無擔保轉換公司債,詢價圈購,正常,2,100.5,4000,2026-05-12,2026-05-14,303.5,105.13,2026-05-18,2026-05-22,1
115185,2026-05-05,群益金鼎證券股份有限公司,霖宏科技股份有限公司,有擔保轉換公司債,競價拍賣,正常,2,158.4,2900,2026-05-14,2026-05-05,33.4,102.14,2026-05-18,2026-05-25,1
115188,2026-05-14,華南永昌綜合證券股份有限公司,國精化學股份有限公司,無擔保轉換公司債,詢價圈購,正常,4,102,,,2026-05-18,265.70,,,2026-05-26,1
115192,2026-05-15,兆豐證券股份有限公司,新應材股份有限公司,無擔保轉換公司債,競價拍賣,正常,1,134.69,20000,2026-05-19,2026-05-08,1072,106.92,2026-05-21,2026-05-28,1
115196,2026-05-18,台新綜合證券股份有限公司,新盛力科技股份有限公司,無擔保轉換公司債,競價拍賣,正常,1,135.82,7000,2026-05-20,,175.0,102.94,2026-05-22,2026-05-29,1
115207,2026-05-26,台新綜合證券股份有限公司,長興材料工業股份有限公司,無擔保轉換公司債,競價拍賣,正常,2,130.28,20000,2026-05-28,,76.0,102.98,2026-06-01,2026-06-08,1
115208,2026-05-20,凱基證券股份有限公司,昇達科技股份有限公司,無擔保轉換公司債,競價拍賣,正常,3,144.93,12000,2026-05-29,2026-05-20,1788,103.293,2026-06-02,2026-06-09,1
115209,2026-05-26,凱基證券股份有限公司,正基科技股份有限公司,無擔保轉換公司債,詢價圈購,正常,2,100.5,,2026-05-28,2026-06-01,88.5,109.10,2026-06-03,2026-06-09,1
115210,2026-05-21,凱基證券股份有限公司,岳豐科技股份有限公司,有擔保轉換公司債,競價拍賣,正常,10,112.14,5000,2026-06-01,2026-05-21,33,106.28,2026-06-03,2026-06-10,1
115218,2026-05-29,凱基證券股份有限公司,旺矽科技股份有限公司,無擔保轉換公司債,詢價圈購,正常,6,100.5,,2026-06-03,2026-06-05,6223,106.832,2026-06-09,2026-06-15,1
115224,2026-06-05,台新綜合證券股份有限公司,英濟股份有限公司,有擔保轉換公司債,競價拍賣,正常,3,117.71,3000,2026-06-09,,41.8,103,2026-06-11,2026-06-18,1
115227,2026-06-08,凱基證券股份有限公司,至上電子股份有限公司,無擔保轉換公司債,詢價圈購,正常,11,100.2,20000,2026-06-10,2026-06-12,95.3,104.36,2026-06-16,2026-06-23,1
115236,2026-06-09,凱基證券股份有限公司,正基科技股份有限公司,無擔保轉換公司債,競價拍賣,正常,3,111.04,2000,2026-06-18,2026-06-09,81.5,103.69,2026-06-23,2026-06-30,1
115239,2026-06-10,凱基證券股份有限公司,宜鼎國際股份有限公司,無擔保轉換公司債,競價拍賣,正常,2,125.69,30000,2026-06-22,2026-06-10,2180,109.55,2026-06-24,2026-07-01,1
115240,2026-06-16,華南永昌綜合證券股份有限公司,佐登妮絲集團股份有限公司,有擔保轉換公司債,競價拍賣,正常,4,100.00,5000,2026-06-18,2026-06-09,26.60,107.00,2026-06-23,2026-06-30,1
115242,2026-06-18,統一綜合證券股份有限公司,擎亞電子股份有限公司,無擔保轉換公司債,詢價圈購,正常,2,101,8000,2026-06-22,2026-06-24,158,105.01,2026-06-26,2026-07-02,1
115244,2026-06-18,元大證券股份有限公司,萬潤科技股份有限公司,無擔保轉換公司債,競價拍賣,正常,6,140.21,30000,2026-06-23,2026-06-11,1150,104.36,2026-06-25,2026-07-02,1
115245,2026-06-17,凱基證券股份有限公司,南俊國際股份有限公司,無擔保轉換公司債,詢價圈購,正常,3,100,,2026-06-22,2026-06-24,685,105.55,2026-06-26,2026-07-02,1
115248,2026-06-22,凱基證券股份有限公司,宏致電子股份有限公司,無擔保轉換公司債,詢價圈購,正常,4,100.5,,2026-06-24,2026-06-26,88,111.73,2026-06-30,2026-07-06,1
115258,2026-07-02,統一綜合證券股份有限公司,擎亞電子股份有限公司,無擔保轉換公司債,競價拍賣,正常,3,114.60,5000,2026-07-03,2026-06-24,155,103,2026-07-07,2026-07-14,1
115261,2026-07-01,國泰綜合證券股份有限公司,大東電業廠股份有限公司,無擔保轉換公司債,詢價圈購,正常,1,100.5,20000,2026-07-06,2026-07-08,232,105.12,2026-07-10,2026-07-16,1
115263,2026-07-06,中國信託綜合證券股份有限公司,萬旭電業股份有限公司,有擔保轉換公司債,競價拍賣,正常,3,121.18,3000,2026-07-08,2026-06-29,34.00,103.50,2026-07-10,2026-07-17,1
115267,2026-07-08,福邦證券股份有限公司,安國國際科技股份有限公司,有擔保轉換公司債,競價拍賣,正常,1,116.19,4000,2026-07-13,2026-07-01,122.6,103.03,2026-07-15,2026-07-22,1
115269,2026-07-14,中國信託綜合證券股份有限公司,一詮精密工業股份有限公司,無擔保轉換公司債,詢價圈購,正常,7,100.3,20000,2026-07-14,2026-07-15,256,104.28,2026-07-17,2026-07-23,1
115270,2026-07-09,富邦綜合證券股份有限公司,威宏控股股份有限公司-KY,有擔保轉換公司債,競價拍賣,正常,3,110.59,4000,2026-07-15,2026-07-06,42.5,102,2026-07-17,2026-07-24,1
115272,2026-07-09,富邦綜合證券股份有限公司,巨漢系統科技股份有限公司,無擔保轉換公司債,詢價圈購,正常,1,105,5000,2026-07-14,2026-07-16,406.6,105.01,2026-07-20,2026-07-24,1
115273,2026-07-13,兆豐證券股份有限公司,廣閎科技股份有限公司,無擔保轉換公司債,詢價圈購,正常,1,102,5000,2026-07-09,2026-07-16,228.1,105.1,2026-07-20,2026-07-24,1
115274,2026-07-06,富邦綜合證券股份有限公司,增你強股份有限公司,無擔保轉換公司債,詢價圈購,正常,5,100.5,5000,2026-07-08,2026-07-16,78,106.12,2026-07-20,2026-07-24,1
115275,2026-07-06,凱基證券股份有限公司,雲豹能源科技股份有限公司,有擔保轉換公司債,競價拍賣,正常,2,104.28,18000,2026-07-15,2026-07-06,72.3,102,2026-07-17,2026-07-24,1
115281,2026-07-16,統一綜合證券股份有限公司,邑昇實業股份有限公司,無擔保轉換公司債,詢價圈購,正常,2,100,2000,2026-07-17,2026-07-21,53,107.5,2026-07-23,2026-07-29,1
115284,2026-07-14,元大證券股份有限公司,辛耘企業股份有限公司,無擔保轉換公司債,詢價圈購,正常,3,107,5000,2026-07-16,2026-07-22,850,,2026-07-24,2026-07-30,1
115285,2026-07-17,凱基證券股份有限公司,博智電子股份有限公司,無擔保轉換公司債,詢價圈購,正常,2,105,,2026-07-22,2026-07-24,338,108.62,2026-07-28,2026-08-03,1
115289,2026-07-20,國票綜合證券股份有限公司,聖暉工程科技股份有限公司,無擔保轉換公司債,詢價圈購,正常,2,102,15000,2026-07-23,2026-07-27,1178,105.18,2026-07-29,2026-08-04,1
115290,2026-07-23,台新綜合證券股份有限公司,昶昕實業股份有限公司,無擔保轉換公司債,競價拍賣,正常,1,100.00,3000,2026-07-27,2026-07-16,90.8,102.02,2026-07-29,2026-08-05,1
115291,2026-07-16,凱基證券股份有限公司,雙鍵化工股份有限公司,有擔保轉換公司債,競價拍賣,正常,2,122.54,5000,2026-07-27,2026-07-16,336.8,102.03,2026-07-29,2026-08-05,1
115293,2026-07-27,統一綜合證券股份有限公司,晶宏半導體股份有限公司,無擔保轉換公司債,詢價圈購,正常,4,101,5000,2026-07-28,2026-07-30,63.01,105.01,2026-08-03,2026-08-07,1
115294,2026-07-27,宏遠證券股份有限公司,聯華電子股份有限公司,無擔保轉換公司債,詢價圈購,正常,1,101,120000,2026-07-28,2026-07-30,146.00,119.97,,2026-08-07,1
115295,2026-07-27,富邦綜合證券股份有限公司,巨漢系統科技股份有限公司,無擔保轉換公司債,競價拍賣,正常,2,116.12,10000,2026-07-29,2026-07-20,369.8,102,2026-07-31,2026-08-07,1
115297,2026-07-21,凱基證券股份有限公司,雍智科技股份有限公司,無擔保轉換公司債,競價拍賣,正常,1,117.75,15000,2026-07-30,2026-07-21,1127.1,102,2026-08-03,2026-08-10,1
115307,2026-07-30,元大證券股份有限公司,聯亞光電工業股份有限公司,有擔保轉換公司債,競價拍賣,正常,1,123.88,12000,2026-08-03,2026-07-23,1757.9,105.58,2026-08-05,2026-08-12,1
115308,2026-07-24,凱基證券股份有限公司,博智電子股份有限公司,無擔保轉換公司債,競價拍賣,正常,3,113.36,20000,2026-08-04,2026-07-24,318,102.19,2026-08-06,2026-08-13,1
115310,2026-07-31,元大證券股份有限公司,聯亞光電工業股份有限公司,無擔保轉換公司債,詢價圈購,正常,2,104,18000,2026-08-03,2026-08-05,2168.8,,2026-08-07,2026-08-13,1
115313,2026-08-03,統一綜合證券股份有限公司,維田科技股份有限公司,無擔保轉換公司債,詢價圈購,正常,2,101,2500,2026-08-04,2026-08-06,55.73,106,2026-08-10,2026-08-14,1
115314,2026-08-04,台新綜合證券股份有限公司,國統國際股份有限公司,有擔保轉換公司債,競價拍賣,正常,5,110.35,6000,2026-08-06,,55.0,103.58,2026-08-10,2026-08-17,1
115315,2026-07-28,國票綜合證券股份有限公司,聖暉工程科技股份有限公司,無擔保轉換公司債,競價拍賣,正常,3,117.04,15000,2026-08-06,2026-07-28,1158,104.796,2026-08-10,2026-08-17,1
115316,2026-08-05,永豐金證券股份有限公司,十銓科技股份有限公司,無擔保轉換公司債,競價拍賣,正常,5,124.55,30000,2026-08-07,2026-07-29,213.5,101.67,2026-08-11,2026-08-18,1
115317,2026-08-04,凱基證券股份有限公司,嘉晶電子股份有限公司,無擔保轉換公司債,詢價圈購,正常,6,101,3500,2026-08-06,2026-08-10,105,107.56,2026-08-12,2026-08-18,1
115318,2026-08-05,台新綜合證券股份有限公司,皇龍開發股份有限公司,有擔保轉換公司債,競價拍賣,正常,2,102.75,6000,2026-08-07,,20.5,104.86,2026-08-11,2026-08-18,1
115323,2026-08-10,台新綜合證券股份有限公司,廣穎電通股份有限公司,無擔保轉換公司債,詢價圈購,正常,1,100,5000,2026-08-11,2026-08-13,169.6,106.67,2026-08-14,,1
115325,2026-08-05,群益金鼎證券股份有限公司,倚強科技股份有限公司,無擔保轉換公司債,競價拍賣,正常,1,109.5,6000,2026-08-14,,66.4,106.58,2026-08-18,2026-08-25,1
115328,2026-08-13,宏遠證券股份有限公司,聚賢研發股份有限公司-創新版,無擔保轉換公司債,詢價圈購,正常,1,100.5,4000,2026-08-14,2026-08-18,150.8,105.38,,2026-08-26,1
115330,2026-08-14,台新綜合證券股份有限公司,國統國際股份有限公司,無擔保轉換公司債,競價拍賣,正常,6,102.00,6000,2026-08-19,,53.8,102.09,2026-08-21,2026-08-28,1
115331,2026-08-18,台新綜合證券股份有限公司,正達國際光電股份有限公司,有擔保轉換公司債,競價拍賣,正常,4,113.79,6500,2026-08-20,,68.1,104.42,2026-08-24,2026-08-31,1
115336,2026-08-21,宏遠證券股份有限公司,聯華電子股份有限公司,無擔保轉換公司債,競價拍賣,正常,2,119.82,,2026-08-26,2026-08-14,130.70,104.98,2026-08-28,2026-09-03,1
115337,2026-08-21,元大證券股份有限公司,中國砂輪企業股份有限公司,無擔保轉換公司債,競價拍賣,正常,2,124.21,10000,2026-08-26,2026-08-14,708.3,102,2026-08-28,2026-09-03,1
115340,2026-08-25,中國信託綜合證券股份有限公司,盟立自動化股份有限公司,無擔保轉換公司債,競價拍賣,正常,3,114.07,10000,2026-08-27,2026-08-18,202.8,106,2026-08-31,2026-09-07,1
115346,2026-08-27,永豐金證券股份有限公司,金利食安科技股份有限公司,無擔保轉換公司債,詢價圈購,正常,1,102.5,2000,2026-08-31,2026-09-02,22.50,106.13,2026-09-04,2026-09-10,1
115348,2026-08-28,台新綜合證券股份有限公司,寶一科技股份有限公司,有擔保轉換公司債,競價拍賣,正常,1,113.02,4000,2026-09-01,,42.3,105.00,2026-09-03,2026-09-10,1
115354,2026-08-31,統一綜合證券股份有限公司,大甲永和機械工業股份有限公司,無擔保轉換公司債,詢價圈購,正常,1,100,5000,2026-09-01,2026-09-03,82.16,105.01,2026-09-07,2026-09-11,1
115362,2026-09-04,群益金鼎證券股份有限公司,威剛科技股份有限公司,無擔保轉換公司債,詢價圈購,正常,9,102,30000,2026-09-08,2026-09-10,435.5,106.95,2026-09-14,2026-09-18,1
115365,2026-09-09,元大證券股份有限公司,辛耘企業股份有限公司,無擔保轉換公司債,競價拍賣,正常,4,126.89,15000,2026-09-11,2026-09-02,825,106.73,2026-09-15,2026-09-22,1
115366,2026-09-08,統一綜合證券股份有限公司,晶宏半導體股份有限公司,無擔保轉換公司債,競價拍賣,正常,5,118.48,5000,2026-09-11,2026-09-02,82.23,102.00,2026-09-15,2026-09-22,1
115372,2026-09-01,凱基證券股份有限公司,晟田科技工業股份有限公司,有擔保轉換公司債,競價拍賣,正常,5,114.41,3000,2026-09-10,2026-09-01,68.8,103.1,2026-09-14,2026-09-21,1
115374,2026-09-08,凱基證券股份有限公司,晟田科技工業股份有限公司,無擔保轉換公司債,詢價圈購,正常,6,100.5,,2026-09-10,2026-09-14,62.8,105.8,2026-09-16,2026-09-22,1
115375,2026-09-10,統一綜合證券股份有限公司,聯發國際餐飲事業股份有限公司,無擔保轉換公司債,詢價圈購,正常,2,101,4000,2026-09-11,2026-09-15,64.3,105.01,2026-09-17,2026-09-23,1
115376,2026-09-14,富邦綜合證券股份有限公司,增你強股份有限公司,無擔保轉換公司債,競價拍賣,正常,6,106.52,10000,2026-09-16,2026-09-07,67.8,104.79,2026-09-18,2026-09-29,1
115377,2026-09-14,元大證券股份有限公司,星宇航空股份有限公司,無擔保轉換公司債,詢價圈購,正常,1,100,5000,2026-09-15,2026-09-17,21.4,,2026-09-21,2026-09-29,1
115379,2026-09-15,元大證券股份有限公司,星宇航空股份有限公司,無擔保轉換公司債,競價拍賣,正常,2,101.18,15000,2026-09-17,2026-09-08,21.2,103,2026-09-21,2026-09-30,1
115380,2026-09-14,富邦綜合證券股份有限公司,威宏控股股份有限公司,無擔保轉換公司債,詢價圈購,正常,4,100,2000,2026-09-16,2026-09-18,48.0,105.01,2026-09-22,2026-09-30,1
115385,2026-09-09,凱基證券股份有限公司,晶豪科技股份有限公司,有擔保轉換公司債,競價拍賣,正常,2,118.49,20000,2026-09-21,2026-09-10,308,102.44,2026-09-23,2026-10-02,1
115386,2026-09-17,兆豐證券股份有限公司,安碁科技股份有限公司,無擔保轉換公司債,詢價圈購,正常,3,102,3000,2026-09-17,2026-09-22,46.4,105.22,2026-09-24,2026-10-02,1
115391,2026-09-21,中國信託綜合證券股份有限公司,可寧衛股份有限公司,無擔保轉換公司債,競價拍賣,正常,3,100.7,25000,2026-09-23,2026-09-14,30.00,114.29,2026-09-29,2026-10-06,1
115395,2026-09-23,富邦綜合證券股份有限公司,高力熱處理工業股份有限公司,無擔保轉換公司債,詢價圈購,正常,5,101.5,25000,2026-09-29,2026-10-01,1656.0,105.256,2026-10-05,2026-10-12,1
