etf,name,issuer,index,pre_date,post_date,start,end,days,effective,start_off,end_off,n_add,n_del,adds,dels,resolution
0050,元大台灣50,yuanta,臺灣50指數,2025-09-18,2025-10-16,2025-09-19,2025-09-22,2,2025-09-22,-1,0,2,2,2059 6919,1101 6446,1
0050,元大台灣50,yuanta,臺灣50指數,2025-12-18,2026-01-02,2025-12-19,2025-12-30,7,2025-12-22,-1,5,4,4,2360 2408 3653 3665,2609 4938 5871 5876,1
0050,元大台灣50,yuanta,臺灣50指數,2026-03-19,2026-03-24,2026-03-20,2026-03-20,1,2026-03-23,-1,-1,4,5,2344 2368 2449 7769,2379 2615 2912 3034 3665,1
0050,元大台灣50,yuanta,臺灣50指數,2026-04-10,2026-04-14,2026-04-13,2026-04-13,1,,,,1,0,3037,,1
0050,元大台灣50,yuanta,臺灣50指數,2026-06-17,2026-06-23,2026-06-22,2026-06-22,1,2026-06-22,0,0,4,4,3443 3665 4958 8046,1301 2002 2207 6919,2
0050,元大台灣50,yuanta,臺灣50指數,2026-09-17,2026-09-22,2026-09-18,2026-09-18,1,2026-09-21,-1,-1,1,1,6446,3661,1
0051,元大中型100,yuanta,臺灣中型100指數,2025-09-16,2025-09-22,2025-09-17,2025-09-19,3,2025-09-22,-3,-1,8,8,1101 1802 2645 6191 6442 6446 6805 8210,1210 1907 2059 2809 3035 6592 6919 9921,1
0051,元大中型100,yuanta,臺灣中型100指數,2025-12-18,2026-01-02,2025-12-19,2025-12-30,7,2025-12-22,-1,5,7,7,2451 2609 4938 5871 5876 6515 7799,2352 2360 2408 2540 3653 3665 5522,1
0051,元大中型100,yuanta,臺灣中型100指數,2026-03-19,2026-03-23,2026-03-20,2026-03-20,1,2026-03-23,-1,-1,9,9,2379 2615 2838 2912 3034 3189 3665 7750 8996,1722 2206 2344 2368 2449 3406 4763 9917 9941,1
0051,元大中型100,yuanta,臺灣中型100指數,2026-04-13,2026-04-17,2026-04-14,2026-04-16,3,,,,1,1,2337,3037,1
0051,元大中型100,yuanta,臺灣中型100指數,2026-06-17,2026-06-23,2026-06-22,2026-06-23,2,2026-06-22,0,1,18,16,1301 1560 1717 2002 2207 2455 2467 2492 3026 3030 3167 3532 4919 6196 6213 6257 6691 6919,1319 1477 1795 2006 2258 2539 2845 2915 3443 3665 4958 6176 6191 6472 7799 8046,2
0051,元大中型100,yuanta,臺灣中型100指數,2026-07-06,2026-07-13,2026-07-07,2026-07-08,2,,,,0,2,,6890 8454,1
0051,元大中型100,yuanta,臺灣中型100指數,2026-09-17,2026-09-22,2026-09-18,2026-09-21,2,2026-09-21,-1,0,4,4,3006 3661 6949 7610,2371 4583 4919 6446,1
0053,元大電子,yuanta,電子類加權股價指數,2026-03-17,2026-03-24,2026-03-18,2026-03-31,10,,,,16,16,2374 2486 3583 3661 3715 4585 6451 6515 6526 6691 6789 6805 6831 7769 7795 8271,2323 2340 2392 2405 2419 2426 2457 3049 3380 3454 3504 3576 6153 6168 6269 6533,1
0053,元大電子,yuanta,電子類加權股價指數,2026-03-31,2026-04-07,2026-04-01,2026-04-20,12,,,,1,0,6442,,1
0055,元大MSCI金融,yuanta,MSCI台灣金融指數,2026-09-02,2026-09-04,2026-09-03,2026-09-03,1,,,,0,1,,2834,1
0056,元大高股息,yuanta,臺灣高股息指數,2025-12-18,2026-01-02,2025-12-19,2025-12-30,7,2025-12-22,-1,5,3,3,2645 2884 3045,1504 4958 5871,1
0056,元大高股息,yuanta,臺灣高股息指數,2026-03-26,2026-03-30,2026-03-27,2026-03-27,1,2026-03-23,4,4,0,1,,9941,1
0056,元大高股息,yuanta,臺灣高股息指數,2026-06-17,2026-06-30,2026-06-22,2026-07-16,18,2026-06-22,0,17,5,4,1303 1513 2344 2408 4904,1319 1477 2006 6176,2
006201,元大富櫃50,yuanta,,2025-10-16,2025-10-21,2025-10-17,2025-10-20,2,,,,5,5,1815 5314 6739 8358 8932,3105 3218 3362 6279 6643,1
006201,元大富櫃50,yuanta,,2026-01-15,2026-01-20,2026-01-16,2026-01-19,2,,,,5,5,3105 3163 3363 6290 6584,5508 6469 6561 6739 8927,1
006201,元大富櫃50,yuanta,,2026-04-16,2026-04-21,2026-04-17,2026-04-20,2,,,,2,2,4991 6640,3078 5009,1
006201,元大富櫃50,yuanta,,2026-07-16,2026-07-21,2026-07-17,2026-07-21,3,,,,5,5,3357 6173 6182 6683 7828,3363 5314 6146 6188 6640,1
006201,元大富櫃50,yuanta,,2026-09-02,2026-09-04,2026-09-03,2026-09-03,1,,,,1,1,3718,5371,1
006201,元大富櫃50,yuanta,,2026-09-29,2026-10-02,2026-09-30,2026-10-01,2,,,,1,1,7856,8086,1
006203,元大MSCI台灣,yuanta,MSCI®臺灣指數,2025-11-21,2025-11-26,2025-11-24,2025-12-02,7,,,,6,7,1504 2360 2368 2449 3665 5274,2347 2353 2377 2409 3702 6409 6415,1
006203,元大MSCI台灣,yuanta,MSCI®臺灣指數,2026-02-25,2026-03-03,2026-03-02,2026-03-02,1,,,,1,4,7769,1476 2105 8464 9910,2
006203,元大MSCI台灣,yuanta,MSCI®臺灣指數,2026-05-28,2026-06-02,2026-05-29,2026-05-29,1,,,,1,7,6223,1102 1402 1504 2324 2474 2610 2633,1
006203,元大MSCI台灣,yuanta,MSCI®臺灣指數,2026-08-28,2026-09-04,2026-08-31,2026-09-01,2,,,,3,6,2344 2408 8299,1101 2609 2834 3293 3529 6919,1
00713,元大台灣高息低波,yuanta,臺灣指數公司特選高股息低波動指數,2025-12-12,2026-01-09,2025-12-15,2026-01-02,13,,,,15,15,1102 1216 2207 2379 2458 2606 2880 2903 3406 4938 5522 6005 6414 9907 9941,1477 2324 2393 2504 2607 2892 3030 3044 3592 6176 6196 6239 6257 6605 6670,1
00713,元大台灣高息低波,yuanta,臺灣指數公司特選高股息低波動指數,2026-06-15,2026-07-01,2026-06-16,2026-07-06,14,,,,15,15,1402 1476 1477 2376 2377 2382 2504 2633 2845 2892 3596 5876 6670 8464 8926,1102 2441 2474 2881 2883 3010 3406 4938 5522 6005 6278 6414 9904 9907 9941,1
00728,第一金工業30,firstsec,臺灣工業菁英30指數,2025-11-04,2025-11-06,2025-11-05,2025-11-05,1,,,,3,3,1319 1560 6515,2441 3042 6491,1
00728,第一金工業30,firstsec,臺灣工業菁英30指數,2026-05-05,2026-05-11,2026-05-06,2026-05-08,3,,,,4,4,1503 1504 3030 6526,2211 2458 3035 3376,1
00731,復華富時高息低波,fuhhwa,富時台灣高股息低波動指數,2025-09-17,2025-09-22,2025-09-18,2025-09-19,2,,,,0,2,,2809 6592,1
00731,復華富時高息低波,fuhhwa,富時台灣高股息低波動指數,2025-12-29,2025-12-31,2025-12-30,2025-12-30,1,,,,0,1,,2352,1
00731,復華富時高息低波,fuhhwa,富時台灣高股息低波動指數,2026-06-17,2026-06-30,2026-06-18,2026-06-18,1,,,,0,4,,2006 2845 2915 6176,1
00731,復華富時高息低波,fuhhwa,富時台灣高股息低波動指數,2026-07-13,2026-07-15,2026-07-14,2026-07-14,1,,,,0,1,,8454,1
00850,元大臺灣ESG永續,yuanta,臺灣永續指數,2025-09-18,2025-09-22,2025-09-19,2025-09-19,1,2025-09-22,-1,-1,0,1,,1434,1
00850,元大臺灣ESG永續,yuanta,臺灣永續指數,2025-12-18,2025-12-22,2025-12-19,2025-12-19,1,2025-12-22,-1,-1,3,3,2368 3036 3665,1101 1303 2002,1
00850,元大臺灣ESG永續,yuanta,臺灣永續指數,2026-03-19,2026-03-23,2026-03-20,2026-03-20,1,2026-03-23,-1,-1,0,1,,2204,1
00850,元大臺灣ESG永續,yuanta,臺灣永續指數,2026-06-17,2026-06-23,2026-06-22,2026-06-25,4,2026-06-22,0,3,10,1,1303 1326 1519 1802 2344 2404 2408 3044 6770 6781,2371,2
00850,元大臺灣ESG永續,yuanta,臺灣永續指數,2026-09-17,2026-09-21,2026-09-18,2026-09-18,1,2026-09-21,-1,-1,0,3,,2201 2498 9921,1
00878,國泰永續高股息,cathay,MSCI臺灣ESG永續高股息精選30指數,2025-11-14,2025-11-27,2025-11-17,2025-11-26,8,,,,3,3,2449 3293 4958,2377 2615 3702,1
00878,國泰永續高股息,cathay,MSCI臺灣ESG永續高股息精選30指數,2026-03-04,2026-03-06,2026-03-05,2026-03-05,1,,,,0,1,,2105,1
00878,國泰永續高股息,cathay,MSCI臺灣ESG永續高股息精選30指數,2026-05-20,2026-06-04,2026-05-21,2026-06-04,11,,,,5,4,2603 2618 2880 2887 2912,1402 2324 2449 2474,1
00878,國泰永續高股息,cathay,MSCI臺灣ESG永續高股息精選30指數,2026-09-01,2026-09-03,2026-09-02,2026-09-02,1,,,,0,1,,3293,1
00881,國泰台灣科技龍頭,cathay,臺灣指數公司特選臺灣上市上櫃FactSet科技龍頭通訊指數,2025-10-17,2025-10-21,2025-10-20,2025-10-22,3,,,,1,1,6223,6415,1
00881,國泰台灣科技龍頭,cathay,臺灣指數公司特選臺灣上市上櫃FactSet科技龍頭通訊指數,2026-04-15,2026-04-22,2026-04-16,2026-04-21,4,2026-04-21,-3,0,5,5,2313 3036 3105 6274 6515,2324 2356 3702 5347 6239,1
00891,中信關鍵半導體,ctbc,NYSE FactSet 臺灣ESG永續關鍵半導體指數,2025-10-22,2025-10-29,2025-10-23,2025-10-27,2,,,,3,3,6257 6510 6515,3035 3374 6147,1
00891,中信關鍵半導體,ctbc,NYSE FactSet 臺灣ESG永續關鍵半導體指數,2026-01-21,2026-01-27,2026-01-22,2026-01-23,2,,,,2,2,3105 3264,3131 4966,1
00891,中信關鍵半導體,ctbc,NYSE FactSet 臺灣ESG永續關鍵半導體指數,2026-04-23,2026-04-28,2026-04-24,2026-04-27,2,,,,5,5,2344 2408 3081 3131 6187,1560 3702 5483 6257 6526,1
00891,中信關鍵半導體,ctbc,NYSE FactSet 臺灣ESG永續關鍵半導體指數,2026-07-23,2026-07-28,2026-07-24,2026-07-31,6,,,,4,4,3532 3702 5483 6147,3131 3264 6187 6510,1
00896,中信綠能及電動車,ctbc,臺灣指數公司特選臺灣上市上櫃綠能及電動車指數,2025-11-17,2025-11-20,2025-11-18,2025-11-20,3,2025-11-19,-1,1,7,7,1609 3708 6176 6223 8299 8996 9933,1301 1319 1723 2049 3529 5347 5871,1
00896,中信綠能及電動車,ctbc,臺灣指數公司特選臺灣上市上櫃綠能及電動車指數,2026-05-18,2026-05-21,2026-05-19,2026-05-25,5,2026-05-20,-1,3,10,10,1723 2344 3443 5274 5536 5871 6285 8109 8358 8926,1609 2105 2360 2379 3010 3034 4739 5457 6176 9958,1
00912,中信臺灣智慧50,ctbc,臺灣指數公司特選臺灣上市上櫃智慧50指數,2025-10-17,2025-10-22,2025-10-20,2025-10-21,2,2025-10-21,-1,0,3,3,2059 3653 6919,1101 2609 4938,1
00912,中信臺灣智慧50,ctbc,臺灣指數公司特選臺灣上市上櫃智慧50指數,2026-01-16,2026-01-21,2026-01-19,2026-01-21,3,,,,5,5,2344 2368 2408 3037 7769,2615 2618 3034 3293 5876,1
00912,中信臺灣智慧50,ctbc,臺灣指數公司特選臺灣上市上櫃智慧50指數,2026-04-17,2026-04-22,2026-04-20,2026-04-21,2,2026-04-21,-1,0,4,4,2360 3665 5274 6223,2912 3661 6919 8069,1
00912,中信臺灣智慧50,ctbc,臺灣指數公司特選臺灣上市上櫃智慧50指數,2026-07-15,2026-07-21,2026-07-16,2026-07-20,3,2026-07-20,-2,0,5,5,3443 3481 4958 8046 8299,1301 2002 3665 4904 5880,1
00919,群益台灣精選高息,capital,臺灣指數公司特選臺灣上市上櫃精選高息指數,2025-12-15,2025-12-30,2025-12-16,2025-12-26,8,2025-12-17,-1,6,8,8,1215 2027 2211 2357 2887 3036 3702 8422,1442 2371 2393 2439 2520 3592 5508 8299,1
00922,國泰台灣領袖50,cathay,MSCI台灣領袖50精選指數,2025-11-19,2025-11-28,2025-11-20,2025-11-26,5,,,,11,10,2059 2360 2368 2449 2880 2890 3037 3443 3653 3665 5274,1101 2002 2376 2395 2603 2912 3529 4938 6409 6415,1
00922,國泰台灣領袖50,cathay,MSCI台灣領袖50精選指數,2026-05-28,2026-06-02,2026-05-29,2026-06-04,5,,,,6,6,1303 2395 3529 4958 6223 6446,2207 3045 3293 4904 5876 8069,1
00922,國泰台灣領袖50,cathay,MSCI台灣領袖50精選指數,2026-08-31,2026-09-02,2026-09-01,2026-09-01,1,,,,0,1,,3529,1
00923,群益台ESG低碳50,capital,臺灣指數公司特選臺灣ESG低碳50指數,2025-09-30,2025-10-02,2025-10-01,2025-10-01,1,2025-10-02,-1,-1,4,4,1519 2368 2404 3443,1402 1590 2324 3702,1
00923,群益台ESG低碳50,capital,臺灣指數公司特選臺灣ESG低碳50指數,2025-12-30,2026-01-05,2026-01-02,2026-01-02,1,2026-01-02,0,0,4,4,1504 2383 3008 3661,2376 2404 2912 3533,2
00923,群益台ESG低碳50,capital,臺灣指數公司特選臺灣ESG低碳50指數,2026-03-30,2026-04-01,2026-03-31,2026-03-31,1,2026-04-01,-1,-1,4,4,2313 2344 3036 6515,1504 2356 4938 5876,1
00923,群益台ESG低碳50,capital,臺灣指數公司特選臺灣ESG低碳50指數,2026-06-30,2026-07-02,2026-07-01,2026-07-01,1,2026-07-02,-1,-1,4,4,2356 3533 4958 6239,1519 2880 3036 5871,1
00923,群益台ESG低碳50,capital,臺灣指數公司特選臺灣ESG低碳50指數,2026-10-01,2026-10-05,2026-10-02,2026-10-02,1,2026-10-05,-1,-1,3,3,2408 2409 3189,2887 3533 6239,1
00927,群益半導體收益,capital,臺灣指數公司特選臺灣上市上櫃半導體收益指數,2025-12-15,2025-12-18,2025-12-16,2025-12-17,2,2025-12-17,-1,0,1,1,2441,6531,1
00927,群益半導體收益,capital,臺灣指數公司特選臺灣上市上櫃半導體收益指數,2026-06-01,2026-06-04,2026-06-02,2026-06-04,3,2026-06-03,-1,1,3,3,6526 6548 7769,2449 3413 6223,1
00928,中信上櫃ESG 30,ctbc,,2025-09-24,2025-09-30,2025-09-25,2025-10-01,4,,,,3,3,3081 5371 8358,3105 5425 6643,1
00928,中信上櫃ESG 30,ctbc,,2025-12-23,2025-12-30,2025-12-24,2026-01-06,8,,,,4,4,1815 3105 3324 4749,5371 6182 8086 8936,1
00928,中信上櫃ESG 30,ctbc,,2026-04-17,2026-04-22,2026-04-20,2026-04-20,1,,,,1,1,3131,3227,1
00929,復華台灣科技優息,fuhhwa,臺灣指數公司特選臺灣上市上櫃科技優息指數,2025-12-24,2026-01-12,2025-12-26,2026-01-14,13,2025-12-29,-1,11,16,6,2330 2393 2454 3008 3563 3680 4915 4966 5536 6188 6488 6548 6561 6803 8422 8454,2451 3078 3617 4961 6197 6206,1
00935,野村臺灣新科技50,nomura,臺灣指數公司特選臺灣上市上櫃FactSet創新科技50指數,2025-10-17,2025-10-21,2025-10-20,2025-10-20,1,2025-10-21,-1,-1,9,9,3037 3131 4966 5483 6442 6510 6515 6526 6531,2301 2344 2388 3035 3105 3189 3529 3680 6415,1
00935,野村臺灣新科技50,nomura,臺灣指數公司特選臺灣上市上櫃FactSet創新科技50指數,2026-04-17,2026-04-21,2026-04-20,2026-04-21,2,2026-04-21,-1,0,8,8,2324 2344 2408 3081 3105 3491 3529 6415,2352 2458 3374 4966 5269 6147 6412 6548,1
00940,元大台灣價值高息,yuanta,臺灣指數公司特選臺灣價值高息指數,2025-11-17,2025-11-28,2025-11-18,2025-12-02,11,2025-11-19,-1,9,10,10,1513 2312 2324 2801 2885 2890 2912 3023 5469 6188,1504 2609 2886 3211 3413 3711 4961 6147 6196 8299,1
00940,元大台灣價值高息,yuanta,臺灣指數公司特選臺灣價值高息指數,2026-05-18,2026-05-28,2026-05-19,2026-05-27,7,2026-05-20,-1,5,10,10,2356 2421 2883 2887 3045 3706 5269 6139 6196 8069,2312 2324 2382 2439 2603 3005 6188 6239 6257 6285,1
00946,群益科技高息成長,capital,臺灣指數公司特選臺灣上市上櫃科技高息成長指數,2025-11-28,2025-12-03,2025-12-01,2025-12-02,2,2025-12-03,-2,-1,12,12,2353 2454 2480 3023 3026 3217 3227 6189 6278 6279 6285 6962,1582 2362 3033 3042 3044 3260 3617 6206 6245 6290 6412 8299,1
009802,富邦旗艦50,fubon,臺灣指數公司台灣上市上櫃旗艦動能50指數,2026-09-30,2026-10-02,2026-10-01,2026-10-01,1,,,,0,1,,2845,1
009803,玉山市值動能50,esun,臺灣指數公司特選FactSet臺灣市值動能50指數,2025-12-15,2025-12-18,2025-12-16,2025-12-17,2,2025-12-17,-1,0,13,13,1519 1590 1795 2006 2301 2731 4958 6442 6446 6781 6805 8210 8422,2385 2603 2609 2610 2615 2618 2727 4763 5269 5871 6278 6670 8464,1
009803,玉山市值動能50,esun,臺灣指數公司特選FactSet臺灣市值動能50指數,2026-06-12,2026-06-23,2026-06-15,2026-06-22,5,2026-06-17,-2,2,11,11,2313 2885 3037 3189 3443 3702 6196 6944 7769 8046 8996,1795 2006 2731 2881 2884 2890 3045 3596 6442 6781 8422,1
