etf,name,index
00690,兆豐藍籌30,藍籌30指數
00692,富邦公司治理,臺灣證券交易所公司治理100指數
00701,國泰股利精選30,臺灣指數公司低波動股利精選30指數
00713,元大台灣高息低波,臺灣指數公司特選高股息低波動指數
00733,臺灣中小A級動能50 ETF基金,臺灣指數公司中小型A級動能50指數
00735,國泰臺韓科技,臺韓資訊科技指數
00742,新光內需收益,臺灣指數公司特選內需高收益指數
00881,國泰台灣科技龍頭,臺灣指數公司特選臺灣上市上櫃FactSet科技龍頭通訊指數
00894,中信小資高價30,臺灣指數公司特選小資高價30指數
00896,中信綠能及電動車,臺灣指數公司特選臺灣上市上櫃綠能及電動車指數
00900,富邦特選高股息30,臺灣指數公司特選臺灣上市上櫃高股息30指數
00901,永豐智能車供應鏈,臺灣指數公司特選上市上櫃臺灣智能車供應鏈聯盟指數
00904,台新臺灣半導體30,臺灣指數公司臺灣全市場半導體精選30指數
00905,FT臺灣Smart,臺灣指數公司特選Smart多因子指數
00907,永豐優息存股,臺灣指數公司特選臺灣優選入息存股指數
00912,中信臺灣智慧50,臺灣指數公司特選臺灣上市上櫃智慧50指數
00915,凱基優選高股息30,臺灣指數公司特選臺灣上市上櫃多因子優選高股息30指數
00919,群益台灣精選高息,臺灣指數公司特選臺灣上市上櫃精選高息指數
00921,兆豐龍頭等權重,特選臺灣產業龍頭存股等權重指數
00923,群益台ESG低碳50,臺灣指數公司特選臺灣ESG低碳50指數
00927,群益半導體收益,臺灣指數公司特選臺灣上市上櫃半導體收益指數
00929,復華台灣科技優息,臺灣指數公司特選臺灣上市上櫃科技優息指數
00930,永豐ESG低碳高息,臺灣指數公司特選臺灣上市上櫃ESG低碳高息40指數
00934,中信成長高股息,臺灣指數公司特選臺灣上市上櫃優選成長高股息指數
00935,野村臺灣新科技50,臺灣指數公司特選臺灣上市上櫃FactSet創新科技50指數
00938,凱基優選30,臺灣指數公司特選臺灣上市上櫃優選多因子30指數
00940,元大台灣價值高息,臺灣指數公司特選臺灣價值高息指數
00944,野村趨勢動能高息,臺灣指數公司特選臺灣上市上櫃FactSet臺灣趨勢動能高股息指數
00946,群益科技高息成長,臺灣指數公司特選臺灣上市上櫃科技高息成長指數
00952,凱基台灣AI 50,臺灣指數公司特選臺灣上市上櫃FactSet優選AI 50指數
009802,富邦旗艦50,臺灣指數公司台灣上市上櫃旗艦動能50指數
009803,玉山市值動能50,臺灣指數公司特選FactSet臺灣市值動能50指數
009816,凱基台灣TOP50,臺灣指數公司特選臺灣TOP 50指數
00981T,平衡凱基雙核收息,臺灣指數公司 ICE雙核債股平衡指數
