index,announce_date,effective_date,schedule,source_id,file_date
臺韓資訊科技指數,2024-06-14,2024-06-17,2024-06,862,2024-05-02
臺灣指數公司特選上市上櫃臺灣智能車供應鏈聯盟指數,2024-06-19,2024-06-20,2024-06,862,2024-05-02
臺灣指數公司特選臺灣優選入息存股指數,2024-06-19,2024-06-20,2024-06,862,2024-05-02
臺灣指數公司特選臺灣電動車產業鏈代表報酬指數,2024-06-19,2024-06-20,2024-06,862,2024-05-02
臺灣指數公司特選高股息低波動股價指數,2024-06-19,2024-06-20,2024-06,862,2024-05-02
臺灣指數公司臺灣全市場半導體精選 30 指數,2024-06-19,2024-06-20,2024-06,862,2024-05-02
臺灣指數公司特選 ESG 高股息報酬指數,2024-06-26,2024-06-27,2024-06,862,2024-05-02
臺灣指數公司特選上櫃 ESG 成長報酬指數,2024-06-26,2024-06-27,2024-06,862,2024-05-02
臺灣指數公司特選上櫃 ESG 永續高股息報酬指數,2024-06-26,2024-06-27,2024-06,862,2024-05-02
臺灣指數公司特選上櫃 ESG 30 指數,2024-06-28,2024-07-01,2024-06,862,2024-05-02
臺灣指數公司特選臺灣上市上櫃科技優息指數,2024-06-28,2024-07-01,2024-06,862,2024-05-02
臺灣指數公司特選臺灣上市上櫃電子成長高息等權重指數,2024-06-28,2024-07-01,2024-06,862,2024-05-02
臺灣指數公司特選臺灣 ESG 低碳 50 指數,2024-07-03,2024-07-04,2024-06,862,2024-05-02
臺灣指數公司特選臺灣上市上櫃 ESG 低碳高息 40 指數,2024-07-03,2024-07-04,2024-06,862,2024-05-02
臺灣指數公司特選臺灣上市上櫃優選股利高填息 30 指數,2024-07-03,2024-07-04,2024-06,862,2024-05-02
臺灣指數公司特選臺灣上市上櫃多因子優選高股息 30 指數,2024-07-03,2024-07-04,2024-06,862,2024-05-02
臺灣指數公司特選臺灣上市上櫃永續高息中小型股指數,2024-07-03,2024-07-04,2024-06,862,2024-05-02
臺灣指數公司特選臺灣產業龍頭存股等權重指數,2024-07-03,2024-07-04,2024-06,862,2024-05-02
臺灣指數公司中小型 A 級動能 50 指數,2024-07-16,2024-07-17,2024-07,881,2024-06-03
臺灣指數公司特選 Smart 多因子指數,2024-07-16,2024-07-17,2024-07,881,2024-06-03
臺灣指數公司特選價值成長報酬指數,2024-07-16,2024-07-17,2024-07,881,2024-06-03
臺灣指數公司特選臺灣上市上櫃 IC 設計報酬指數,2024-07-16,2024-07-17,2024-07,881,2024-06-03
臺灣指數公司特選臺灣上市上櫃智慧 50 指數,2024-07-16,2024-07-17,2024-07,881,2024-06-03
臺灣指數公司特選臺灣上市上櫃高股息 30 指數,2024-07-16,2024-07-17,2024-07,881,2024-06-03
臺灣指數公司特選臺灣環境永續高股息指數,2024-07-16,2024-07-17,2024-07,881,2024-06-03
臺灣證券交易所公司治理 100 指數,2024-07-16,2024-07-17,2024-07,881,2024-06-03
臺灣指數公司特選臺灣上市上櫃 ESG 永續高股息等權重指數,2024-07-30,2024-07-31,2024-07,881,2024-06-03
臺灣指數公司特選臺灣上市上櫃 IC 設計動能指數,2024-08-16,2024-08-19,2024-08,897,2024-07-01
臺灣指數公司臺灣上市上櫃生技醫療股價指數,2024-08-16,2024-08-19,2024-08,897,2024-07-01
臺灣指數公司特選臺灣上市上櫃 FactSet 5G 報酬指數,2024-09-18,2024-09-19,2024-09,912,2024-08-01
臺灣指數公司特選臺灣上市上櫃優選成長高股息指數,2024-09-18,2024-09-19,2024-09,912,2024-08-01
臺灣指數公司特選臺灣上市上櫃科技優息指數,2024-09-18,2024-09-19,2024-09,912,2024-08-01
臺灣指數公司特選臺灣上市上櫃精選高息指數,2024-09-18,2024-09-19,2024-09,912,2024-08-01
臺灣指數公司臺灣全市場半導體精選 30 指數,2024-09-18,2024-09-19,2024-09,912,2024-08-01
臺灣指數公司特選上櫃 ESG 30 指數,2024-09-27,2024-09-30,2024-09,912,2024-08-01
臺灣指數公司特選臺灣 ESG 低碳 50 指數,2024-10-02,2024-10-03,2024-09,912,2024-08-01
臺灣指數公司特選臺灣上市上櫃 ESG 低碳高息 40 指數,2024-10-02,2024-10-03,2024-09,912,2024-08-01
臺灣指數公司特選臺灣上市上櫃永續高息中小型股指數,2024-10-02,2024-10-03,2024-09,912,2024-08-01
臺灣指數公司特選臺灣上市上櫃高息動能指數,2024-10-02,2024-10-03,2024-09,912,2024-08-01
臺灣指數公司中小型 A 級動能 50 指數,2024-10-21,2024-10-22,2024-10,917,2024-09-02
臺灣指數公司低波動股利精選 30 指數,2024-10-21,2024-10-22,2024-10,917,2024-09-02
臺灣指數公司特選 Smart 多因子指數,2024-10-21,2024-10-22,2024-10,917,2024-09-02
臺灣指數公司特選價值成長報酬指數,2024-10-21,2024-10-22,2024-10,917,2024-09-02
臺灣指數公司特選臺灣上市上櫃 FactSet 5G+通訊指數,2024-10-21,2024-10-22,2024-10,917,2024-09-02
臺灣指數公司特選臺灣上市上櫃 FactSet 創新科技 50 指數,2024-10-21,2024-10-22,2024-10,917,2024-09-02
臺灣指數公司特選臺灣上市上櫃 IC 設計報酬指數,2024-10-21,2024-10-22,2024-10,917,2024-09-02
臺灣指數公司特選臺灣上市上櫃智慧 50 指數,2024-10-21,2024-10-22,2024-10,917,2024-09-02
臺灣指數公司特選臺灣上市上櫃綠色能源報酬指數,2024-10-21,2024-10-22,2024-10,917,2024-09-02
臺灣指數公司工業菁英 30 指數,2024-11-04,2024-11-05,2024-10,917,2024-09-02
臺灣指數公司特選臺灣上市上櫃 ESG 永續高股息等權重指數,2024-11-04,2024-11-05,2024-10,917,2024-09-02
臺灣指數公司特選小資高價 30 指數,2024-11-18,2024-11-19,2024-11,928,2024-10-01
臺灣指數公司特選臺灣上市上櫃 FactSet 智慧移動與電動車報酬指數,2024-11-18,2024-11-19,2024-11,928,2024-10-01
臺灣指數公司特選臺灣上市上櫃 FactSet 臺灣趨勢動能高股息指數,2024-11-18,2024-11-19,2024-11,928,2024-10-01
臺灣指數公司特選臺灣上市上櫃 IC 設計動能指數,2024-11-18,2024-11-19,2024-11,928,2024-10-01
臺灣指數公司特選臺灣上市上櫃綠能及電動車指數,2024-11-18,2024-11-19,2024-11,928,2024-10-01
臺灣指數公司特選臺灣價值高息指數,2024-11-18,2024-11-19,2024-11,928,2024-10-01
臺灣指數公司特選臺灣晶圓製造指數,2024-11-18,2024-11-19,2024-11,928,2024-10-01
臺灣指數公司臺灣上市上櫃生技醫療股價指數,2024-11-18,2024-11-19,2024-11,928,2024-10-01
臺灣指數公司特選臺灣上市上櫃科技高息成長指數,2024-12-02,2024-12-03,2024-11,928,2024-10-01
臺灣指數公司特選臺灣上市上櫃 FactSet 優選 AI 50 指數,2024-12-04,2024-12-05,2024-11,928,2024-10-01
臺韓資訊科技指數,2024-12-13,2025-12-16,2024-12,943,2024-11-01
臺灣指數公司微波高息精選 20 報酬指數,2024-12-17,2024-12-18,2024-12,943,2024-11-01
臺灣指數公司特選上市上櫃臺灣智能車供應鏈聯盟指數,2024-12-17,2024-12-18,2024-12,943,2024-11-01
臺灣指數公司特選臺灣上市上櫃半導體收益指數,2024-12-17,2024-12-18,2024-12,943,2024-11-01
臺灣指數公司特選臺灣上市上櫃科技優息指數,2024-12-17,2024-12-18,2024-12,943,2024-11-01
臺灣指數公司特選臺灣上市上櫃精選高息指數,2024-12-17,2024-12-18,2024-12,943,2024-11-01
臺灣指數公司特選臺灣上市上櫃高股息 30 指數,2024-12-17,2024-12-18,2024-12,943,2024-11-01
臺灣指數公司特選臺灣電動車產業鏈代表報酬指數,2024-12-17,2024-12-18,2024-12,943,2024-11-01
臺灣指數公司特選高股息低波動股價指數,2024-12-17,2024-12-18,2024-12,943,2024-11-01
臺灣指數公司臺灣全市場半導體精選 30 指數,2024-12-17,2024-12-18,2024-12,943,2024-11-01
臺灣指數公司特選上櫃 ESG 30 指數,2024-12-26,2024-12-27,2024-12,943,2024-11-01
臺灣指數公司特選臺灣上市上櫃電子成長高息等權重指數,2024-12-26,2024-12-27,2024-12,943,2024-11-01
臺灣指數公司特選臺灣 ESG 低碳 50 指數,2024-12-31,2025-01-02,2024-12,943,2024-11-01
臺灣指數公司特選臺灣上市上櫃 ESG 低碳高息 40 指數,2024-12-31,2025-01-02,2024-12,943,2024-11-01
臺灣指數公司特選臺灣上市上櫃優選股利高填息 30 指數,2024-12-31,2025-01-02,2024-12,943,2024-11-01
臺灣指數公司特選臺灣上市上櫃多因子優選高股息 30 指數,2024-12-31,2025-01-02,2024-12,943,2024-11-01
臺灣指數公司特選臺灣上市上櫃永續高息中小型股指數,2024-12-31,2025-01-02,2024-12,943,2024-11-01
臺灣指數公司特選臺灣產業龍頭存股等權重指數,2024-12-31,2025-01-02,2024-12,943,2024-11-01
臺灣指數公司中小型 A 級動能 50 指數,2025-01-17,2025-01-20,2025-01,957,2024-12-02
臺灣指數公司存股雙十等權重報酬指數,2025-01-17,2025-01-20,2025-01,957,2024-12-02
臺灣指數公司特選 Smart 多因子指數,2025-01-17,2025-01-20,2025-01,957,2024-12-02
臺灣指數公司特選價值成長報酬指數,2025-01-17,2025-01-20,2025-01,957,2024-12-02
臺灣指數公司特選臺灣上市上櫃 IC 設計報酬指數,2025-01-17,2025-01-20,2025-01,957,2024-12-02
臺灣指數公司特選臺灣上市上櫃智慧 50 指數,2025-01-17,2025-01-20,2025-01,957,2024-12-02
臺灣指數公司特選臺灣上市上櫃高息動能指數,2025-01-17,2025-01-20,2025-01,957,2024-12-02
臺灣指數公司特選臺灣環境永續高股息指數,2025-01-17,2025-01-20,2025-01,957,2024-12-02
臺灣指數公司特選臺灣上市上櫃 ESG 永續高股息等權重指數,2025-02-11,2025-02-12,2025-02,985,2025-01-02
臺灣指數公司特選臺灣上市上櫃 IC 設計動能指數,2025-02-18,2025-02-19,2025-02,985,2025-01-02
臺灣指數公司臺灣上市上櫃生技醫療股價指數,2025-02-18,2025-02-19,2025-02,985,2025-01-02
臺灣指數公司特選臺灣上市上櫃 FactSet 5G 報酬指數,2025-03-18,2025-03-19,2025-03,997,2025-02-03
臺灣指數公司特選臺灣上市上櫃科技優息指數,2025-03-18,2025-03-19,2025-03,997,2025-02-03
臺灣指數公司特選臺灣上市上櫃精選高息指數,2025-03-18,2025-03-19,2025-03,997,2025-02-03
臺灣指數公司臺灣全市場半導體精選 30 指數,2025-03-18,2025-03-19,2025-03,997,2025-02-03
臺灣指數公司特選臺灣 ESG 低碳 50 指數,2025-04-01,2025-04-02,2025-03,997,2025-02-03
臺灣指數公司特選臺灣上市上櫃 ESG 低碳高息 40 指數,2025-04-01,2025-04-02,2025-03,997,2025-02-03
臺灣指數公司特選臺灣上市上櫃永續高息中小型股指數,2025-04-01,2025-04-02,2025-03,997,2025-02-03
臺灣指數公司中小型 A 級動能 50 指數,2025-04-18,2025-04-21,2025-04,1001,2025-03-03
臺灣指數公司特選 Smart 多因子指數,2025-04-18,2025-04-21,2025-04,1001,2025-03-03
臺灣指數公司特選上櫃 ESG 30 指數,2025-04-18,2025-04-21,2025-04,1001,2025-03-03
臺灣指數公司特選上櫃 ESG 龍頭報酬指數,2025-04-18,2025-04-21,2025-04,1001,2025-03-03
臺灣指數公司特選世代行動通訊報酬指數,2025-04-18,2025-04-21,2025-04,1001,2025-03-03
臺灣指數公司特選價值成長報酬指數,2025-04-18,2025-04-21,2025-04,1001,2025-03-03
臺灣指數公司特選台股領航報酬指數,2025-04-18,2025-04-21,2025-04,1001,2025-03-03
臺灣指數公司特選大蘋果報酬指數,2025-04-18,2025-04-21,2025-04,1001,2025-03-03
臺灣指數公司特選臺灣上市上櫃 FactSet 創新科技 50 指數,2025-04-18,2025-04-21,2025-04,1001,2025-03-03
臺灣指數公司特選臺灣上市上櫃 FactSet 科技龍頭通訊指數,2025-04-18,2025-04-21,2025-04,1001,2025-03-03
臺灣指數公司特選臺灣上市上櫃 IC 設計報酬指數,2025-04-18,2025-04-21,2025-04,1001,2025-03-03
臺灣指數公司特選臺灣上市上櫃優選成長高股息指數,2025-04-18,2025-04-21,2025-04,1001,2025-03-03
臺灣指數公司特選臺灣上市上櫃智慧 50 指數,2025-04-18,2025-04-21,2025-04,1001,2025-03-03
臺灣指數公司特選臺灣上市上櫃高股息 30 指數,2025-04-18,2025-04-21,2025-04,1001,2025-03-03
臺灣指數公司工業菁英 30 指數,2025-05-05,2025-05-06,2025-04,1001,2025-03-03
臺灣指數公司特選臺灣上市上櫃 ESG 永續高股息等權重指數,2025-05-05,2025-05-06,2025-04,1001,2025-03-03
臺灣指數公司藍籌 30 指數,2025-05-05,2025-05-06,2025-04,1001,2025-03-03
臺灣指數公司特選小資高價 30 指數,2025-05-19,2025-05-20,2025-05,1010,2025-04-01
臺灣指數公司特選臺灣上市上櫃 AI 優息動能指數,2025-05-19,2025-05-20,2025-05,1010,2025-04-01
臺灣指數公司特選臺灣上市上櫃 FactSet 優選 AI 50 指數,2025-05-19,2025-05-20,2025-05,1010,2025-04-01
臺灣指數公司特選臺灣上市上櫃 FactSet 智慧移動與電動車報酬指數,2025-05-19,2025-05-20,2025-05,1010,2025-04-01
臺灣指數公司特選臺灣上市上櫃 FactSet 臺灣趨勢動能高股息指數,2025-05-19,2025-05-20,2025-05,1010,2025-04-01
臺灣指數公司特選臺灣上市上櫃 IC 設計動能指數,2025-05-19,2025-05-20,2025-05,1010,2025-04-01
臺灣指數公司特選臺灣上市上櫃 IC 設計產業代表報酬指數,2025-05-19,2025-05-20,2025-05,1010,2025-04-01
臺灣指數公司特選臺灣上市上櫃綠能及電動車指數,2025-05-19,2025-05-20,2025-05,1010,2025-04-01
臺灣指數公司特選臺灣價值高息指數,2025-05-19,2025-05-20,2025-05,1010,2025-04-01
臺灣指數公司特選臺灣晶圓製造指數,2025-05-19,2025-05-20,2025-05,1010,2025-04-01
臺灣指數公司特選臺灣護城河概念優選 50 指數,2025-05-19,2025-05-20,2025-05,1010,2025-04-01
臺灣指數公司臺灣上市上櫃生技醫療股價指數,2025-05-19,2025-05-20,2025-05,1010,2025-04-01
臺灣指數公司特選臺灣上市上櫃優選多因子 30 指數,2025-06-03,2025-06-04,2025-05,1010,2025-04-01
臺灣指數公司特選臺灣上市上櫃半導體收益指數,2025-06-03,2025-06-04,2025-05,1010,2025-04-01
臺灣指數公司特選臺灣上市上櫃科技高息成長指數,2025-06-03,2025-06-04,2025-05,1010,2025-04-01
臺灣指數公司特選臺灣上市上櫃精選高息指數,2025-06-03,2025-06-04,2025-05,1010,2025-04-01
臺灣指數公司特選臺灣上市上櫃高息動能指數,2025-06-03,2025-06-04,2025-05,1010,2025-04-01
臺灣指數公司特選臺灣金融高股息存股報酬指數,2025-06-03,2025-06-04,2025-05,1010,2025-04-01
臺韓資訊科技指數,2025-06-13,2025-06-16,2025-06,1032,2025-05-02
臺灣指數公司特選 FactSet 臺灣市值動能 50 指數,2025-06-17,2025-06-18,2025-06,1032,2025-05-02
臺灣指數公司特選上市上櫃臺灣智能車供應鏈聯盟指數,2025-06-17,2025-06-18,2025-06,1032,2025-05-02
臺灣指數公司特選臺灣優選入息存股指數,2025-06-17,2025-06-18,2025-06,1032,2025-05-02
臺灣指數公司特選臺灣電動車產業鏈代表報酬指數,2025-06-17,2025-06-18,2025-06,1032,2025-05-02
臺灣指數公司特選高股息低波動股價指數,2025-06-17,2025-06-18,2025-06,1032,2025-05-02
臺灣指數公司臺灣全市場半導體精選 30 指數,2025-06-17,2025-06-18,2025-06,1032,2025-05-02
臺灣指數公司特選 ESG 高股息報酬指數,2025-06-24,2025-06-25,2025-06,1032,2025-05-02
臺灣指數公司特選上櫃 ESG 成長報酬指數,2025-06-24,2025-06-25,2025-06,1032,2025-05-02
臺灣指數公司特選上櫃 ESG 永續高股息報酬指數,2025-06-24,2025-06-25,2025-06,1032,2025-05-02
臺灣指數公司特選上櫃 ESG 30 指數,2025-06-26,2025-06-27,2025-06,1032,2025-05-02
臺灣指數公司特選臺灣上市上櫃科技優息指數,2025-06-26,2025-06-27,2025-06,1032,2025-05-02
臺灣指數公司特選臺灣上市上櫃電子成長高息等權重指數,2025-06-26,2025-06-27,2025-06,1032,2025-05-02
臺灣指數公司特選臺灣 ESG 低碳 50 指數,2025-07-01,2025-07-02,2025-06,1032,2025-05-02
臺灣指數公司特選臺灣上市上櫃 ESG 低碳高息 40 指數,2025-07-01,2025-07-02,2025-06,1032,2025-05-02
臺灣指數公司特選臺灣上市上櫃優選股利高填息 30 指數,2025-07-01,2025-07-02,2025-06,1032,2025-05-02
臺灣指數公司特選臺灣上市上櫃多因子優選高股息 30 指數,2025-07-01,2025-07-02,2025-06,1032,2025-05-02
臺灣指數公司特選臺灣上市上櫃永續高息中小型股指數,2025-07-01,2025-07-02,2025-06,1032,2025-05-02
臺灣指數公司特選臺灣產業龍頭存股等權重指數,2025-07-01,2025-07-02,2025-06,1032,2025-05-02
臺灣指數公司中小型 A 級動能 50 指數,2025-07-16,2025-07-17,2025-07,1051,2025-06-02
臺灣指數公司特選 Smart 多因子指數,2025-07-16,2025-07-17,2025-07,1051,2025-06-02
臺灣指數公司特選價值成長報酬指數,2025-07-16,2025-07-17,2025-07,1051,2025-06-02
臺灣指數公司特選臺灣上市上櫃 IC 設計報酬指數,2025-07-16,2025-07-17,2025-07,1051,2025-06-02
臺灣指數公司特選臺灣上市上櫃智慧 50 指數,2025-07-16,2025-07-17,2025-07,1051,2025-06-02
臺灣指數公司特選臺灣上市上櫃高股息 30 指數,2025-07-16,2025-07-17,2025-07,1051,2025-06-02
臺灣指數公司特選臺灣環境永續高股息指數,2025-07-16,2025-07-17,2025-07,1051,2025-06-02
臺灣證券交易所公司治理 100 指數,2025-07-16,2025-07-17,2025-07,1051,2025-06-02
臺灣指數公司特選臺灣上市上櫃 ESG 永續高股息等權重指數,2025-07-30,2025-07-31,2025-07,1051,2025-06-02
臺灣指數公司特選臺灣上市上櫃 IC 設計動能指數,2025-08-18,2025-08-19,2025-08,1076,2025-07-01
臺灣指數公司臺灣上市上櫃生技醫療股價指數,2025-08-18,2025-08-19,2025-08,1076,2025-07-01
臺灣指數公司台灣上市上櫃旗艦動能 50 指數,2025-09-16,2025-09-17,2025-09,1097,2025-08-01
臺灣指數公司特選臺灣上市上櫃優選成長高股息指數,2025-09-16,2025-09-17,2025-09,1097,2025-08-01
臺灣指數公司特選臺灣上市上櫃科技優息指數,2025-09-16,2025-09-17,2025-09,1097,2025-08-01
臺灣指數公司特選臺灣上市上櫃精選高息指數,2025-09-16,2025-09-17,2025-09,1097,2025-08-01
臺灣指數公司臺灣全市場半導體精選 30 指數,2025-09-16,2025-09-17,2025-09,1097,2025-08-01
臺灣指數公司特選上櫃 ESG 30 指數,2025-09-25,2025-09-26,2025-09,1097,2025-08-01
臺灣指數公司特選臺灣 ESG 低碳 50 指數,2025-10-01,2025-10-02,2025-09,1097,2025-08-01
臺灣指數公司特選臺灣上市上櫃 ESG 低碳高息 40 指數,2025-10-01,2025-10-02,2025-09,1097,2025-08-01
臺灣指數公司特選臺灣上市上櫃永續高息中小型股指數,2025-10-01,2025-10-02,2025-09,1097,2025-08-01
臺灣指數公司特選臺灣上市上櫃高息動能指數,2025-10-01,2025-10-02,2025-09,1097,2025-08-01
臺灣指數公司中小型 A 級動能 50 指數,2025-10-20,2025-10-21,2025-10,1103,2025-09-01
臺灣指數公司低波動股利精選 30 指數,2025-10-20,2025-10-21,2025-10,1103,2025-09-01
臺灣指數公司特選 Smart 多因子指數,2025-10-20,2025-10-21,2025-10,1103,2025-09-01
臺灣指數公司特選臺灣上市上櫃 FactSet 創新科技 50 指數,2025-10-20,2025-10-21,2025-10,1103,2025-09-01
臺灣指數公司特選臺灣上市上櫃 FactSet 科技龍頭通訊指數,2025-10-20,2025-10-21,2025-10,1103,2025-09-01
臺灣指數公司特選臺灣上市上櫃 IC 設計報酬指數,2025-10-20,2025-10-21,2025-10,1103,2025-09-01
臺灣指數公司特選臺灣上市上櫃智慧 50 指數,2025-10-20,2025-10-21,2025-10,1103,2025-09-01
臺灣指數公司特選臺灣上市上櫃綠色能源報酬指數,2025-10-20,2025-10-21,2025-10,1103,2025-09-01
臺灣指數公司工業菁英 30 指數,2025-11-04,2025-11-05,2025-10,1103,2025-09-01
臺灣指數公司特選臺灣上市上櫃 ESG 永續高股息等權重指數,2025-11-04,2025-11-05,2025-10,1103,2025-09-01
臺灣指數公司特選小資高價 30 指數,2025-11-18,2025-11-19,2025-11,1124,2025-10-01
臺灣指數公司特選臺灣上市上櫃 AI 優息動能指數,2025-11-18,2025-11-19,2025-11,1124,2025-10-01
臺灣指數公司特選臺灣上市上櫃 FactSet 智慧移動與電動車報酬指數,2025-11-18,2025-11-19,2025-11,1124,2025-10-01
臺灣指數公司特選臺灣上市上櫃 FactSet 臺灣趨勢動能高股息指數,2025-11-18,2025-11-19,2025-11,1124,2025-10-01
臺灣指數公司特選臺灣上市上櫃 IC 設計動能指數,2025-11-18,2025-11-19,2025-11,1124,2025-10-01
臺灣指數公司特選臺灣上市上櫃綠能及電動車指數,2025-11-18,2025-11-19,2025-11,1124,2025-10-01
臺灣指數公司特選臺灣價值高息指數,2025-11-18,2025-11-19,2025-11,1124,2025-10-01
臺灣指數公司特選臺灣晶圓製造指數,2025-11-18,2025-11-19,2025-11,1124,2025-10-01
臺灣指數公司臺灣上市上櫃生技醫療股價指數,2025-11-18,2025-11-19,2025-11,1124,2025-10-01
臺灣指數公司特選臺灣上市上櫃優選多因子 30 指數,2025-12-02,2025-12-03,2025-11,1124,2025-10-01
臺灣指數公司特選臺灣上市上櫃科技高息成長指數,2025-12-02,2025-12-03,2025-11,1124,2025-10-01
臺灣指數公司特選臺灣上市上櫃 FactSet 優選 AI 50 指數,2025-12-04,2025-12-05,2025-11,1124,2025-10-01
臺韓資訊科技指數,2025-12-12,2025-12-15,2025-12,1138,2025-11-03
臺灣指數公司微波高息精選 20 報酬指數,2025-12-16,2025-12-17,2025-12,1138,2025-11-03
臺灣指數公司特選 FactSet 臺灣市值動能 50 指數,2025-12-16,2025-12-17,2025-12,1138,2025-11-03
臺灣指數公司特選上市上櫃臺灣智能車供應鏈聯盟指數,2025-12-16,2025-12-17,2025-12,1138,2025-11-03
臺灣指數公司特選臺灣上市上櫃半導體收益指數,2025-12-16,2025-12-17,2025-12,1138,2025-11-03
臺灣指數公司特選臺灣上市上櫃精選高息指數,2025-12-16,2025-12-17,2025-12,1138,2025-11-03
臺灣指數公司特選臺灣上市上櫃高股息 30 指數,2025-12-16,2025-12-17,2025-12,1138,2025-11-03
臺灣指數公司特選臺灣電動車產業鏈代表報酬指數,2025-12-16,2025-12-17,2025-12,1138,2025-11-03
臺灣指數公司特選高股息低波動股價指數,2025-12-16,2025-12-17,2025-12,1138,2025-11-03
臺灣指數公司臺灣全市場半導體精選 30 指數,2025-12-16,2025-12-17,2025-12,1138,2025-11-03
S&P TIP 臺灣淨零轉型 ESG 50 指數,2025-12-19,2025-12-22,2025-12,1138,2025-11-03
臺灣指數公司特選上櫃 ESG 30 指數,2025-12-26,2025-12-29,2025-12,1138,2025-11-03
臺灣指數公司特選臺灣上市上櫃科技優息指數,2025-12-26,2025-12-29,2025-12,1138,2025-11-03
臺灣指數公司特選臺灣上市上櫃電子成長高息等權重指數,2025-12-26,2025-12-29,2025-12,1138,2025-11-03
臺灣指數公司特選臺灣 ESG 低碳 50 指數,2025-12-31,2026-01-02,2025-12,1138,2025-11-03
臺灣指數公司特選臺灣上市上櫃 ESG 低碳高息 40 指數,2025-12-31,2026-01-02,2025-12,1138,2025-11-03
臺灣指數公司特選臺灣上市上櫃優選股利高填息 30 指數,2025-12-31,2026-01-02,2025-12,1138,2025-11-03
臺灣指數公司特選臺灣上市上櫃多因子優選高股息 30 指數,2025-12-31,2026-01-02,2025-12,1138,2025-11-03
臺灣指數公司特選臺灣上市上櫃永續高息中小型股指數,2025-12-31,2026-01-02,2025-12,1138,2025-11-03
臺灣指數公司特選臺灣產業龍頭存股等權重指數,2025-12-31,2026-01-02,2025-12,1138,2025-11-03
臺灣指數公司中小型 A 級動能 50 指數,2026-01-19,2026-01-20,2026-01,1153,2025-12-01
臺灣指數公司存股雙十等權重報酬指數,2026-01-19,2026-01-20,2026-01,1153,2025-12-01
臺灣指數公司特選 Smart 多因子指數,2026-01-19,2026-01-20,2026-01,1153,2025-12-01
臺灣指數公司特選臺灣上市上櫃 IC 設計報酬指數,2026-01-19,2026-01-20,2026-01,1153,2025-12-01
臺灣指數公司特選臺灣上市上櫃智慧 50 指數,2026-01-19,2026-01-20,2026-01,1153,2025-12-01
臺灣指數公司特選臺灣上市上櫃高息動能指數,2026-01-19,2026-01-20,2026-01,1153,2025-12-01
臺灣指數公司特選臺灣環境永續高股息指數,2026-01-19,2026-01-20,2026-01,1153,2025-12-01
臺灣指數公司特選臺灣上市上櫃 ESG 永續高股息等權重指數,2026-02-02,2026-02-03,2026-01,1153,2025-12-01
臺灣指數公司特選臺灣 TOP 50 指數,2026-02-26,2026-03-02,2026-02,1179,2026-02-25
臺灣指數公司特選臺灣上市上櫃 IC 設計動能指數,2026-02-26,2026-03-02,2026-02,1179,2026-02-25
臺灣指數公司臺灣上市上櫃生技醫療股價指數,2026-02-26,2026-03-02,2026-02,1179,2026-02-25
臺灣指數公司台灣上市上櫃旗艦動能 50 指數,2026-03-17,2026-03-18,2026-03,1191,2026-02-02
臺灣指數公司特選臺灣上市上櫃科技優息指數,2026-03-17,2026-03-18,2026-03,1191,2026-02-02
臺灣指數公司特選臺灣上市上櫃精選高息指數,2026-03-17,2026-03-18,2026-03,1191,2026-02-02
臺灣指數公司臺灣全市場半導體精選 30 指數,2026-03-17,2026-03-18,2026-03,1191,2026-02-02
臺灣指數公司特選臺灣 ESG 低碳 50 指數,2026-03-31,2026-04-01,2026-03,1191,2026-02-02
臺灣指數公司特選臺灣上市上櫃 ESG 低碳高息 40 指數,2026-03-31,2026-04-01,2026-03,1191,2026-02-02
臺灣指數公司特選臺灣上市上櫃永續高息中小型股指數,2026-03-31,2026-04-01,2026-03,1191,2026-02-02
臺灣指數公司中小型 A 級動能 50 指數,2026-04-20,2026-04-21,2026-04,1198,2026-03-02
臺灣指數公司特選 Smart 多因子指數,2026-04-20,2026-04-21,2026-04,1198,2026-03-02
臺灣指數公司特選上櫃 ESG 30 指數,2026-04-20,2026-04-21,2026-04,1198,2026-03-02
臺灣指數公司特選上櫃 ESG 龍頭報酬指數,2026-04-20,2026-04-21,2026-04,1198,2026-03-02
臺灣指數公司特選世代行動通訊報酬指數,2026-04-20,2026-04-21,2026-04,1198,2026-03-02
臺灣指數公司特選台股領航報酬指數,2026-04-20,2026-04-21,2026-04,1198,2026-03-02
臺灣指數公司特選大蘋果報酬指數,2026-04-20,2026-04-21,2026-04,1198,2026-03-02
臺灣指數公司特選臺灣上市上櫃 FactSet 創新科技 50 指數,2026-04-20,2026-04-21,2026-04,1198,2026-03-02
臺灣指數公司特選臺灣上市上櫃 FactSet 科技龍頭通訊指數,2026-04-20,2026-04-21,2026-04,1198,2026-03-02
臺灣指數公司特選臺灣上市上櫃 IC 設計報酬指數,2026-04-20,2026-04-21,2026-04,1198,2026-03-02
臺灣指數公司特選臺灣上市上櫃優選成長高股息指數,2026-04-20,2026-04-21,2026-04,1198,2026-03-02
臺灣指數公司特選臺灣上市上櫃智慧 50 指數,2026-04-20,2026-04-21,2026-04,1198,2026-03-02
臺灣指數公司特選臺灣上市上櫃高股息 30 指數,2026-04-20,2026-04-21,2026-04,1198,2026-03-02
臺灣指數公司工業菁英 30 指數,2026-05-05,2026-05-06,2026-04,1198,2026-03-02
臺灣指數公司特選臺灣上市上櫃 ESG 永續高股息等權重指數,2026-05-05,2026-05-06,2026-04,1198,2026-03-02
臺灣指數公司藍籌 30 指數,2026-05-05,2026-05-06,2026-04,1198,2026-03-02
臺灣指數公司特選小資高價 30 指數,2026-05-19,2026-05-20,2026-05,1210,2026-04-22
臺灣指數公司特選臺灣 TOP 50 報酬指數,2026-05-19,2026-05-20,2026-05,1210,2026-04-22
臺灣指數公司特選臺灣上市上櫃 AI 優息動能指數,2026-05-19,2026-05-20,2026-05,1210,2026-04-22
臺灣指數公司特選臺灣上市上櫃 FactSet 優選 AI 50 指數,2026-05-19,2026-05-20,2026-05,1210,2026-04-22
臺灣指數公司特選臺灣上市上櫃 FactSet 智慧移動與電動車報酬指數,2026-05-19,2026-05-20,2026-05,1210,2026-04-22
臺灣指數公司特選臺灣上市上櫃 FactSet 臺灣趨勢動能高股息指數,2026-05-19,2026-05-20,2026-05,1210,2026-04-22
臺灣指數公司特選臺灣上市上櫃 IC 設計動能指數,2026-05-19,2026-05-20,2026-05,1210,2026-04-22
臺灣指數公司特選臺灣上市上櫃 IC 設計產業代表報酬指數,2026-05-19,2026-05-20,2026-05,1210,2026-04-22
臺灣指數公司特選臺灣上市上櫃動能趨勢指數,2026-05-19,2026-05-20,2026-05,1210,2026-04-22
臺灣指數公司特選臺灣上市上櫃綠能及電動車指數,2026-05-19,2026-05-20,2026-05,1210,2026-04-22
臺灣指數公司特選臺灣價值高息指數,2026-05-19,2026-05-20,2026-05,1210,2026-04-22
臺灣指數公司特選臺灣晶圓製造指數,2026-05-19,2026-05-20,2026-05,1210,2026-04-22
臺灣指數公司特選臺灣護城河概念優選 50 指數,2026-05-19,2026-05-20,2026-05,1210,2026-04-22
臺灣指數公司臺灣上市上櫃生技醫療股價指數,2026-05-19,2026-05-20,2026-05,1210,2026-04-22
臺灣指數公司特選臺灣大型股代表 25 指數,2026-05-28,2026-05-29,2026-05,1210,2026-04-22
臺灣指數公司特選臺灣上市上櫃優選多因子 30 指數,2026-06-02,2026-06-03,2026-05,1210,2026-04-22
臺灣指數公司特選臺灣上市上櫃半導體收益指數,2026-06-02,2026-06-03,2026-05,1210,2026-04-22
臺灣指數公司特選臺灣上市上櫃科技高息成長指數,2026-06-02,2026-06-03,2026-05,1210,2026-04-22
臺灣指數公司特選臺灣上市上櫃精選高息指數,2026-06-02,2026-06-03,2026-05,1210,2026-04-22
臺灣指數公司特選臺灣上市上櫃高息動能指數,2026-06-02,2026-06-03,2026-05,1210,2026-04-22
臺灣指數公司特選臺灣金融高股息存股報酬指數,2026-06-02,2026-06-03,2026-05,1210,2026-04-22
臺韓資訊科技指數,2026-06-12,2026-06-15,2026-06,1237,2026-05-04
臺灣指數公司特選 FactSet 臺灣市值動能 50 指數,2026-06-16,2026-06-17,2026-06,1237,2026-05-04
臺灣指數公司特選上市上櫃臺灣智能車供應鏈聯盟指數,2026-06-16,2026-06-17,2026-06,1237,2026-05-04
臺灣指數公司特選臺灣優選入息存股指數,2026-06-16,2026-06-17,2026-06,1237,2026-05-04
臺灣指數公司特選臺灣電動車產業鏈代表報酬指數,2026-06-16,2026-06-17,2026-06,1237,2026-05-04
臺灣指數公司特選高股息低波動股價指數,2026-06-16,2026-06-17,2026-06,1237,2026-05-04
臺灣指數公司臺灣全市場半導體精選 30 指數,2026-06-16,2026-06-17,2026-06,1237,2026-05-04
S&P TIP 臺灣淨零轉型 ESG 50 指數,2026-06-18,2026-06-22,2026-06,1237,2026-05-04
臺灣指數公司特選 ESG 高股息報酬指數,2026-06-24,2026-06-25,2026-06,1237,2026-05-04
臺灣指數公司特選上櫃 ESG 成長報酬指數,2026-06-24,2026-06-25,2026-06,1237,2026-05-04
臺灣指數公司特選上櫃 ESG 永續高股息報酬指數,2026-06-24,2026-06-25,2026-06,1237,2026-05-04
臺灣指數公司特選上櫃 ESG 30 指數,2026-06-26,2026-06-29,2026-06,1237,2026-05-04
臺灣指數公司特選臺灣上市上櫃科技優息指數,2026-06-26,2026-06-29,2026-06,1237,2026-05-04
臺灣指數公司特選臺灣上市上櫃電子成長高息等權重指數,2026-06-26,2026-06-29,2026-06,1237,2026-05-04
臺灣指數公司特選臺灣 ESG 低碳 50 指數,2026-07-01,2026-07-02,2026-06,1237,2026-05-04
臺灣指數公司特選臺灣上市上櫃 ESG 低碳高息 40 指數,2026-07-01,2026-07-02,2026-06,1237,2026-05-04
臺灣指數公司特選臺灣上市上櫃優選股利高填息 30 指數,2026-07-01,2026-07-02,2026-06,1237,2026-05-04
臺灣指數公司特選臺灣上市上櫃多因子優選高股息 30 指數,2026-07-01,2026-07-02,2026-06,1237,2026-05-04
臺灣指數公司特選臺灣上市上櫃永續高息中小型股指數,2026-07-01,2026-07-02,2026-06,1237,2026-05-04
臺灣指數公司特選臺灣產業龍頭存股等權重指數,2026-07-01,2026-07-02,2026-06,1237,2026-05-04
臺灣指數公司中小型 A 級動能 50 指數,2026-07-16,2026-07-17,2026-07,1254,2026-06-01
臺灣指數公司特選 Smart 多因子指數,2026-07-16,2026-07-17,2026-07,1254,2026-06-01
臺灣指數公司特選臺灣上市上櫃 IC 設計報酬指數,2026-07-16,2026-07-17,2026-07,1254,2026-06-01
臺灣指數公司特選臺灣上市上櫃智慧 50 指數,2026-07-16,2026-07-17,2026-07,1254,2026-06-01
臺灣指數公司特選臺灣上市上櫃高股息 30 指數,2026-07-16,2026-07-17,2026-07,1254,2026-06-01
臺灣指數公司特選臺灣環境永續高股息指數,2026-07-16,2026-07-17,2026-07,1254,2026-06-01
臺灣證券交易所公司治理 100 指數,2026-07-16,2026-07-17,2026-07,1254,2026-06-01
臺灣指數公司特選臺灣上市上櫃 ESG 永續高股息等權重指數,2026-07-30,2026-07-31,2026-07,1254,2026-06-01
臺灣指數公司特選臺灣 TOP 50 報酬指數,2026-08-18,2026-08-19,2026-08,1286,2026-07-01
臺灣指數公司特選臺灣上市上櫃 IC 設計動能指數,2026-08-18,2026-08-19,2026-08,1286,2026-07-01
臺灣指數公司臺灣上市上櫃生技醫療股價指數,2026-08-18,2026-08-19,2026-08,1286,2026-07-01
臺灣指數公司台灣上市上櫃旗艦動能 50 指數,2026-09-16,2026-09-17,2026-09,1306,2026-08-03
臺灣指數公司特選臺灣上市上櫃優選成長高股息指數,2026-09-16,2026-09-17,2026-09,1306,2026-08-03
臺灣指數公司特選臺灣上市上櫃科技優息指數,2026-09-16,2026-09-17,2026-09,1306,2026-08-03
臺灣指數公司特選臺灣上市上櫃精選高息指數,2026-09-16,2026-09-17,2026-09,1306,2026-08-03
臺灣指數公司臺灣全市場半導體精選 30 指數,2026-09-16,2026-09-17,2026-09,1306,2026-08-03
臺灣指數公司特選上櫃 ESG 30 指數,2026-09-29,2026-09-30,2026-09,1306,2026-08-03
臺灣指數公司特選臺灣大型股代表 25 指數,2026-09-29,2026-09-30,2026-09,1306,2026-08-03
臺灣指數公司特選臺灣 ESG 低碳 50 指數,2026-10-02,2026-10-05,2026-09,1306,2026-08-03
臺灣指數公司特選臺灣上市上櫃 ESG 低碳高息 40 指數,2026-10-02,2026-10-05,2026-09,1306,2026-08-03
臺灣指數公司特選臺灣上市上櫃永續高息中小型股指數,2026-10-02,2026-10-05,2026-09,1306,2026-08-03
臺灣指數公司特選臺灣上市上櫃高息動能指數,2026-10-02,2026-10-05,2026-09,1306,2026-08-03
臺灣指數公司中小型 A 級動能 50 指數,2026-10-19,2026-10-20,2026-10,1311,2026-09-01
臺灣指數公司低波動股利精選 30 指數,2026-10-19,2026-10-20,2026-10,1311,2026-09-01
臺灣指數公司特選 Smart 多因子指數,2026-10-19,2026-10-20,2026-10,1311,2026-09-01
臺灣指數公司特選臺灣上市上櫃 FactSet 創新科技 50 指數,2026-10-19,2026-10-20,2026-10,1311,2026-09-01
臺灣指數公司特選臺灣上市上櫃 FactSet 科技龍頭通訊指數,2026-10-19,2026-10-20,2026-10,1311,2026-09-01
臺灣指數公司特選臺灣上市上櫃 IC 設計報酬指數,2026-10-19,2026-10-20,2026-10,1311,2026-09-01
臺灣指數公司特選臺灣上市上櫃智慧 50 指數,2026-10-19,2026-10-20,2026-10,1311,2026-09-01
臺灣指數公司特選臺灣上市上櫃綠色能源報酬指數,2026-10-19,2026-10-20,2026-10,1311,2026-09-01
臺灣指數公司特選臺灣市值菁英 50 指數,2026-10-19,2026-10-20,2026-10,1311,2026-09-01
臺灣指數公司工業菁英 30 指數,2026-11-03,2026-11-04,2026-10,1311,2026-09-01
臺灣指數公司特選臺灣上市上櫃 ESG 永續高股息等權重指數,2026-11-03,2026-11-04,2026-10,1311,2026-09-01
臺灣指數公司特選小資高價 30 指數,2026-11-17,2026-11-18,2026-11,1325,2026-09-30
臺灣指數公司特選臺灣 TOP 50 報酬指數,2026-11-17,2026-11-18,2026-11,1325,2026-09-30
臺灣指數公司特選臺灣上市上櫃 AI 優息動能指數,2026-11-17,2026-11-18,2026-11,1325,2026-09-30
臺灣指數公司特選臺灣上市上櫃 FactSet 智慧移動與電動車報酬指數,2026-11-17,2026-11-18,2026-11,1325,2026-09-30
臺灣指數公司特選臺灣上市上櫃 FactSet 臺灣趨勢動能高股息指數,2026-11-17,2026-11-18,2026-11,1325,2026-09-30
臺灣指數公司特選臺灣上市上櫃 IC 設計動能指數,2026-11-17,2026-11-18,2026-11,1325,2026-09-30
臺灣指數公司特選臺灣上市上櫃動能趨勢指數,2026-11-17,2026-11-18,2026-11,1325,2026-09-30
臺灣指數公司特選臺灣上市上櫃綠能及電動車指數,2026-11-17,2026-11-18,2026-11,1325,2026-09-30
臺灣指數公司特選臺灣價值高息指數,2026-11-17,2026-11-18,2026-11,1325,2026-09-30
臺灣指數公司特選臺灣晶圓製造指數,2026-11-17,2026-11-18,2026-11,1325,2026-09-30
臺灣指數公司臺灣上市上櫃生技醫療股價指數,2026-11-17,2026-11-18,2026-11,1325,2026-09-30
臺灣指數公司特選臺灣上市上櫃優選多因子 30 指數,2026-12-01,2026-12-02,2026-11,1325,2026-09-30
臺灣指數公司特選臺灣上市上櫃科技高息成長指數,2026-12-01,2026-12-02,2026-11,1325,2026-09-30
臺灣指數公司特選臺灣上市上櫃 FactSet 優選 AI 50 指數,2026-12-03,2026-12-04,2026-11,1325,2026-09-30
