broker_id,broker,bid,branch
6010,(牛牛牛)亞證券,6010,(牛牛牛)亞證券
6010,(牛牛牛)亞證券,6012,(牛牛牛)亞-網路
6010,(牛牛牛)亞證券,601d,(牛牛牛)亞-鑫豐
6620,口袋證券,6620,口袋證券
1030,土銀,1030,土銀
1030,土銀,1039,土銀-士林
1030,土銀,1031,土銀-台中
1030,土銀,1032,土銀-台南
1030,土銀,1036,土銀-玉里
1030,土銀,103C,土銀-白河
1030,土銀,1038,土銀-和平
1030,土銀,1037,土銀-花蓮
1030,土銀,103F,土銀-南港
1030,土銀,103A,土銀-建國
1030,土銀,1033,土銀-高雄
1030,土銀,1035,土銀-新竹
1030,土銀,1034,土銀-嘉義
1030,土銀,103B,土銀-彰化
8890,大和國泰,8890,大和國泰
6460,大昌,6460,大昌
6460,大昌,6462,大昌-安康
6460,大昌,6465,大昌-桃園
6460,大昌,6463,大昌-新竹
6460,大昌,6464,大昌-新店
6460,大昌,6461,大昌-樹林
5050,大展,5050,大展
5050,大展,5058,大展-台南
8770,大鼎(停),8770,大鼎(停)
6160,中國信託,6160,中國信託
6160,中國信託,6161,中國信託-三重
6160,中國信託,616A,中國信託-中壢
6160,中國信託,6164,中國信託-文心
6160,中國信託,6163,中國信託-永康
6160,中國信託,6162,中國信託-忠孝
6160,中國信託,6167,中國信託-松江
6160,中國信託,616K,中國信託-高雄
6160,中國信託,616X,中國信託-國際證券
6160,中國信託,6165,中國信託-新竹
6160,中國信託,6168,中國信託-嘉義
8520,中農,8520,中農
9800,元大,9800,元大證券
9800,元大,989F,元大-三民
9800,元大,988C,元大-三重
9800,元大,981A,元大-三峽
9800,元大,983G,元大-上新莊
9800,元大,9897,元大-土城
9800,元大,9875,元大-土城永寧
9800,元大,9822,元大-土城學府
9800,元大,981j,元大-士林
9800,元大,9893,元大-大天母
9800,元大,989U,元大-大甲
9800,元大,989G,元大-大同
9800,元大,983N,元大-大安
9800,元大,981g,元大-大里
9800,元大,983W,元大-大里德芳
9800,元大,9846,元大-大直
9800,元大,9814,元大-大益
9800,元大,981z,元大-大統
9800,元大,983i,元大-大雅
9800,元大,9815,元大-大灣
9800,元大,989Z,元大-小港
9800,元大,980a,元大-中山北路
9800,元大,989e,元大-中和
9800,元大,9813,元大-中崙
9800,元大,9834,元大-中壢
9800,元大,983j,元大-仁愛
9800,元大,989N,元大-內湖
9800,元大,9867,元大-內湖民權
9800,元大,982C,元大-六合
9800,元大,981I,元大-天母
9800,元大,981Q,元大-太平
9800,元大,9868,元大-文心
9800,元大,9854,元大-文心興安
9800,元大,980C,元大-斗六
9800,元大,9884,元大-斗信
9800,元大,983M,元大-木柵
9800,元大,989V,元大-北三重
9800,元大,989d,元大-北屯
9800,元大,989A,元大-北投
9800,元大,980D,元大-北府
9800,元大,9837,元大-北港
9800,元大,989k,元大-古亭
9800,元大,9812,元大-台中
9800,元大,989B,元大-台中中港
9800,元大,980h,元大-台北
9800,元大,9896,元大-台南
9800,元大,9831,元大-四維
9800,元大,989D,元大-左營
9800,元大,989X,元大-民生三民
9800,元大,981V,元大-民雄
9800,元大,9891,元大-永和
9800,元大,9852,元大-永春
9800,元大,9829,元大-永康
9800,元大,9824,元大-向上
9800,元大,989L,元大-成功
9800,元大,989Q,元大-汐止
9800,元大,981R,元大-竹山
9800,元大,981B,元大-竹北
9800,元大,983f,元大-竹東
9800,元大,983V,元大-竹南
9800,元大,980K,元大-竹科
9800,元大,980w,元大-西屯
9800,元大,9873,元大-西門(停)
9800,元大,981i,元大-西螺
9800,元大,980d,元大-沙鹿
9800,元大,981e,元大-佳里
9800,元大,9863,元大-和平
9800,元大,985F,元大-岡山
9800,元大,980u,元大-府城
9800,元大,9871,元大-忠孝
9800,元大,982F,元大-忠孝鼎富
9800,元大,9817,元大-東泰
9800,元大,989f,元大-東港
9800,元大,983B,元大-林森
9800,元大,981K,元大-林園
9800,元大,989C,元大-板橋
9800,元大,9879,元大-板橋三民
9800,元大,981p,元大-松山
9800,元大,9801,元大-松江
9800,元大,9856,元大-花蓮
9800,元大,980l,元大-虎尾
9800,元大,981N,元大-金門
9800,元大,9878,元大-金華
9800,元大,988V,元大-長庚
9800,元大,989I,元大-長榮
9800,元大,989m,元大-信義
9800,元大,980R,元大-信義安和
9800,元大,9853,元大-南屯
9800,元大,981D,元大-南投
9800,元大,9862,元大-南京
9800,元大,980Q,元大-南崁
9800,元大,984E,元大-南勢角
9800,元大,9892,元大-屏東
9800,元大,981h,元大-屏東民生
9800,元大,981r,元大-屏南
9800,元大,981M,元大-苗栗
9800,元大,989a,元大-苑裡
9800,元大,9889,元大-員林
9800,元大,9835,元大-員林中山
9800,元大,988B,元大-桃園
9800,元大,9894,元大-桃興
9800,元大,989E,元大-草屯
9800,元大,981m,元大-高雄
9800,元大,989z,元大-國際證券
9800,元大,989Y,元大-基隆
9800,元大,986K,元大-基隆孝二
9800,元大,981S,元大-崇德
9800,元大,9899,元大-淡水
9800,元大,980e,元大-清水
9800,元大,981L,元大-莒光
9800,元大,989S,元大-鹿港
9800,元大,982B,元大-博愛
9800,元大,9872,元大-復北
9800,元大,9833,元大-敦化
9800,元大,989P,元大-敦南
9800,元大,984H,元大-景美
9800,元大,981E,元大-發財
9800,元大,981y,元大-善化
9800,元大,981U,元大-華山
9800,元大,981X,元大-新生
9800,元大,9816,元大-新竹
9800,元大,9859,元大-新竹經國
9800,元大,984C,元大-新店中正
9800,元大,9869,元大-新盛
9800,元大,9898,元大-新莊
9800,元大,9825,元大-新營
9800,元大,987A,元大-楊梅
9800,元大,981q,元大-萬華
9800,元大,9887,元大-經紀部
9800,元大,981C,元大-路竹
9800,元大,989g,元大-嘉義
9800,元大,981G,元大-彰化
9800,元大,989J,元大-彰化民生
9800,元大,981n,元大-旗山
9800,元大,981F,元大-福營
9800,元大,983Z,元大-鳳山
9800,元大,985C,元大-鳳中
9800,元大,981Z,元大-潮州
9800,元大,983K,元大-學甲
9800,元大,989j,元大-樹林
9800,元大,983U,元大-頭份
9800,元大,984K,元大-館前
9800,元大,9858,元大-龍潭
9800,元大,981a,元大-歸仁
9800,元大,9838,元大-豐原
9800,元大,989W,元大-豐原站前
9800,元大,9874,元大-雙和
9800,元大,982A,元大-羅東
9800,元大,9857,元大-蘆洲
9800,元大,9888,元大-鑫永和
2200,元大期貨,2200,元大期貨
5960,日茂,5960,日茂
5960,日茂,5962,日茂-南投
5960,日茂,5961,日茂-埔里
5660,日進,5660,日進
7750,北城,7750,北城證券
6110,台中銀,6110,台中銀
6110,台中銀,6115,台中銀-台北
6110,台中銀,6114,台中銀-員林
6110,台中銀,6116,台中銀-高雄
6110,台中銀,611A,台中銀-豐原
7120,台安,7120,台安
9B00,台新,9B00,台新
9B00,台新,9B21,台新-九如
9B00,台新,9B13,台新-三民
9B00,台新,9B23,台新-三重
9B00,台新,9B2D,台新-大昌
9B00,台新,9B2l,台新-大裕
9B00,台新,9B2g,台新-中原
9B00,台新,9B2i,台新-中港
9B00,台新,9B1y,台新-中壢
9B00,台新,9B25,台新-五權西
9B00,台新,9B2z,台新-文心
9B00,台新,9B2u,台新-世貿
9B00,台新,9B2L,台新-北中壢
9B00,台新,9B28,台新-北新莊
9B00,台新,9B1h,台新-台中
9B00,台新,9B20,台新-台北
9B00,台新,9B16,台新-台南
9B00,台新,9B1d,台新-左楠
9B00,台新,9B2B,台新-永和
9B00,台新,9B2W,台新-吉利
9B00,台新,9B2P,台新-同大
9B00,台新,9B2Z,台新-安南
9B00,台新,9B2m,台新-成功
9B00,台新,9B2n,台新-西松
9B00,台新,9B2w,台新-佳里
9B00,台新,9B2U,台新-宜蘭
9B00,台新,9B29,台新-府城
9B00,台新,9B27,台新-林園
9B00,台新,9B2b,台新-板橋
9B00,台新,9B15,台新-松江
9B00,台新,9B2a,台新-松德
9B00,台新,9B2y,台新-花蓮
9B00,台新,9B2N,台新-虎尾
9B00,台新,9B2H,台新-信義
9B00,台新,9B2E,台新-城中
9B00,台新,9B2r,台新-城東
9B00,台新,9B1n,台新-屏東
9B00,台新,9B2q,台新-屏新
9B00,台新,9B18,台新-建北
9B00,台新,9B2Y,台新-埔里
9B00,台新,9B2v,台新-桃園
9B00,台新,9B2c,台新-烏日
9B00,台新,9B2X,台新-草屯
9B00,台新,9B1g,台新-高雄
9B00,台新,9B12,台新-國際證券
9B00,台新,9B2S,台新-基隆
9B00,台新,9B2Q,台新-敦南
9B00,台新,9B2G,台新-新竹
9B00,台新,9B22,台新-新店
9B00,台新,9B19,台新-新莊
9B00,台新,9B2o,台新-新興
9B00,台新,9B11,台新-新營
9B00,台新,9B2I,台新-嘉義
9B00,台新,9B2M,台新-彰化
9B00,台新,9B2C,台新-潮州
9B00,台新,9B2A,台新-緯城
9B00,台新,9B17,台新-營業部
3000,台新銀,3000,台新銀
1090,台灣工銀,1090,台灣工銀
8910,台灣巴克萊,8910,台灣巴克萊
1110,台灣企銀,1110,台灣企銀
1110,台灣企銀,1113,台灣企銀-九如
1110,台灣企銀,111C,台灣企銀-三民(停)
1110,台灣企銀,1115,台灣企銀-太平
1110,台灣企銀,111F,台灣企銀-北高雄
1110,台灣企銀,1111,台灣企銀-台中
1110,台灣企銀,1112,台灣企銀-台南
1110,台灣企銀,111A,台灣企銀-民雄
1110,台灣企銀,1117,台灣企銀-竹北
1110,台灣企銀,1119,台灣企銀-岡山
1110,台灣企銀,1116,台灣企銀-屏東
1110,台灣企銀,111B,台灣企銀-建成
1110,台灣企銀,111G,台灣企銀-埔墘
1110,台灣企銀,111E,台灣企銀-桃園
1110,台灣企銀,1114,台灣企銀-嘉義
1110,台灣企銀,1118,台灣企銀-豐原
1470,台灣摩根士丹利,1470,台灣摩根士丹利
6450,永全,6450,永全證券
6450,永全,6452,永全-八德
6450,永全,6451,永全-南崁
5600,永興,5600,永興
5600,永興,5604,永興-大墩
5600,永興,5602,永興-水湳
5600,永興,5603,永興-台中
9A00,永豐金,9A00,永豐金證券
9A00,永豐金,9A9K,永豐金-三重
9A00,永豐金,9A98,永豐金-大園
9A00,永豐金,9A9U,永豐金-中正
9A00,永豐金,9A9B,永豐金-中和
9A00,永豐金,9A9f,永豐金-中盛(停)
9A00,永豐金,9A99,永豐金-中壢
9A00,永豐金,9A9g,永豐金-內湖
9A00,永豐金,9A9G,永豐金-天母
9A00,永豐金,9A9r,永豐金-北高雄
9A00,永豐金,9A9d,永豐金-古亭
9A00,永豐金,9A9L,永豐金-台中
9A00,永豐金,9A9h,永豐金-台南
9A00,永豐金,9A9W,永豐金-市政
9A00,永豐金,9A9c,永豐金-永康
9A00,永豐金,9A9P,永豐金-竹北
9A00,永豐金,9A9X,永豐金-竹科
9A00,永豐金,9A9a,永豐金-亞灣
9A00,永豐金,9A9D,永豐金-忠孝
9A00,永豐金,9A82,永豐金-林口簡易
9A00,永豐金,9A9Y,永豐金-板盛
9A00,永豐金,9A9J,永豐金-板新
9A00,永豐金,9A9E,永豐金-板橋(停)
9A00,永豐金,9A91,永豐金-松山
9A00,永豐金,9A9b,永豐金-虎尾
9A00,永豐金,9A9R,永豐金-信義
9A00,永豐金,9A9M,永豐金-南投
9A00,永豐金,9A9S,永豐金-南京
9A00,永豐金,9A69,永豐金-屏東
9A00,永豐金,9A9C,永豐金-員林
9A00,永豐金,9A79,永豐金-埔里
9A00,永豐金,9A9N,永豐金-桃盛
9A00,永豐金,9A9x,永豐金-桃園
9A00,永豐金,9A9e,永豐金-高雄
9A00,永豐金,9A88,永豐金-國際證券
9A00,永豐金,9A9Z,永豐金-復興
9A00,永豐金,9A89,永豐金-敦北
9A00,永豐金,9A8F,永豐金-敦南
9A00,永豐金,9A81,永豐金-匯立
9A00,永豐金,9A97,永豐金-新竹
9A00,永豐金,9A9i,永豐金-新店
9A00,永豐金,9A9H,永豐金-新莊
9A00,永豐金,9A92,永豐金-萬盛
9A00,永豐金,9A95,永豐金-經紀部
9A00,永豐金,9A9j,永豐金-嘉義
9A00,永豐金,9A9s,永豐金-彰化
9A00,永豐金,9A61,永豐金-鳳山
9A00,永豐金,9A9q,永豐金-潮州
9A00,永豐金,9A9Q,永豐金-豐原
9A00,永豐金,9A9A,永豐金-羅東
8840,玉山,8840,玉山證券
8840,玉山,884A,玉山-士林
8840,玉山,884J,玉山-大里
8840,玉山,884B,玉山-台中
8840,玉山,8847,玉山-台南
8840,玉山,884D,玉山-左營
8840,玉山,8846,玉山-板橋
8840,玉山,884C,玉山-信義
8840,玉山,884E,玉山-城中
8840,玉山,884F,玉山-桃園
8840,玉山,8843,玉山-高雄
8840,玉山,884L,玉山-國際證券
8840,玉山,8849,玉山-景美
8840,玉山,884H,玉山-新竹
8840,玉山,8842,玉山-新莊
8840,玉山,8848,玉山-嘉義
8840,玉山,884M,玉山-數位
8840,玉山,8841,玉山-雙和
7080,石橋,7080,石橋證券
6380,光和,6380,光和
6380,光和,6382,光和-田中
6380,光和,6383,光和-和美
6380,光和,6385,光和-花壇
6380,光和,638D,光和-高雄
6380,光和,6381,光和-溪湖
6380,光和,638A,光和-嘉義
7000,兆豐,7000,兆豐證券
7000,兆豐,700h,兆豐-三民
7000,兆豐,7008,兆豐-三重
7000,兆豐,700S,兆豐-大同
7000,兆豐,700j,兆豐-大安
7000,兆豐,700R,兆豐-小港
7000,兆豐,700b,兆豐-中壢
7000,兆豐,700q,兆豐-內湖(停)
7000,兆豐,700J,兆豐-公益
7000,兆豐,700L,兆豐-天母
7000,兆豐,700I,兆豐-北高雄
7000,兆豐,7003,兆豐-台中
7000,兆豐,7005,兆豐-台中港
7000,兆豐,7006,兆豐-台南
7000,兆豐,700c,兆豐-民生
7000,兆豐,700X,兆豐-永和
7000,兆豐,7007,兆豐-竹北
7000,兆豐,700D,兆豐-西螺
7000,兆豐,700C,兆豐-來福
7000,兆豐,700s,兆豐-岡山
7000,兆豐,700a,兆豐-忠孝
7000,兆豐,700H,兆豐-東門
7000,兆豐,700B,兆豐-板橋
7000,兆豐,700i,兆豐-松德
7000,兆豐,700F,兆豐-虎尾
7000,兆豐,700P,兆豐-南京
7000,兆豐,700g,兆豐-南門
7000,兆豐,700W,兆豐-城中
7000,兆豐,700k,兆豐-員林
7000,兆豐,700N,兆豐-埔墘
7000,兆豐,700M,兆豐-桃園
7000,兆豐,700U,兆豐-桃鶯
7000,兆豐,700Z,兆豐-高雄
7000,兆豐,700m,兆豐-國際證券
7000,兆豐,700f,兆豐-鹿港
7000,兆豐,700G,兆豐-麻豆
7000,兆豐,700p,兆豐-復興
7000,兆豐,7009,兆豐-景美(停)
7000,兆豐,700V,兆豐-新竹
7000,兆豐,700w,兆豐-新莊
7000,兆豐,700K,兆豐-新營
7000,兆豐,7001,兆豐-嘉義
7000,兆豐,700d,兆豐-彰化
7000,兆豐,700r,兆豐-寶成
1020,合庫,1020,合庫證券
1020,合庫,102G,合庫-三重
1020,合庫,1021,合庫-台中
1020,合庫,1022,合庫-台南
1020,合庫,102C,合庫-自強
1020,合庫,102F,合庫-西台中
1020,合庫,102E,合庫-桃園
1020,合庫,1023,合庫-高雄
1020,合庫,102Q,合庫-國際證券
1020,合庫,1025,合庫-基隆
1020,合庫,102A,合庫-新竹
1020,合庫,1024,合庫-嘉義
1020,合庫,1028,合庫-彰化
1020,合庫,1029,合庫-鳳山
8380,安泰,8380,安泰
8380,安泰,8381,安泰-大發
8380,安泰,8382,安泰-楠梓
1260,宏遠,1260,宏遠證券
1260,宏遠,126H,宏遠-中和
1260,宏遠,126L,宏遠-台中
1260,宏遠,126D,宏遠-台南
1260,宏遠,1261,宏遠-民生
1260,宏遠,126i,宏遠-光隆
1260,宏遠,1262,宏遠-桃園
1260,宏遠,126Q,宏遠-高雄
1260,宏遠,126X,宏遠-新化
1260,宏遠,126U,宏遠-館前
2180,亞東,2180,亞東
2180,亞東,2187,亞東-台中
2180,亞東,2185,亞東-台南
2180,亞東,2181,亞東-板橋
2180,亞東,2186,亞東-高雄
2180,亞東,218A,亞東-國際證券
2180,亞東,2184,亞東-新竹
8490,京城,8490,京城
8490,京城,8492,京城-嘉義
6660,和興,6660,和興
8900,法銀巴黎,8900,法銀巴黎
8700,花旗,8700,花旗
1590,花旗環球,1590,花旗環球
7690,金興,7690,金興
5860,盈溢,5860,盈溢
5860,盈溢,5862,盈溢-楠梓
5860,盈溢,5861,盈溢-籬子內
5260,美好,5260,美好
5260,美好,526A,美好-中和
5260,美好,5266,美好-中壢
5260,美好,5269,美好-台中(停)
5260,美好,5268,美好-台南
5260,美好,526M,美好-市政
5260,美好,5265,美好-苗栗
5260,美好,5263,美好-泰山
5260,美好,5264,美好-高雄
5260,美好,5267,美好-基隆
5260,美好,526K,美好-富順
5260,美好,5262,美好-楊梅
5260,美好,5261,美好-蘆洲
1440,美林,1440,美林
1480,美商高盛,1480,美商高盛
7030,致和,7030,致和證券
7030,致和,7039,致和-小北
7030,致和,7031,致和-台北
7030,致和,7032,致和-佳里
7030,致和,7033,致和-府前
7030,致和,7035,致和-東門
7030,致和,7034,致和-金華
7030,致和,7038,致和-南京
7030,致和,7036,致和-高雄
7030,致和,703B,致和-崇德
8960,香港上海匯豐,8960,香港上海匯豐
5320,高橋,5320,高橋
5320,高橋,5322,高橋-中壢
5320,高橋,5323,高橋-內壢
5320,高橋,5321,高橋-龍潭
8880,國泰,8880,國泰證券
8880,國泰,8882,國泰-台中
8880,國泰,8884,國泰-台南
8880,國泰,888D,國泰-左營簡易
8880,國泰,888C,國泰-永和簡易
8880,國泰,8887,國泰-忠孝
8880,國泰,888K,國泰-板橋
8880,國泰,8883,國泰-松江
8880,國泰,888B,國泰-信義簡易
8880,國泰,8885,國泰-桃園
8880,國泰,8881,國泰-高雄
8880,國泰,888Q,國泰-國際證券
8880,國泰,8888,國泰-敦南
8880,國泰,8889,國泰-敦南
8880,國泰,888N,國泰-新竹
8880,國泰,8886,國泰-新莊
8880,國泰,888A,國泰-館前
7790,國票,7790,國票證券
7790,國票,779P,國票-九鼎
7790,國票,7797,國票-中正
7790,國票,779X,國票-中和
7790,國票,779m,國票-中港
7790,國票,7798,國票-內壢
7790,國票,779V,國票-天祥
7790,國票,7792,國票-北投
7790,國票,779J,國票-北高雄
7790,國票,779v,國票-台中
7790,國票,7791,國票-台東
7790,國票,779D,國票-台南
7790,國票,779Z,國票-安和
7790,國票,779j,國票-和平
7790,國票,779u,國票-長城
7790,國票,779n,國票-南京
7790,國票,779e,國票-南科
7790,國票,779E,國票-南崁
7790,國票,7795,國票-南港
7790,國票,779r,國票-桃園
7790,國票,779b,國票-國際證券
7790,國票,779z,國票-博愛
7790,國票,779c,國票-敦北法人
7790,國票,779G,國票-新莊
7790,國票,779H,國票-嘉義
7790,國票,779W,國票-彰化
8450,康和,8450,康和
8450,康和,845F,康和-仁愛
8450,康和,845A,康和-內湖
8450,康和,8455,康和-台中
8450,康和,845U,康和-台北
8450,康和,8458,康和-台南
8450,康和,845B,康和-永和
8450,康和,845R,康和-石牌
8450,康和,8451,康和-延平
8450,康和,845D,康和-板橋
8450,康和,845S,康和-南崁
8450,康和,845X,康和-屏東
8450,康和,845J,康和-高雄
8450,康和,845Y,康和-國際證券
8450,康和,8456,康和-新竹
8450,康和,8459,康和-嘉義
8450,康和,845E,康和-澎湖
5380,第一金,5380,第一金
5380,第一金,538F,第一金-大稻埕
5380,第一金,5389,第一金-中山
5380,第一金,538Y,第一金-中壢
5380,第一金,5382,第一金-台中
5380,第一金,5384,第一金-台南
5380,第一金,538C,第一金-光復
5380,第一金,538j,第一金-安和
5380,第一金,538E,第一金-自由
5380,第一金,538D,第一金-忠孝
5380,第一金,5381,第一金-員林
5380,第一金,5385,第一金-桃園
5380,第一金,5383,第一金-高雄
5380,第一金,538a,第一金-國際證券
5380,第一金,538W,第一金-華江
5380,第一金,538B,第一金-新竹
5380,第一金,538A,第一金-新興
5380,第一金,538L,第一金-經紀部
5380,第一金,538P,第一金-路竹
5380,第一金,538M,第一金-嘉義
5380,第一金,5386,第一金-彰化
5380,第一金,5387,第一金-澎湖
5380,第一金,538I,第一金-頭份
5380,第一金,538N,第一金-豐原
5850,統一,5850,統一
5850,統一,585Q,統一-三多
5850,統一,585J,統一-三重
5850,統一,585Y,統一-土城
5850,統一,585M,統一-士林
5850,統一,5853,統一-中壢
5850,統一,585c,統一-仁愛
5850,統一,585b,統一-內湖
5850,統一,5856,統一-台中
5850,統一,5855,統一-台南
5850,統一,585g,統一-平鎮
5850,統一,585B,統一-永和
5850,統一,585m,統一-竹南
5850,統一,585S,統一-宜蘭
5850,統一,585R,統一-東湖
5850,統一,585P,統一-板橋
5850,統一,585Z,統一-松江
5850,統一,585W,統一-金門
5850,統一,585n,統一-青埔簡易
5850,統一,585U,統一-南京
5850,統一,5854,統一-城中
5850,統一,5859,統一-屏東
5850,統一,585I,統一-員林
5850,統一,585H,統一-桃園
5850,統一,5851,統一-高雄
5850,統一,585s,統一-國際證券
5850,統一,585A,統一-基隆
5850,統一,5852,統一-敦南
5850,統一,585D,統一-新台中
5850,統一,5857,統一-新竹
5850,統一,585E,統一-新營
5850,統一,5858,統一-嘉義
5850,統一,585F,統一-彰化
9200,凱基,9200,凱基
9200,凱基,921M,凱基-八德
9200,凱基,9275,凱基-三多
9200,凱基,9205,凱基-三重
9200,凱基,921E,凱基-三峽
9200,凱基,921J,凱基-土城
9200,凱基,9238,凱基-士林
9200,凱基,9291,凱基-大安
9200,凱基,920W,凱基-大里
9200,凱基,9218,凱基-大直
9200,凱基,9229,凱基-中山
9200,凱基,9202,凱基-中港
9200,凱基,9285,凱基-中壢
9200,凱基,921G,凱基-五股
9200,凱基,9225,凱基-內埔
9200,凱基,9287,凱基-內湖
9200,凱基,921F,凱基-天母理財
9200,凱基,9297,凱基-文心
9200,凱基,9281,凱基-斗六
9200,凱基,9283,凱基-北門
9200,凱基,9204,凱基-台中
9200,凱基,9268,凱基-台北
9200,凱基,920Z,凱基-台東
9200,凱基,9211,凱基-台南
9200,凱基,920D,凱基-市府
9200,凱基,9239,凱基-市政
9200,凱基,921C,凱基-民權
9200,凱基,9207,凱基-永和
9200,凱基,9278,凱基-永康
9200,凱基,9235,凱基-永華
9200,凱基,9226,凱基-汐止
9200,凱基,9234,凱基-竹北
9200,凱基,920E,凱基-竹北理財
9200,凱基,9273,凱基-竹東
9200,凱基,9272,凱基-竹科
9200,凱基,9255,凱基-和平
9200,凱基,920M,凱基-宜蘭
9200,凱基,9209,凱基-岡山
9200,凱基,9279,凱基-忠孝
9200,凱基,9212,凱基-東港
9200,凱基,921Y,凱基-東勢
9200,凱基,9257,凱基-林口
9200,凱基,920A,凱基-板橋
9200,凱基,9217,凱基-松山
9200,凱基,9236,凱基-虎尾
9200,凱基,9233,凱基-長庚
9200,凱基,9216,凱基-信義
9200,凱基,9256,凱基-南崁
9200,凱基,9227,凱基-城中
9200,凱基,922C,凱基-屏東
9200,凱基,9254,凱基-科園
9200,凱基,9276,凱基-苗栗
9200,凱基,9231,凱基-員林
9200,凱基,9288,凱基-埔墘
9200,凱基,9208,凱基-桃園
9200,凱基,920F,凱基-站前
9200,凱基,9215,凱基-高美館
9200,凱基,9206,凱基-高雄
9200,凱基,9299,凱基-國際證券
9200,凱基,920H,凱基-基隆
9200,凱基,922H,凱基-復興(停)
9200,凱基,9237,凱基-敦北
9200,凱基,920N,凱基-湖口
9200,凱基,920V,凱基-新店
9200,凱基,921S,凱基-新莊
9200,凱基,9224,凱基-新莊(停)
9200,凱基,9266,凱基-新豐
9200,凱基,9252,凱基-嘉義
9200,凱基,920G,凱基-彰化
9200,凱基,9274,凱基-鳳山
9200,凱基,9289,凱基-興隆
9200,凱基,9296,凱基-頭份
9200,凱基,9203,凱基-總公司
9200,凱基,9223,凱基-豐中
9200,凱基,920C,凱基-雙和
9200,凱基,9258,凱基-羅東
9600,富邦,9600,富邦證券
9600,富邦,961K,富邦-七賢
9600,富邦,962B,富邦-二林
9600,富邦,963A,富邦-八德
9600,富邦,9677,富邦-三重
9600,富邦,962J,富邦-三峽
9600,富邦,961L,富邦-士林(停)
9600,富邦,961X,富邦-大墩(停)
9600,富邦,962K,富邦-中和(停)
9600,富邦,9636,富邦-中壢
9600,富邦,9676,富邦-仁愛
9600,富邦,9627,富邦-內湖
9600,富邦,961F,富邦-公益
9600,富邦,962X,富邦-文化(停)
9600,富邦,962G,富邦-斗六
9600,富邦,961M,富邦-木柵
9600,富邦,969C,富邦-北港
9600,富邦,965K,富邦-台中
9600,富邦,9623,富邦-台北
9600,富邦,9608,富邦-台東
9600,富邦,9667,富邦-台南
9600,富邦,966F,富邦-左營
9600,富邦,9654,富邦-永和
9600,富邦,961Z,富邦-永康
9600,富邦,9624,富邦-竹北
9600,富邦,9625,富邦-竹東
9600,富邦,962C,富邦-竹科
9600,富邦,961P,富邦-和美
9600,富邦,9686,富邦-宜蘭
9600,富邦,9616,富邦-岡山
9600,富邦,961D,富邦-忠孝(停)
9600,富邦,9655,富邦-板橋
9600,富邦,961V,富邦-板橋中山(停)
9600,富邦,9621,富邦-花蓮
9600,富邦,9697,富邦-虎尾
9600,富邦,961N,富邦-青埔
9600,富邦,9666,富邦-南屯
9600,富邦,961C,富邦-南京
9600,富邦,961R,富邦-南員林
9600,富邦,962A,富邦-南港
9600,富邦,961Y,富邦-屏東
9600,富邦,9658,富邦-建國
9600,富邦,9657,富邦-苗栗
9600,富邦,961Q,富邦-重新(停)
9600,富邦,9672,富邦-員林
9600,富邦,9665,富邦-桃園
9600,富邦,9659,富邦-高雄
9600,富邦,960S,富邦-國際證券
9600,富邦,9614,富邦-基隆
9600,富邦,9663,富邦-敦南
9600,富邦,962Q,富邦-港都
9600,富邦,9604,富邦-陽明
9600,富邦,962R,富邦-園區(停)
9600,富邦,9647,富邦-新竹
9600,富邦,9661,富邦-新店
9600,富邦,961H,富邦-新板
9600,富邦,962D,富邦-新莊
9600,富邦,9693,富邦-新營
9600,富邦,9699,富邦-經紀
9600,富邦,9692,富邦-嘉義
9600,富邦,965U,富邦-彰化
9600,富邦,9698,富邦-數位大安
9600,富邦,962E,富邦-樹林
9600,富邦,962P,富邦-頭份
9600,富邦,962W,富邦-龍潭(停)
9600,富邦,963L,富邦-豐原
9600,富邦,962L,富邦-雙和(停)
9600,富邦,9634,富邦-羅東
7530,富順,7530,富順
1570,港商法國興業(停),1570,港商法國興業(停)
1560,港商野村,1560,港商野村
1360,港商麥格理,1360,港商麥格理
1530,港商德意志(停),1530,港商德意志(停)
1660,港商聯昌,1660,港商聯昌
1400,港商蘇皇,1400,港商蘇皇
6640,渣打商銀,6640,渣打商銀
9300,華南永昌,9300,華南永昌
9300,華南永昌,9369,華南永昌-三重
9300,華南永昌,9315,華南永昌-大甲
9300,華南永昌,9307,華南永昌-大安
9300,華南永昌,9323,華南永昌-小港
9300,華南永昌,9359,華南永昌-中正
9300,華南永昌,9337,華南永昌-內壢
9300,華南永昌,9327,華南永昌-斗六
9300,華南永昌,9334,華南永昌-世貿
9300,華南永昌,9309,華南永昌-古亭
9300,華南永昌,9302,華南永昌-台中
9300,華南永昌,9306,華南永昌-台南
9300,華南永昌,9312,華南永昌-民權
9300,華南永昌,9329,華南永昌-朴子
9300,華南永昌,9339,華南永昌-竹北
9300,華南永昌,9324,華南永昌-岡山
9300,華南永昌,9325,華南永昌-忠孝
9300,華南永昌,9386,華南永昌-東昇
9300,華南永昌,9358,華南永昌-東勢
9300,華南永昌,9317,華南永昌-林口
9300,華南永昌,9349,華南永昌-板橋
9300,華南永昌,9377,華南永昌-虎尾
9300,華南永昌,9333,華南永昌-長虹
9300,華南永昌,9326,華南永昌-南京
9300,華南永昌,9362,華南永昌-苗栗
9300,華南永昌,9352,華南永昌-桃園
9300,華南永昌,9303,華南永昌-高雄
9300,華南永昌,9399,華南永昌-國際證券
9300,華南永昌,9322,華南永昌-基隆
9300,華南永昌,9316,華南永昌-淡水
9300,華南永昌,9308,華南永昌-麻豆
9300,華南永昌,9347,華南永昌-敦南
9300,華南永昌,9305,華南永昌-新莊
9300,華南永昌,9332,華南永昌-楠梓
9300,華南永昌,9314,華南永昌-嘉義
9300,華南永昌,9363,華南永昌-彰化
9300,華南永昌,9331,華南永昌-鳳山
9300,華南永昌,9328,華南永昌-潮州
9300,華南永昌,9343,華南永昌-頭份
9300,華南永昌,9366,華南永昌-豐原
9300,華南永昌,9319,華南永昌-鶯歌
8710,陽信,8710,陽信
8710,陽信,8715,陽信-台中
8710,陽信,8714,陽信-台南
8710,陽信,8711,陽信-石牌
8710,陽信,8713,陽信-高雄
8710,陽信,8716,陽信-新竹
1650,新加坡商瑞銀,1650,新加坡商瑞銀
8560,新光,8560,新光
8560,新光,8561,新光-台中
8560,新光,8564,新光-台南
8560,新光,8565,新光-桃園
8560,新光,8562,新光-高雄
8560,新光,8563,新光-新竹
6210,新百王,6210,新百王
8690,新壽,8690,新壽
1520,瑞士信貸(停),1520,瑞士信貸(停)
8660,萬通(停),8660,萬通(停)
9100,群益金鼎,9100,群益金鼎
9100,群益金鼎,9188,群益金鼎-三民
9100,群益金鼎,913g,群益金鼎-三重
9100,群益金鼎,913N,群益金鼎-土城
9100,群益金鼎,9137,群益金鼎-士林
9100,群益金鼎,918g,群益金鼎-大甲
9100,群益金鼎,918e,群益金鼎-大安
9100,群益金鼎,918H,群益金鼎-中山
9100,群益金鼎,9138,群益金鼎-中港
9100,群益金鼎,918A,群益金鼎-中壢
9100,群益金鼎,918s,群益金鼎-丹鳳
9100,群益金鼎,918d,群益金鼎-內湖
9100,群益金鼎,918P,群益金鼎-天母
9100,群益金鼎,913R,群益金鼎-北高雄
9100,群益金鼎,918C,群益金鼎-古亭
9100,群益金鼎,9184,群益金鼎-台中
9100,群益金鼎,918X,群益金鼎-台北
9100,群益金鼎,9185,群益金鼎-台南
9100,群益金鼎,910D,群益金鼎-市府
9100,群益金鼎,9131,群益金鼎-民權
9100,群益金鼎,918J,群益金鼎-永和
9100,群益金鼎,918i,群益金鼎-竹南
9100,群益金鼎,9136,群益金鼎-西松
9100,群益金鼎,918z,群益金鼎-宜蘭
9100,群益金鼎,918x,群益金鼎-延平
9100,群益金鼎,918W,群益金鼎-忠孝
9100,群益金鼎,9135,群益金鼎-東大
9100,群益金鼎,918D,群益金鼎-東門
9100,群益金鼎,918K,群益金鼎-東湖
9100,群益金鼎,918B,群益金鼎-板橋
9100,群益金鼎,9103,群益金鼎-松山
9100,群益金鼎,918E,群益金鼎-南京
9100,群益金鼎,913H,群益金鼎-屏東
9100,群益金鼎,918L,群益金鼎-建成
9100,群益金鼎,9189,群益金鼎-桃園
9100,群益金鼎,9108,群益金鼎-海山
9100,群益金鼎,9105,群益金鼎-高盛
9100,群益金鼎,9183,群益金鼎-高雄
9100,群益金鼎,9199,群益金鼎-國際證券
9100,群益金鼎,913E,群益金鼎-基隆
9100,群益金鼎,913U,群益金鼎-崇德
9100,群益金鼎,9101,群益金鼎-敦南
9100,群益金鼎,9134,群益金鼎-開元
9100,群益金鼎,9186,群益金鼎-新竹
9100,群益金鼎,918F,群益金鼎-新店
9100,群益金鼎,918G,群益金鼎-新莊
9100,群益金鼎,918u,群益金鼎-瑞豐
9100,群益金鼎,913I,群益金鼎-萬華
9100,群益金鼎,918M,群益金鼎-嘉義
9100,群益金鼎,9187,群益金鼎-彰化
9100,群益金鼎,918c,群益金鼎-鳳山
9100,群益金鼎,913D,群益金鼎-潭子
9100,群益金鼎,913Y,群益金鼎-館前
9100,群益金鼎,9182,群益金鼎-總公司
2210,群益期貨,2210,群益期貨
1230,彰銀,1230,彰銀
1230,彰銀,1232,彰銀-七賢
1230,彰銀,1233,彰銀-台中
6480,福邦,6480,福邦證券
6480,福邦,6489,福邦-新竹
6950,福勝,6950,福勝
1040,臺銀,1040,臺銀
1040,臺銀,1043,臺銀-民權
1040,臺銀,104D,臺銀-金山
1040,臺銀,104C,臺銀-高雄
1040,臺銀,1045,臺銀-新竹
1040,臺銀,104A,臺銀-臺中
1040,臺銀,1042,臺銀-臺南
1040,臺銀,1041,臺銀-鳳山(停)
6910,德信,6910,德信
6910,德信,6912,德信-中正
6910,德信,6915,德信-和平
6910,德信,6913,德信-新營
8440,摩根大通,8440,摩根大通
8580,聯邦商銀,8580,聯邦證券
8580,聯邦商銀,8585,聯邦-三重
8580,聯邦商銀,8586,聯邦-大業
8580,聯邦商銀,8588,聯邦-台南
8580,聯邦商銀,8583,聯邦-忠孝
8580,聯邦商銀,8581,聯邦-高雄
8580,聯邦商銀,8582,聯邦-嘉義
8580,聯邦商銀,8587,聯邦-興中
8580,聯邦商銀,8584,聯邦-雙和
5500,豐銀,5500,豐銀
7900,豐德,7900,豐德
5690,豐興,5690,豐興
5460,寶盛,5460,寶盛
