code,name,abbr,web,mail
1101,台泥,TCC,tccgroupholdings,taiwancement
1102,亞泥,ACC,acc,acc
1103,嘉泥,CHC,chcgroup,chcgroup
1104,環泥,UCC,ucctw,ucctw
1108,幸福,LUCKY CEMENT,luckygrp,luckygrp
1109,信大,HsingTa,hsingta,hsingta
1110,東泥,SE CEMENT,southeastcement,secement
1201,味全,WEI CHUAN,weichuan,weichuan
1203,味王,VE WONG,vewong,vewong
1210,大成,GREATWALL,dachan,ms
1213,大飲,OCEANIC Bev.,applesidra,ms23
1215,卜蜂,CPE,cptwn,cptwn
1216,統一,UNI-PRESIDENT,uni-president,mail
1217,愛之味,AGV,agv,mail
1218,泰山,TAISUN,taisun,taisun
1219,福壽,FWUSOW,fwusow,fwusow
1220,台榮,TAIROUN,tairoun,tairoun
1225,福懋油,FOPCO,fopco,fopco
1227,佳格,SFC,sfworldwide,sfworldwide
1229,聯華,LHIHC,lhicholdings,lhic
1231,聯華食,Lian Hwa Foods,lianhwa,lianhwa
1232,大統益,TTET,ttet,mail
1233,天仁,Ten Ren,tenren,tenren
1234,黑松,HEY SONG,heysong,heysong
1235,興泰,ST,goldenbrand,gmail
1236,宏亞,Hunya,hunya,hunya
1256,鮮活果汁-KY,Sunjuice,sunjuice,sunjuice
1301,台塑,FPC,fpc,fpc
1303,南亞,NPC,npc,npc
1304,台聚,USI,usife,usig
1305,華夏,CGPC,cgpc,usig
1307,三芳,SAN FANG,sanfang,sanfang
1308,亞聚,APC,apc,usig
1309,台達化,TTC,ttc,usig
1310,台苯,T.S.M.C.,smct,mail
1312,國喬,GPPC,gppc,gppc
1313,聯成,UPC,upc,upc
1314,中石化,CPDC,cpdc,cpdc
1315,達新,TAH HSIN,tahhsin,mail
1316,上曜,SUN  YAD,sunyad,yahoo
1319,東陽,TYG,tyg,tyg
1321,大洋,OPC,opc,opc
1323,永裕,YONYU,yonyu,yonyu
1324,地球,GLOBE TAPE,globetape,globetape
1325,恆大,UK,uk,ms34
1326,台化,FCFC,fcfc,fcfc
1337,再生-KY,Asia Plastic,asia-recycle,gmail
1338,廣華-KY,Hiroca,hiroca,hirosawa
1339,昭輝,Y.C.C.,yccco,yccco
1340,勝悅-KY,VICTORY,vnm,sportspowersole
1341,富林-KY,FULIN-KY,fulinvn,fulintw
1342,八貫,CCI Yilan,cathayconsolidated,cathay1342
1402,遠東新,FENC,fenc,metro
1409,新纖,SSFC,shinkong,shinkong
1410,南染,NYDF,nydf,ms19
1413,宏洲,H.C.,hungchou,hungchou
1414,東和,TUNG HO,tungho,tungho
1416,廣豐,KFIC,kfic,kfic
1417,嘉裕,CARNIVAL,carnival,carnival
1418,東華,TongHwa,tonghwa,ms22
1419,新紡,SHINKO.TEXTILE,sktextile,sktextile
1423,利華,REWARD WOOL,reward,reward
1432,大魯閣,TAROKO,taroko,taroko
1434,福懋,F.T.C,ftc,ftc
1435,中福,C.F.CORP.,chungfutex,chungfutex
1436,華友聯,HUA YU LIEN,huakai,huakai
1437,勤益控,GTM,gtm,gtm
1438,三地開發,SanDi,sandirealestate,ms37
1439,雋揚,ASCENT,ascentglobal,ascentglobal
1440,南紡,TAINAN SPINNING,tainanspin,tainanspin
1441,大東,TAH TONG,tahtong,tahtong
1442,名軒,ADVANCETEK,advancetek,advancetek
1443,立益物流,LILYTEXTILE,lily,ms31
1444,力麗,LEALEA,lealeagroup,lipeng
1445,大宇,UNIVERSAL,universal-tex,universal-tex
1446,宏和,HONG HO,hongho,hongho
1447,力鵬,LP,lipeng,lealea
1449,佳和,CHIA HER,chgtex,chgtex
1451,年興,NIEN HSING,nhjeans,nhjeans
1452,宏益,HONG YI,hongyilon,hongyilon
1453,大將,TA  JIANG,tajiang,tajiang
1454,台富,TTF,ttfco,ttfco
1455,集盛,ZIG SHENG,zigsheng,zigsheng
1456,怡華,I-HWA,ihwa,ybworld
1457,宜進,YI JINN,yijinn,ms8
1459,聯發,LAN FA,lanfa,lanfa
1460,宏遠,EVEREST,everest,everest
1463,強盛新,CSG,csgroup,csg
1464,得力,DE LICACY,delicacy,delicacy
1465,偉全,WISHER,wisher,wisher
1466,聚隆,Acelon,acelon,acelon
1467,南緯,TEX-RAY,texray,texray
1468,昶和,CHANG HO,chang-ho,chang-ho
1470,大統新創,EVERTEX,evertex,evertex
1471,首利,SL,soly-tech,soly-tech
1472,三洋實業,TRIOCEAN,triocean,triocean
1473,台南,TAINAN,tai-nan,tai-nan
1474,弘裕,HONMYUE,textile-hy,honmyue
1475,業旺,BIG SUNSHINE,big-sunshine,big-sunshine
1476,儒鴻,ECLAT,eclat,eclat
1477,聚陽,Makalot,makalot,makalot
1503,士電,SEEC,seec,seec
1504,東元,TECO,teco,teco
1506,正道,RIGHT WAY,rightway,rightway
1512,瑞利,JL,juili,juili
1513,中興電,CHEM,chem,chem
1514,亞力,AEC,allis,allis
1515,力山,REXON,rexon,rexon
1516,川飛,FALCON,falconpower,yahoo
1517,利奇,Lee Chi,leechi,leechi
1519,華城,FE,fortune,fortune
1521,大億,TA YIH,tayih-ind,tayih-ind
1522,堤維西,TYC,tyc,tyc
1524,耿鼎,GORDON,gordon,gordon
1525,江申,KSC,kian-shen,kian-shen
1526,日馳,SUNRACE,sunrace,sunrace
1527,鑽全,BASSO,basso,basso
1528,恩德,ANDERSON,anderson,anderson
1529,樂事綠能,LUXE,luxe,luxe
1530,亞崴,AWEA,awea,awea
1531,高林股,KAULIN,siruba,siruba
1532,勤美,CMP,cmp,cmp
1533,車王電,MORE,more,more
1535,中宇,CEC,ecotek,ecotek
1536,和大,HOTA,hota,hota
1537,廣隆,KUNG LONG,klb,mail
1538,正峰,JF,jennfeng,ms2
1539,巨庭,GT,geetech,geetech
1540,喬福,ROUNDTOP,johnford,johnford
1541,錩泰,Chang Type,toty,mail
1558,伸興,ZENG HSING,zenghsing,zenghsing
1560,中砂,KINIK,kinik,kinik
1563,巧新,SAI,superalloy,superalloy
1568,倉佑,T.Y.,tsangyow,tsangyow
1582,信錦,SYNCMOLD,syncmold,syncmold
1583,程泰,GOODWAY,goodwaycnc,goodwaycnc
1587,吉茂,CM,cryomaxcooling,cryomaxcooling
1589,永冠-KY,YGG,ygget,ygget
1590,亞德客-KY,AIRTAC,airtac,airtac
1597,直得,cpc,chieftek,mail2
1598,岱宇,Dyaco,dyaco,dyaco
1603,華電,CWCO,cwco,cwco
1604,聲寶,SAMPO,sampo,sampo
1605,華新,WALSIN,walsin,walsin
1608,華榮,HE,hegroup,hegroup
1609,大亞,TA YA,taya,mail
1611,中電,CE,chinaelectric,chinaelectric
1612,宏泰,HONG TAI,hong-tai,hong-tai
1614,三洋電,Taiwan Sanyo,sanlux,sanyo
1615,大山,Dah  San,dahsan,dahsan
1616,億泰,EVERTOP,evertop,ms27
1617,榮星,JSW,jswire,nt1
1618,合機,HK,hold-key,hold-key
1623,大東電,TEWC,tewc,tewc
1626,艾美特-KY,AIRMATE,airmate-china,airmate-china
1702,南僑,NAMCHOW,namchow,ms4
1707,葡萄王,GKB,grapeking,grapeking
1708,東鹼,SESODA,sesoda,sesoda
1709,和益,FUCC,fucc,fucc
1710,東聯,OUCC,oucc,oucc
1711,永光,EVERLIGHT,ecic,ecic
1712,興農,SINON,sinon,sinon
1713,國化,CCW,ccwi,cathaychem
1714,和桐,HO TUNG,htgroup,htgroup
1717,長興,ETERNAL,eternal-group,eternal-group
1718,中纖,CMFC,cmfc,cmfc
1720,生達,S.C.P.C,standard,standard
1721,國慶科技,SUNKO,sunko,sunko
1722,台肥,TFC,taifer,ms22
1723,中碳,CSCC,cscc,e-cscc
1725,元禎,YJE,yuanjen,yuanjen
1726,永記,Y.C.P.,rainbowpaint,mail
1727,中華化,CHCIW,chciw,chciw
1730,花仙子,FARCENT,farcent,farcent
1731,美吾華,Maywufa,maywufa,maywufa
1732,毛寶,Mao Bao,maobao,maobao
1733,五鼎,ApexBio,apexbio,apexbio
1734,杏輝,SINPHAR,sinphar,sinphar
1735,日勝化,EMC,twemc,twemc
1736,喬山,JHT,johnsonhealthtech,johnsonfitness
1737,臺鹽,Taiyen,tybio,tybio
1752,南光,NANG KUANG,nangkuang,ms15
1760,寶齡富錦,PBF,pbf,pbf
1762,中化生,CCSB,ccsb,ccsb
1773,勝一,SHINY  CHEMICAL,shinychem,shinychem
1776,展宇,Headway,headway,headway
1783,和康生,MBI,mbi,mbi
1786,科妍,SVBI,scivision,scivision
1789,神隆,SPT,scinopharm,scinopharm
1795,美時,Lotus Pharm,lotuspharm,lotuspharm
1802,台玻,TGI,taiwanglass,taiwanglass
1805,寶徠,BLG,blgroup,blgroup
1806,冠軍,CHAMPION,group,mail
1808,潤隆,RUN LONG,runlong,runlong
1809,中釉,China Glaze,china-glaze,mail
1810,和成,HCG,hcg,hcgnet
1817,凱撒衛,SANITAR,caesar,caesar
1903,士紙,Shihlin Paper,shihlin,shihlin
1904,正隆,Cheng Loong,clc,mail
1905,華紙,CHP,chp,yfy
1906,寶隆,Baolong Intl.,baolongintl,baolongintl
1907,永豐餘,YFY,yfy,yfy
1909,榮成,Longchen P&P,longchenpaper,longchenpaper
2002,中鋼,CSC,csc,mail
2006,東和鋼鐵,Tung Ho Steel,tunghosteel,tunghosteel
2007,燁興,YH,yheco,yheco
2008,高興昌,KHC,khc,khc
2009,第一銅,FCC,fcht,hegroup
2010,春源,CHUN YUAN STEEL,cysco,cysco
2012,春雨,CHUN YU,chunyu,chunyu
2013,中鋼構,CSSC,cssc,cssc
2014,中鴻,CHUNG HUNG,chsteel,chsteel
2015,豐興,FH,fenghsin,ms22
2017,官田鋼,Quintain Steel,quintain,quintain
2020,美亞,MAYER PIPE,mayer,mayergroup
2022,聚亨,TYCOONS,tycons,mail
2023,燁輝,YP,yiehphui,yiehphui
2024,志聯,CHIH LIEN,chihlien,mail
2025,千興,CSSSC,csssc,msa
2027,大成鋼,TC,tachen,tachen
2028,威致,WEI CHIH,weichih,ms29
2029,盛餘,SYSCO,shengyusteel,shengyusteel
2030,彰源,FROCH,froch,froch
2031,新光鋼,Hkssteel,hkssteel,ms4
2032,新鋼,Sinkang,sinkang,sinkang
2033,佳大,CHIA TA,ctworld,ms14
2034,允強,YC,ycinox,ycinox
2038,海光,HAIKWANG,haikwang,haikwang
2049,上銀,HIWIN,hiwin,hiwin
2059,川湖,king slide,kingslide,kingslide
2062,橋椿,SSM,sunspring,sunspring
2069,運錩,YC,yuenchang,yuenchang
2072,世紀風電,CENE,cwptw,cwptw
2101,南港,NK,nankang-tyre,nankang
2102,泰豐,FEDERAL CORP,federalcorporation,federaltire
2103,台橡,TSRC,tsrc,tsrc-global
2104,國際中橡,CSRC,csrcgroup,csrcgroup
2105,正新,CST,cst,ms1
2106,建大,KENDA,kendatire,kenda
2107,厚生,FRG,frg,frgco
2108,南帝,NANTEX,nantex,nantex
2109,華豐,HWA FONG,duro,duro
2114,鑫永銓,HYC,hyc-king,hyc-king
2115,六暉-KY,LU HAI,luhai,luhai
2201,裕隆,YL,yulon-motor,yulon-motor
2204,中華,CMC,china-motor,china-motor
2206,三陽工業,SYM,sanyang,sym
2207,和泰車,HOTAI MOTOR,hotaimotor,hotaimotor
2208,台船,CSBC,csbcnet,csbcnet
2211,長榮鋼,EGST,evergreennet,evergreennet
2227,裕日車,YNM,nissan,yulon-nissan
2228,劍麟,IRF,irf,irf
2231,為升,CUB,cubelec,cubelec
2233,宇隆,TURVO,turvo,turvo
2236,百達-KY,Patec,patec-intl,patec
2237,華德動能-創,RAC,racev,racev
2239,英利-KY,Cayman Engley,engley,engley
2241,艾姆勒,Amulaire,amulaire,amulaire
2243,宏旭-KY,HS,horngshiue,horngshiue
2247,汎德永業,PGUM,pgum,email
2248,華勝-KY,eLAND,hs-elan,top-elan
2250,IKKA-KY,IKKA-KY,ikka,ikka
2254,巨鎧精密-創,COPLUS,coplus,coplus
2258,鴻華先進-創,Foxtron,foxtronev,foxtronev
2301,光寶科,LTC,liteon,liteon
2302,麗正,RECTRON,rectron,rectron
2303,聯電,UMC,umc,umc
2305,全友,MII,microtek,microtek
2308,台達電,DELTA,deltaww,deltaww
2312,金寶,KINPO,kinpo,kinpo
2313,華通,COMPEQ,compeq,compeq
2314,台揚,MTI,mtigroup,mtigroup
2316,楠梓電,WUS,wus,wuspc
2317,鴻海,HON HAI,honhai,foxconn
2321,東訊,TECOM,tecom,tecom
2323,中環,CMC,cmcnet,cmcnet
2324,仁寶,Compal,compal,compal
2327,國巨*,YAGEO,yageo,yageo
2328,廣宇,PI,panpi,panpi
2329,華泰,OSE,ose,ose
2330,台積電,TSMC,tsmc,tsmc
2331,精英,ECS,ecs,ecs
2332,友訊,D-LINK,company,dlinkcorp
2337,旺宏,Macronix,macronix,mxic
2338,光罩,TMC,tmcnet,
2340,台亞,TASC,tascsemi,tascsemi
2342,茂矽,MVI,mosel,mail
2344,華邦電,WEC,winbond,winbond
2345,智邦,ACCTON,accton,accton
2347,聯強,Synnex,synnex-grp,synnex
2348,海悅,Hiyes,hiyes-group,hiyes
2349,錸德,RITEK,ritek,ritek
2351,順德,SDI,sdi,email
2352,佳世達,Qisda,qisda,qisda
2353,宏碁,ACER,acer,acer
2354,鴻準,FTC,foxconntech,ftc-foxconn
2355,敬鵬,CHIN-POON,chinpoon,tw
2356,英業達,INVENTEC,inventec,inventec
2357,華碩,ASUSTEK,asus,asus
2359,所羅門,SOLOMON,solomon,solomon
2360,致茂,CHROMA,chromaate,chromaate
2362,藍天,CLEVO CO.,clevo,clevo
2363,矽統,SiS,sis,sis
2364,倫飛,Twinhead,twinhead,twinhead
2365,昆盈,KYE,geniusnet,geniusnet
2367,燿華,UNITECH,pcbut,pcbut
2368,金像電,GCE,gce,gce
2369,菱生,LPI,lingsen,lingsen
2371,大同,TATUNG COMPANY,tatung,tatung
2373,震旦行,Aurora,aurora,aurora
2374,佳能,ABILITY,abilitycorp,abilitycorp
2375,凱美,KAIMEI,jamicon,jamicon
2376,技嘉,GIGABYTE,gigabyte,gigabyte
2377,微星,MSI,tw,msi
2379,瑞昱,RT,realtek,realtek
2380,虹光,AVISION,avision,avision
2382,廣達,QCI,quantatw,quantatw
2383,台光電,EMC,emctw,mail
2385,群光,CHICONY,chicony,chicony
2387,精元,SUNREX,sunrex,sunrex
2388,威盛,VIA,via,via
2390,云辰,EVERSPRING,everspring,everspring
2392,正崴,FOXLINK,foxlink,foxlink
2393,億光,EVERLIGHT,everlight,everlight
2395,研華,Advantech,advantech,advantech
2397,友通,DFI Inc.,dfi,dfi
2399,映泰,BIOSTAR,biostar,biostar
2401,凌陽,SUNPLUS,sunplus,sunplus
2402,毅嘉,ICHIA,ichia,ichia
2404,漢唐,UIS,uisco,uisco
2405,輔信,Shuttle,shuttle,tw
2406,國碩,GSC,gigastorage,gigastorage
2408,南亞科,NTC,nanya,ntc
2409,友達,AUO,auo,auo
2412,中華電,CHT,cht,cht
2413,環科,UMEC,umec,umec
2414,精技,UT,unitech,unitech
2415,錩新,CX TECH,cxtechnology,mail
2417,圓剛,AVERMEDIA,avermedia,avermedia
2419,仲琦,H.T.,hitrontech,hitrontech
2420,新巨,ZIPPY,zippy,zippy
2421,建準,SUNON,sunon,sunon
2423,固緯,GW,gwinstek,goodwill
2424,隴華,LUNG HWA,lhsat,lunghwa
2425,承啟,CHAINTECH,chaintech,chaintech
2426,鼎元,TYNTEK,tyntek,serv
2427,三商電,MDS,mds,mds
2428,興勤,THINKING,thinking,thinking
2429,銘旺科,PWT,abonmax,abonmax
2430,燦坤,TKE,tk3c,tk3c
2431,聯昌,LIEN CHANG,lienchang,lienchang
2432,倚天酷碁-創,AGT,acergadget,acergadget
2433,互盛電,HUXEN,eosasc,eosasc
2434,統懋,MOSPEC,mospec,ms27
2436,偉詮電,Weltrend,weltrend,weltrend
2438,翔耀,ENLIGHT,enlightcorp,enlightcorp
2439,美律,MERRY,merry,merry
2440,太空梭,SPACE SHUTTLE,spaces,spaces
2441,超豐,GTK,greatek,greatek
2442,新美齊,JEAN,jean,jean
2444,兆勁,AboCom,abocom,abocom
2449,京元電子,KYEC,kyec,kyec
2450,神腦,SENAO,senao,senao
2451,創見,Transcend,transcend-info,transcend-info
2453,凌群,SYSCOM,syscom,syscom
2454,聯發科,MediaTek,mediatek,mediatek
2455,全新,VPEC,vpec,vpec
2457,飛宏,PHIHONG,phihongtech,phihong
2458,義隆,ELAN,emc,emc
2459,敦吉,AUDIX,audix,audix
2460,建通,GEM,gem,ms
2461,光群雷,K LASER,klasergroup,klasergroup
2462,良得電,LINETEK,linetek,linetek
2464,盟立,Mirle,mirle,mirle
2465,麗臺,LEADTEK,leadtek,leadtek
2466,冠西電,COSMO,cosmo-inc,cosmo-inc
2467,志聖,C SUN,csun,csun
2468,華經,FIS,fis,fis
2471,資通,ARES,ares,ares
2472,立隆電,LELON,lelon,lelon
2474,可成,CATCHER,catcher-group,catcher-group
2476,鉅祥,GS,gs,mail
2477,美隆電,MEILOON,meiloon,meiloon
2478,大毅,TA-I,tai,tai
2480,敦陽科,STARK,sti,sti
2481,強茂,PANJIT,panjit,panjit
2482,連宇,UIC,uicpaymentsinc,uniform
2483,百容,ECE,ece,mail
2484,希華,SIWARD,siward,siward
2485,兆赫,ZINWELL,zinwell,zinwell
2486,一詮,I-CHIUN,i-chiun,i-chiun
2488,漢平,HANPIN,hanpin,hanpin
2489,瑞軒,AMTRAN,amtran,amtran
2491,吉祥全,FOCL,focl,focl
2492,華新科,WTC,passivecomponent,passivecomponent
2493,揚博,AMPOC,ampoc,ampoc
2495,普安,Infortrend,infortrend,infortrend
2496,卓越,SPC,chenliedu2496,chenliedu
2497,怡利電,E-LEAD,e-lead,e-lead
2498,宏達電,HTC,htc,htc
2501,國建,CATHAY RED,cathay-red,cathay-red
2504,國產,GBM,gdc,
2505,國揚,ky,kycc,
2506,太設,PCC,pacific-group,mail
2509,全坤建,CHAINQUI,gtg,mail
2511,太子,PHD,prince,prince
2514,龍邦,LONG BON,longbon,longbon
2515,中工,BES,bes,bes
2516,新建,New Asia,newasia,newasia
2520,冠德,KINDOM,kindom,kindom
2524,京城,KTC,kingtown,kingtown
2527,宏璟,Hung Ching,asehcc,asehome
2528,皇普,CROWELL,crowell,crowell
2530,華建,DELPHA,delpha,delpha
2534,宏盛,HSC,hsc,hsc
2535,達欣工,DA-CIN,dacin,dacin
2536,宏普,Hong Pu,hong-pu,hong-pu
2537,聯上發,WE & WIN,5v,5v
2538,基泰,KeeTai,keetai,thekeetai
2539,櫻花建,SAKURAD,sakurad,msa
2540,愛山林,JSL,isanlin,mail
2542,興富發,Highwealth,highwealth,highwealth
2543,皇昌,HWANG CHANG,hcgc,hcgc
2545,皇翔,HUANG HSIANG,hhe,hhe
2546,根基,KEDGE,kedge,kindom
2547,日勝生,RADIUM,radium,radium
2548,華固,HUAKU,huaku,huaku
2597,潤弘,REC,rtc,mail
2601,益航,FSC,firsteam,firsteam
2603,長榮,EMC,evergreen-marine,evergreen-marine
2605,新興,SNC,snc,snc
2606,裕民,U-MING,uming,metro
2607,榮運,EITC,evergreen-eitc,evergreen-eitc
2608,嘉里大榮,Kerry TJ,kerrytj,kerrytj
2609,陽明,YMTC,yangming,yangming
2610,華航,CAL,china-airlines,china-airlines
2611,志信,TSI,tsgroup,tsgroup
2612,中航,CMT,cmt,agcmt
2613,中櫃,CCTC,cctcorp,gcn
2614,東森,EMIC,emic,emic
2615,萬海,WANHAI,tw,wanhai
2616,山隆,SLC,slc,slc
2617,台航,TNC,taiwanline,taiwanline
2618,長榮航,EVAAIR,evaair,evaair
2630,亞航,AACL,airasia,airasia
2633,台灣高鐵,THSRC,thsrc,thsrc
2634,漢翔,AIDC,aidc,ms
2636,台驊控股,T3EX,t3ex-group,t3ex-group
2637,慧洋-KY,WISDOM,wisdomlines,wisdomlines
2642,宅配通,Pelican,e-can,e-can
2645,長榮航太,EGAT,egat,egat
2646,星宇航空,STARLUX AIR,starlux-airlines,starlux-airlines
2701,萬企,WANHWA,wanhwa,msa
2702,華園,HG,hotelhg,hotelhg
2704,國賓,AMBH,ambassador-hotels,ambassador-hotels
2705,六福,LEOFOO,leofoo,leofoo
2706,第一店,FIRST HOTEL,twfirsthotel,aptg
2707,晶華,GFRT,silkshotelgroup,regenttaiwan
2712,遠雄來,FGH,farglory-hotel,farglory-hotel
2722,夏都,Chateau,chateau-hotels,ktchateau
2723,美食-KY,Gourmet,85cafe,85cafe
2727,王品,WOWPRIME,wowprime,wowprime
2731,雄獅,Liontravel,liontravel,liontravel
2739,寒舍,My Humble House,mhh-group,mhh-group
2748,雲品,FDC,fdc-i,ldchotels
2753,八方雲集,Bafang,8way,8way
2762,世界健身-KY,World Gym,investor,worldgymtaiwan
2801,彰銀,CHANG HWA BANK,bankchb,chb
2812,台中銀,T.C.C.B.,tcbbank,tcbbank
2816,旺旺保,UNION INS.,wwunion,wwunion
2820,華票,CBF,cbf,cbf
2832,台產,TFMI,tfmi,mail
2834,臺企銀,TBB,tbb,mail
2836,高雄銀,B.O.K,bok,mail
2838,聯邦銀,UBOT,ubot,ubot
2845,遠東銀,FEIB,feib,feib
2849,安泰銀,EnTie Bank,entiebank,entiebank
2850,新產,SK Insurance,skinsurance,skinsurance
2851,中再保,Central Re,centralre,centralre
2852,第一保,FIRST INS,firstins,firstins
2855,統一證,PSC,pscnet,uni-psg
2880,華南金,HNFHC,hnfhc,hnfhc
2881,富邦金,Fubon Financial,fubon,fubon
2882,國泰金,CATHAY FHC,cathayholdings,cathayholdings
2883,凱基金,KGI Financial,kgi,kgi
2884,玉山金,E.S.F.H,esunfhc,esunbank
2885,元大金,Yuanta Group,yuanta,yuanta
2886,兆豐金,MEGA FHC,megaholdings,megaholdings
2887,台新新光金,TS Holdings,tsholdings,tsholdings
2889,國票金,IBF,ibf,ibf
2890,永豐金,SINOPACHOLDINGS,sinopac,sinopac
2891,中信金,CTBC HOLDING,ctbcholding,ctbcholding
2892,第一金,FFHC,firstholding,mail
2897,王道銀行,O-Bank,o-bank,o-bank
2901,欣欣,SHIN SHIN,shinshinltd,shinshinltd
2903,遠百,FEDS,feds,feds
2904,匯僑,POCS,pocs,pocs
2905,三商,MERCURIES,mercuries,mercuries
2906,高林,Collins,collins,collins
2908,特力,Test Rite,testritegroup,testritegroup
2910,統領,TONLIN,tonlin,tp
2911,麗嬰房,Les enphants,enphants,enphants
2912,統一超,PCSC,7-11,mail
2913,農林,TTC,ttch,ttch
2915,潤泰全,RUENTEX IND.LTD,w8,mail
2923,鼎固-KY,Sino Horizon,sinohorizon,sinohorizon
2929,淘帝-KY,TOPBI,topbi,topbi
2939,永邑-KY,Vitafoss-KY,vitafoss,vitafoss
2945,三商家購,Simple Mart,simplemartretail,simplemart
3002,歐格,AHOKU,ahoku,ahoku
3003,健和興,KST,ksterminals,ksterminals
3004,豐達科,NAFCO,nafco,nafco
3005,神基,Getac,getacgroup,getac
3006,晶豪科,ESMT,esmt,esmt
3008,大立光,LARGAN,largan,largan
3010,華立,WAH LEE,wahlee,wahlee
3011,今皓,JH,jh,jh
3013,晟銘電,UNEEC,uneec,tw
3014,聯陽,ITE,ite,ite
3015,全漢,FSP,fsp-group,fsp-group
3016,嘉晶,EPi,epi,epi
3017,奇鋐,AVC,avc,avc
3018,隆銘綠能,LUNG MING,lmgte,lmgte
3019,亞光,ASIA,asia-optical,aoci
3021,鴻名,WELLTEND,welltend,welltend
3022,威強電,IEI,ieiworld,ieiworld
3023,信邦,SINBON,sinbon,sinbon
3024,憶聲,ACTION,action,action
3025,星通,LOOP,looptelecom,looptelecom
3026,禾伸堂,HOLY STONE,holystone,holystone
3027,盛達,BILLION,billion,billion
3028,增你強,ZENITRON,zenitron,zenitron
3029,零壹,ZERO ONE,zerone,zerone
3030,德律,TRI,tri,tri
3031,佰鴻,BRIGHT,brtled,brtled
3032,偉訓,COMPUCASE,hec-group,hec-group
3033,威健,Weikeng,weikeng,weikeng
3034,聯詠,NOVATEK,novatek,novatek
3035,智原,Faraday,faraday-tech,faraday-tech
3036,文曄,WT,wtmec,wtmec
3037,欣興,UNIMICRON,unimicron,unimicron
3038,全台,EDT,edtc,edt
3040,遠見,G.V.,gv,gv
3041,揚智,ALi,alitech,alitech
3042,晶技,TXC,txccorp,txc
3043,科風,PCM,upspowercom,upspowercom
3044,健鼎,Tripod,tripod-tech,tripod-tech
3045,台灣大,TWM,taiwanmobile,taiwanmobile
3046,建碁,AOPEN,aopen,aopen
3047,訊舟,EDIMAX,edimax,edimax
3048,益登,EDOM,edomtech,edomtech
3049,精金,HannsTouch,hannstouch,hannstouch
3050,鈺德,U-TECH,utechmedia,utechmedia
3051,力特,Optimax,optimax,optimax
3052,夆典,APEX,apexgrp,apexgrp
3054,立萬利,LIWANLI,liwanli,liwanli
3055,蔚華科,Spirox Corp.,spirox,spirox
3056,富華新,Fu Hua,fuhua-inno,zongtai
3057,喬鼎,Promise,promise,tw
3058,立德,LEI,lei,l-e-i
3059,華晶科,Altek,altek,altek
3060,銘異,MIN AIK,minaik,minaik
3062,建漢,CyberTAN,cybertan,cybertan
3090,日電貿,NDB,ndb,ndb
3092,鴻碩,HOTRON,hotron-ind,hotron-ind
3094,聯傑,DAVICOM,davicom,davicom
3130,一零四,104,corp,104
3135,凌航,Goldkey Tech.,goldkey,mail
3138,耀登,Auden,auden,auden
3149,正達,G-TECH,gtoc,gtoc
3150,鈺寶-創,SYNCOMM,syncomm,syncomm
3164,景岳,GenMont,genmont,genmont
3167,大量,TA LIANG,taliang,tlhome
3168,眾福科,DATA IMAGE,dataimagecorp,dataimagecorp
3189,景碩,KINSUS,kinsus,kinsus
3209,全科,ALLTEK,alltek,alltek
3229,晟鈦,CHEER TIME,cheer-time,cheer-time
3231,緯創,Wistron,wistron,wistron
3257,虹冠電,CHAMPION,championmicro,championmicro
3266,昇陽,SUNTY,sunty,sunty
3296,勝德,POWERTECH,power-tech,power-tech
3305,昇貿,SHENMAO,shenmao,shenmao
3308,聯德,BESTEC,bestec,bestec
3311,閎暉,Silitech,silitech,silitech
3312,弘憶股,GMI,gmitec,gmitec
3321,同泰,UNIFLEX,uniflex,uniflex
3338,泰碩,TAISOL,taisol,taisol
3346,麗清,Laster Tech,lastertech,lastertech
3356,奇偶,GeoVision,geovision,geovision
3376,新日興,SZS,szs-group,szs
3380,明泰,Alpha,alphanetworks,alphanetworks
3406,玉晶光,GSEO,gseo,gseo
3413,京鼎,Fiti,foxsemicon,foxsemicon
3416,融程電,Winmate,winmate,winmate
3419,譁裕,WHAYU,whayu,whayu
3432,台端,TAI TWUN,taitwun,taitwun
3437,榮創,AOT,aot,aot
3443,創意,GUC,guc-asic,guc-asic
3447,展達,XAVi,xavi,xavi
3450,聯鈞,ELASER,elaser,elaser
3481,群創,INX,innolux,innolux
3494,誠研,HiTi,hiti,hiti
3501,維熹,Well Shin,wellshin,wellshin
3504,揚明光,Young Optics,youngoptics,youngoptics
3515,華擎,ASROCK,asrock,asrock
3518,柏騰,PT TECH.,pttech,pttech
3528,安馳,ANSTEK,macnica,macnica
3530,晶相光,SOI,soinc,soinc
3532,台勝科,FST,fstech,fstech
3533,嘉澤,LOTES,lotes,lotestech
3535,晶彩科,Favite,favite,favite
3543,州巧,JOCHU,jochu,jochu
3545,敦泰,FocalTech,focaltech-electronics,focaltech-electronics
3550,聯穎,COPARTNER,copartner,copartner
3557,嘉威,JiaWei,jiaweils,jiaweils
3563,牧德,MACHVISION,machvision,machvision
3576,聯合再生,URE,urecorp,urecorp
3583,辛耘,Scientech,scientech,scientech
3588,通嘉,LD,leadtrend,leadtrend
3591,艾笛森,EDISON OPTO,edison-opto,edison-opto
3592,瑞鼎,Raydium,rad-ic,rad-ic
3593,力銘,Logah,logah,logah
3596,智易,Arcadyan,arcadyan,arcadyan
3605,宏致,ACES,acesconn,acesconn
3607,谷崧,Coxon,coxongroup,coxongroup
3617,碩天,CyberPower,cyberpower,cyberpower
3622,洋華,YFO,yfo,yfo
3645,達邁,TMT,taimide,taimide
3652,精聯,Unitech elec.,ute,tw
3653,健策,JENTECH,jentech,jentech
3661,世芯-KY,Alchip,alchip,alchip
3665,貿聯-KY,BHI (BizLink),bizlinktech,bizlinktech
3669,圓展,AVer,aver,aver
3673,TPK-KY,TPK,tpk,tpk
3679,新至陞,Nishoku,nishoku,nishoku
3686,達能,Danen,danentech,danentech
3694,海華,AzureWave,azurewave,azurewave
3701,大眾控,FICG,ficg,fic
3702,大聯大,WPG,wpgholdings,wpgholdings
3703,欣陸,CHC,continental-holdings,continental-holdings
3704,合勤控,Zyxel Group,zyxelgroup,zyxelgroup
3705,永信,Y.S.H.,yungshingroup,yungshingroup
3706,神達,MHC,mitac,mic
3708,上緯投控,Swancor,swancor,swancor
3711,日月光投控,ASEH,aseglobal,aseglobal
3712,永崴投控,FITH,fit-holding,
3714,富采,ENNOSTAR,ennostar,ennostar
3715,定穎投控,Dynamic Holding,dynaholding,dynamicpcb
3716,中化控股,Cenra Inc.,cenra,cenra
3717,聯嘉投控,EOI Holding,eoi,eoi
4104,佳醫,EXCELSIOR,excelsiormedical,excelsior
4106,雃博,WELLELL,tw,wellell
4108,懷特,PhytoHealth,phytohealth,phytohealth
4119,旭富,SCI,sci-pharmtech,sci-pharmtech
4133,亞諾法,Abnova,abnova,abnova
4137,麗豐-KY,CHLITINA-KY,chlitinaholding,chlitina
4142,國光生,ADIM,adimmune,adimmune
4148,全宇生技-KY,ACBT,allcosmos,allcosmos
4155,訊映,OK BIOTECH,okbiotech,okbiotech
4164,承業醫,CHC,chcg,chcg
4169,泰宗,TCM,tcmbio,tcmbio
4178,永笙-KY,StemCyte,stemcytebio,stemcytebio
4190,佐登-KY,JDS,jourdeness,jourdeness
4195,基米-創,Genomics,genomics,genomics
4306,炎洲,YC,ycgroup,ycgroup
4414,如興,ROO HSING,roohsing,tw
4426,利勤,LI CHENG,li-cheng,li-cheng
4438,廣越,QVE,qve,qve
4439,冠星-KY,TST Group,tstco,tstco
4440,宜新實業,Yi Shin,yishin-textile,yishin-textile
4441,振大環球,GGF,greatg,greatg
4526,東台,TONGTAI,tongtai,tongtai
4532,瑞智,RECHI,rechi,rechi
4536,拓凱,TOPKEY,topkey,topkey
4540,全球傳動,TBI MOTION,tbimotion,tbimotion
4545,銘鈺,MAP,mapi,mapi
4551,智伸科,GLOBAL PMX,global,global
4552,力達-KY,Lida,lidaholdings,lida-compressors
4555,氣立,CHELIC,chelic,chelic
4557,永新-KY,Yusin,yusin,yusin
4560,強信-KY,STRONG H,strongh,strongh
4562,穎漢,YHT,ylm,ylm
4564,元翎,MOSA,twmosa,mosatw
4566,時碩工業,GLOBAL TEK,globaltekww,globaltekww
4569,六方科-KY,Sixxon,sixxontech,thaixon
4571,鈞興-KY,KHGEARS,khgears,khgears
4572,駐龍,DPI,drewloong,drewloong
4576,大銀微系統,HMC,hiwinmikro,hiwinmikro
4581,光隆精密-KY,WKG,wkgroup,wkgroup
4582,聚恆-創,HENGS,hengs,hengs
4583,台灣精銳,APEXDYNA,apexdyna,apexdyna
4585,達明,TRI,tm-robot,tm-robot
4588,玖鼎電力,Arch Meter,archmeter,archmeter
4590,富田-創,FUKUTA,fukuta-motor,fukuta-motor
4720,德淵,TEX YEAR,texyear,texyear
4722,國精化,QPC,qualipoly,qualipoly
4736,泰博,TaiDoc,taidoc,taidoc
4737,華廣,BIONIME,bionime,bionime
4739,康普,COREMAX,coremaxcorp,coremaxcorp
4746,台耀,FRMSL,formosalab,formosalab
4755,三福化,SAN FU,sfchem,sfchem
4763,材料*-KY,ACE,acetekgroup,acetek
4764,雙鍵,DBC,dbc,dbc
4766,南寶,NAN PAO,nanpao,nanpao
4770,上品,ASC,alliedsupreme,alliedsupreme
4771,望隼,VF,vizionfocus,vizionfocus
4807,日成-KY,RH,regaljewelrygroup,regaljewelrygroup
4904,遠傳,Far EasTone,fareastone,fareastone
4906,正文,GEMTEK,gemteks,gemteks
4912,聯德控股-KY,Lemtech-KY,lemtech,lemtech
4915,致伸,Primax,primax,primax
4916,事欣科,PARPRO,parpro,info
4919,新唐,NTC,nuvoton,nuvoton
4927,泰鼎-KY,Apex,apex-intl,apex-intl
4930,燦星網,Star  Comgistic,starcomgistic,
4934,太極,Tainergy,tainergy,tainergy
4935,茂林-KY,GLT,glthome,glthome
4938,和碩,Pegatron,pegatroncorp,pegatroncorp
4942,嘉彰,Chia Chang,chiachang,chiachang
4943,康控-KY,CONCRAFT,concraft,concraft
4949,有成精密,WIN WIN,wwpt,w-win
4952,凌通,Generalplus,generalplus,generalplus
4956,光鋐,Epileds,epileds,epileds
4958,臻鼎-KY,ZDT,zdtco,zdtco
4960,誠美材,CMMT,cmmt,cmmt
4961,天鈺,FITIPOWER,fitipower,fitipower
4967,十銓,TEAM,teamgroupinc,teamgroup
4968,立積,Richwave,richwave,richwave
4976,佳凌,Calin,calin,calin
4977,眾達-KY,PCL,pcltech,pcltech
4989,榮科,LCYT,lcyt,lcygroup
4994,傳奇,X-LEGEND,x-legend,x-legend
4999,鑫禾,Sinher,sinher,sinher
5007,三星,SAN SHING,sanshing,mail
5203,訊連,CyberLink,cyberlink,cyberlink
5215,科嘉-KY,KO JA,koja,koja
5222,全訊,TRANSCOM,transcominc,transcominc
5225,東科-KY,EASTECH,eastech,eastech
5234,達興材料,DAXIN,daxinmat,daxinmat
5236,凌陽創新,SunplusIT,sunplusit,sunplusit
5243,乙盛-KY,ESON,eson,eson
5244,弘凱,BRIGHTEK,brightek,brightek
5258,虹堡,Castles,castlestech,castech
5269,祥碩,Asmedia,asmedia,asmedia
5283,禾聯碩,Heran,heran,heran
5284,jpp-KY,jpp,jppholding,jinpao
5285,界霖,Jih Lin,jihlin,jihlin
5288,豐祥-KY,Eurocharm,eurocharm,eurocharm
5292,華懋,DTECH,dtech,dtech
5306,桂盟,KMC,kmc-international,kmc-international
5388,中磊,Sercomm,sercomm,sercomm
5434,崇越,TOPCO,topco-global,topco-global
5469,瀚宇博,HSB,tw,hannstarboard
5471,松翰,SONIX,sonix,sonix
5484,慧友,EverFocus,everfocus,everfocus
5515,建國,CHIEN KUO,ckgroup,ckgroup
5519,隆大,LD,longda,longda
5521,工信,KSECO,kseco,kseco
5522,遠雄,Farglory,farglory-land,farglory
5525,順天,SWEETEN,sweeten,sweeten
5531,鄉林,Shining,shininggroup,shininggroup
5533,皇鼎,FOUNDING,founding,founding
5534,長虹,CHONG HONG,chonghong,chonghong
5538,東明-KY,TONG MING,tonggroup,tonggroup
5546,永固-KY,YGI,yg1999,yg1999
5607,遠雄港,Farglory FTZ,ftz,ftz
5608,四維航,S. W.,swnav,swnav
5706,鳳凰,PHX TOUR,travel,phoenix
5871,中租-KY,Chailease,chaileaseholding,chailease
5876,上海商銀,SCSB,scsb,scsb
5880,合庫金,TCFHC,tcfhc,tcfhc
5906,台南-KY,TAINAN CAYMAN,tainancayman,mail
5907,大洋-KY,GORG,grandocean,grandocean
6005,群益證,CSC,capital,capital
6024,群益期,CFC,capitalfutures,futures
6108,競國,APCB INC.,apcb,apcb
6112,邁達特,Metaage,metaage,metaage
6115,鎰勝,I-SHENG,isheng,isheng
6116,彩晶,Hannstar,hannstar,hannstar
6117,迎廣,IN WIN,in-win,in-win
6120,達運,DARWIN,darwinprecisions,darwinprecisions
6128,上福,GPI,gpi,gpi
6133,金橋,GBE,gbe,gbe
6136,富爾特,FTC,fullerton,fullerton
6139,亞翔,L & K,lkeng,lkeng
6141,柏承,PLOTECH,plotech,plotech
6142,友勁,CAMEO,cameo,cameo
6152,百一,PRIME,pesi,pesi
6153,嘉聯益,Career Tech.,careergroups,careergroups
6155,鈞寶,KC,kingcore,mail
6164,華興,LEDTECH,ledtech,ledtech
6165,浪凡,Lang,langinc,langinc
6166,凌華,ADLINK,adlinktech,adlinktech
6168,宏齊,HARVATEK CORPOR,harvatek,harvatek
6176,瑞儀,ROEC,radiant,radiant
6177,達麗,"DA-LI CO.,LTD.",da-li,da-li
6183,關貿,TRADE-VAN,trade-van,tradevan
6184,大豐電,Dafeng TV Ltd.,dafeng,dmg
6189,豐藝,Promate,promate,promate
6191,精成科,GBM,gbm,gbmgroup
6192,巨路,LUMAX,elumax,elumax
6196,帆宣,MIC,micb2b,micb2b
6197,佳必琪,JPC,jpcco,jpcco
6201,亞弘電,YAHORNG,yahorng,yahorng
6202,盛群,HOLTEK,holtek,holtek
6205,詮欣,COXOC,coxoc,coxoc
6206,飛捷,FLYTECH,flytech,flytech
6209,今國光,KINKO,kinko-optical,kinko-optical
6213,聯茂,ITEQ,iteqcorp,iteqcorp
6214,精誠,SYSTEX,systex,systex
6215,和椿,Aurotek,aurotek,aurotek
6216,居易,DrayTek Corp.,draytek,draytek
6224,聚鼎,PTTC.,pttc,pttc
6225,天瀚,aiPlex,aiptek,aiptek
6226,光鼎,Para Light,para,para
6230,尼得科超眾,NCCI,ccic,ccic
6235,華孚,Waffer,waffer,waffer
6239,力成,PTI,pti,pti
6243,迅杰,ENE,ene,ene
6257,矽格,SIGURD,sigurd,sigurd
6269,台郡,FLEXIUM,flexium,flexium
6271,同欣電,THEIL,theil,theil
6272,驊陞,WIESON,wieson,wieson
6277,宏正,ATEN,aten,aten
6278,台表科,TSMT,tsmt,tsmt
6281,全國電,E-LIFE,elifemall,elifemall
6282,康舒,Acbel,acbel,acbel
6283,淳安,SOE,soe-ele,soe-ele
6285,啟碁,WNC,wnc,wnc
6405,悅城,ONANO,onano-nm,onano-nm
6409,旭隼,VOLTRONIC,voltronicpower,voltronic
6412,群電,Chicony Power,chiconypower,chiconypower
6414,樺漢,ENNOCONN,ennoconn,ennoconn
6415,矽力*-KY,Silergy,silergy,silergycorp
6416,瑞祺電通,CASWELL,cas-well,cas-well
6426,統新,APOGEE,nextapogee,nextapogee
6431,光麗-KY,KL,kl-holdings,kl-holdings
6438,迅得,SAA,saa-symtek,sac-symtek
6442,光聖,EZconn,ezconn,ezconn
6443,元晶,TSEC,tsecpv,tsecpv
6446,藥華藥,PEC,pharmaessentia,pharmaessentia
6449,鈺邦,APAQ,apaq,apaq
6451,訊芯-KY,ShunSin,shunsintech,shunsintech
6456,GIS-KY,GIS,gis-touch,gis-touch
6464,台數科,top MSO,topmso,topmso
6472,保瑞,Bora,bora-corp,bora-corp
6477,安集,Anji,anjitek,anjitek
6491,晶碩,PEGAVISION,pegavision,pegavision
6504,南六,NAN LIU,nanliugroup,nanliugroup
6505,台塑化,FPCC,fpcc,fpcc
6515,穎崴,WinWay,winwayglobal,
6525,捷敏-KY,GEM,gemservices,gemservices
6526,達發,Airoha,airoha,airoha
6531,愛普*,AP Memory,apmemory,apmemory
6533,晶心科,ANDES,andestech,andestech
6534,正瀚-創,CHBIO,chbio,chbio
6541,泰福-KY,Tanvex,tanvex,tanvex
6550,北極星藥業-KY,PG,polarispharma,polarispharma
6552,易華電,JMC,jmct,jmct
6558,興能高,SYNergy,synst,synst
6573,虹揚-KY,HY,hygroup,hygroup
6579,研揚,AAEON,aaeon,aaeon
6581,鋼聯,TSU,tsutw,tsutw
6582,申豐,Shin Foong,shinfoong,shinfoong
6585,鼎基,DingZing,dingzing,dingzing
6589,台康生技,EirGenix,eirgenix,eirgenix
6591,動力-KY,SUN MAX,sun-max,powerlogic
6592,和潤企業,HOTAI FINANCE,hfcfinance,hfcfinance
6598,ABC-KY,Applied BioCode,apbiocode,apbiocode
6605,帝寶,DEPO,depoautolamp,depoautolamp
6606,建德工業,KENT,kentind,kentind
6614,資拓宏宇,IISI,iisigroup,iisigroup
6625,必應,Binlive,bin-live,bin-live
6641,基士德-KY,GSD-KY,gsd,gsd
6645,金萬林-創,KIM FOREST,kimforest,kimforest
6655,科定,KD,twkd,twkd
6657,華安,ENERGENESIS,energenesis-biomedical,energenesis-biomedical
6658,聯策,SynPower,synpower,synpower
6666,羅麗芬-KY,LLF-KY,luolihfen,jiawenli
6668,中揚光,Zhong Yang,jmo-corp,zy-tech
6669,緯穎,Wiwynn,wiwynn,wiwynn
6670,復盛應用,FSP,fusheng-precision,fusheng
6671,三能-KY,San Neng-KY,sannenggroup,sanneng
6672,騰輝電子-KY,Ventec,ventec-group,ventec
6674,鋐寶科技,CBN,icbn,compalbn
6689,伊雲谷,ECV,ecloudvalley,ecloudvalley
6691,洋基工程,YANKEY,yankey,yankey
6695,芯鼎,iCatchtek,icatchtek,icatchtek
6698,旭暉應材,FINEMAT,fine-mat,fine-mat
6706,惠特,FitTech,fittech,fittech
6715,嘉基,Lintes,lintestech,lintestech
6719,力智,uPI,upi-semi,upi-semi
6722,輝創,Whetron,whetron,whetron
6742,澤米,Vti,vactronics,vactronics
6743,安普新,AMPACS,ampacscorp,ampacscorp
6753,龍德造船,LUNGTEH,lungteh,lungteh
6754,匯僑設計,Rich Honour,richhonour,richhonour
6756,威鋒電子,VLI,via-labs,via-labs
6757,台灣虎航,TTW,tigerairtw,tigerairtw
6768,志強-KY,SPG-KY,sportsgear,spg-sportsgear
6770,力積電,PSMC,powerchip,powerchip
6771,平和環保-創,PHET,pinghounion,pinghounion
6776,展碁國際,Weblink,weblink,weblink
6781,AES-KY,AES-KY,advancedenergysolution,advancedenergysolution
6782,視陽,VISCO,viscovision,viscovision
6789,采鈺,VisEra,viseratech,viseratech
6790,永豐實,YFYCPG,yfycpg,yfycpg
6792,詠業,Unictron,unictron,unictron
6794,向榮生技,UnicoCell,unicocell,unicocell
6796,晉弘,MiiS,miis,miis
6799,來頡,M3TEK,m3tekic,m3tekic
6805,富世達,Fositek,fositek,fositek
6807,峰源-KY,FY-KY,fy-grp,fy-grp
6830,汎銓,MSS,msscorps,msscorps
6831,邁科,MICROLOOPS,microloops,microloops
6834,天二科技,EVEROHMS,everohms,everohms
6835,圓裕,CMI,cmi,cmi
6838,台新藥,FRMSP,formosapharma,formosapharma
6854,錼創科技-KY創,PlayNitride,playnitride,playnitride
6861,睿生光電,INCX,innocare-x,innocare-x
6862,三集瑞-KY,TRIO-KY,trio,trio
6863,永道-KY,Arizon RFID,arizonrfid,arizonrfid
6869,雲豹能源,J&V Energy,jv-holding,jv-holding
6873,泓德能源,HDRE,hdrenewables,hdrenewables
6885,全福生技,BRIM,brimbiotech,brimbiotech
6887,寶綠特-KY,BORETECH-KY,bo-re-tech,bo-re-tech
6890,來億-KY,Lai Yih,laiyih,laiyih
6901,鑽石投資,DIAMOND BIOFUND,diamondbiofund,diamondbiofund
6902,GOGOLOOK,Gogolook,gogolook,gogolook
6906,現觀科,Groundhog,ghtinc,ghtinc
6908,宏碁遊戲-創,AGM,acergaming,acergaming
6909,創控,tCt,tricorntech,tricorntech
6914,阜爾運通,PSS,pss-group,pss-group
6916,華凌,WINSTAR,winstar,winstar
6918,愛派司,A Plus Biotech,aplusbio,aplusbio
6919,康霈*,Caliway,caliwaybiopharma,caliwaybiopharma
6921,嘉雨思-創,LeRain,leraintech,leraintech
6923,中台,ctrt,chinalab,chinalab
6924,榮惠-KY創,EIKEI-KY,ei-kei,ei-kei
6928,攸泰科技,UTI,ubiqconn,ubiqconn
6931,青松健康,Qing Song,qingsong,qingsong
6933,AMAX-KY,AMAX,amax,amax
6934,心誠鎂,HCMED,hcmed-inno,hcmed-inno
6936,永鴻生技,Vetnostrum,vetnostrum,vetnostrum
6937,天虹,Skytech,skytech,skytech
6944,兆聯實業,Mega Union,megaunion-tw,megaunion
6947,台鎔科技,Techzone,tech-zone,tech-zone
6949,沛爾生醫*-創,PELL BMT,pellbmt,pellbmt
6951,青新-創,CHIN HSIN,chin-hsin,mail
6952,大武山,DWS,dawushan,dawushan
6955,邦睿生技-創,BONRAYBIO,bonraybio,bonraybio
6957,裕慶-KY,Horizon,hzfixtures,hzfixtures
6958,日盛台駿,INFINITE,inftfinance,inftfinance
6962,奕力-KY,ITH-KY,ilitekholding,ith
6965,中傑-KY,CJ,chungjye,chungjye
6969,成信實業*-創,Transcene,transcene,transcene
6988,威力暘-創,WELLYSUN,wellysun,wellysun
6994,富威電力,FWP,fwp,fwp
7610,聯友金屬-創,LIANYOU METALS,lianyoucorp,lianyoucorp
7631,聚賢研發-創,GENIIDEAS,geniideas,geniideas
7689,大鵬科CLMX,CLIMAX,climax,climax
7705,三商餐飲,Mercuries F&B,mfb,mfb
7711,永擎,ASROCK RACK,asrockrack,asrockrack
7721,微程式,MICROPROGRAM,program,program
7722,LINEPAY,LINEPAY,pay,linecorp
7730,暉盛-創,NEMS,nemstek,nemstek
7732,金興精密,KING SHING,kingshing,kingshing
7736,虎山,HUSHAN,huhandle,hushan
7740,熙特爾-創,SEETEL,seetel-energy,seetel-energy
7749,意騰-KY,iGo-KY,intelli-go,intelli-go
7750,新代,Syntec,syntecclub,syntecclub
7760,享溫馨,ENJOY,sws,swsktv
7765,中華資安,CHT Security,chtsecurity,chtsecurity
7768,頌勝科技,PVI,pvichem,pvichem
7769,鴻勁,HON,honprec,honprec
7780,大研生醫*,DAIKEN,daikenshop,daiken
7786,東方風能,DFO,dfo,dfo
7788,松川精密,SONG CHUAN,songchuan,songchuan
7791,皇家可口,LUCKY ROYAL,luckyroyal,duroyal
7795,長廣,EPM,eternal-epm,eternal-epm
7799,禾榮科,HNMC,heron-neutron,heron-neutron
7803,雲象科技-創,aetherAI,aetherai,aetherai
7812,稜研科技*-創,TMYTEK,tmytek,tmytek
7818,溢泰實業,KEMFLO,kemflogroup,kemflointernational
7821,神數,MDT,mitacmdt,mitacmdt
7822,倍利科,V5 TECHNOLOGIES,v5,v5
7823,奧義賽博-KY創,CyCraft-KY,cycraft,cycraft
7827,漢康-KY創,Hanchor-KY,hanchorbio,hanchorbio
7835,永悅健康-創,H2U,h2u,h2u
7855,和運租車,HLC,hotaileasing,hotaileasing
8011,台通,TTCC,ttcc,ttcc
8016,矽創,Sitronix,sitronix,sitronix
8021,尖點,Topoint,topoint,topoint
8028,昇陽半導體,PSI,psi,psi
8033,雷虎,TT,thundertiger,thundertiger
8039,台虹,TAIFLEX,taiflex,taiflex
8045,達運光電,TWOWAY,twoway,twoway
8046,南電,N.P.C,nanyapcb,nanyapcb
8070,長華*,CHANG WAH,cwei,cwei
8072,陞泰,AV TECH,avtechgroup,avtech
8081,致新,GMT,gmt,gmt
8101,華冠,Arima Comm.,arimacomm,arimacomm
8103,瀚荃,CviLux,cvilux-group,cvilux
8104,錸寶,RiTdisplay,ritdisplay,ritdisplay
8105,凌巨,GiantPlus,giantplus,giantplus
8110,華東,WALTON,walton,walton
8112,至上,Supreme,supreme,supreme
8114,振樺電,POSIFLEX,posiflex,posiflex
8131,福懋科,FATC,fatc,fatc
8150,南茂,ChipMOS,chipmos,chipmos
8162,微矽電子-創,MSEC,msec,msec
8163,達方,DARFON,darfon,darfon
8201,無敵,BESTA,besta,besta
8210,勤誠,CHENBRO,chenbro,chenbro
8213,志超,tpt,tpt-pcb,tpt-pcb
8215,明基材,BMC,benqmaterials,benqmaterials
8222,寶一,Aero Win,aerowin,aerowin
8249,菱光,CSI,csi-sensor,csi-sensor
8261,富鼎,APEC,a-power,a-power
8271,宇瞻,Apacer,apacer,apacer
8341,日友,SF,sunnyfriend,mail
8367,建新國際,CS,chienshing,chienshing
8374,羅昇,ACE PILLAR,acepillar,acepillar
8404,百和興業-KY,PAIHO  SHIH,kypaiho,paiho
8411,福貞-KY,KINGCAN,kingcanholdings,kchld
8422,可寧衛*,Cleanaway,cleanaway,cleanaway
8429,金麗-KY,Jinli,jinligroup,yahoo
8438,昶昕,AMIA,persee,persee
8442,威宏-KY,WW,ww-holding,ww-holding
8443,阿瘦,ASO,asogroup,mail
8454,富邦媒,momo,corp,fmt
8462,柏文,Power Wind,powerwindhealth,pwind
8463,潤泰材,RTM,rtm,mail
8464,億豐,Nien Made,nienmade,nienmade
8466,美吉吉-KY,M.J.,mjig,mjig
8467,波力-KY,BONNY,bonnyworldwide,bonnysports
8473,山林水,FOREST WATER,mfw,mfw
8476,台境*,TESC,tesc,tesc
8478,東哥遊艇,Ocean Alexander,oceanalexander,oceanalexander
8481,政伸,Transart,transart,transart
8482,商億-KY,Shane Global,shaneglobal,shayne
8487,愛爾達-創,ELTA,elta,elta
8488,吉源-KY,JYPKG,jypkg,jypkg
8499,鼎炫-KY,TOP BRIGHT,topbright,tscale
8926,台汽電,TCC,cogen,cogen
8940,新天地,New Palace,newpalace,newpalace
8996,高力,KAORI,kaori,kaori
9103,美德醫療-DR,MEDTECS,medtecs,medtecs
910322,康師傅-DR,Tingyi,masterkong,tingyi
9105,泰金寶-DR,CCET,calcomp,calcomp
910861,神州-DR,DCH,dcholdings,dcholdings
9110,越南控-DR,VMEP Holdings,vmeph,vmeph
911608,明輝-DR,BH Global,bhglobal,bhglobal
911622,泰聚亨-DR,TYCN,tycons,tycons
911868,同方友友-DR,Neo-Neon,neo-neon,neo-neon
912000,晨訊科-DR,SIM TECH,sim,sim
9136,巨騰-DR,Ju Teng,juteng,juteng-intl
9802,鈺齊-KY,Fulgent Sun,fulgentsun,fulgentsun
9902,台火,TIDEHOLD,tidehold,tidehold
9904,寶成,PCC,pouchen,pouchen
9905,大華,GCM,greatchina,greatchina
9906,欣巴巴,HSIN BA BA,hsinbaba,baba6688
9907,統一實,TON YI,tonyi,tonyi
9908,大台北,GTG,taipeigas,taipeigas
9910,豐泰,FT,fengtay,fengtay
9911,櫻花,TAIWAN SAKURA,sakura,sakura
9912,偉聯,AIC,agneovo,agneovo
9914,美利達,MIC,merida-bikes,merida
9917,中保科,TAIWAN SECOM,secom,secom
9918,欣天然,S.S.N.G,shinshingas,ms67
9919,康那香,KNH,knh,knh-global
9921,巨大,GIANT,giantgroup-cycling,giant
9924,福興,TAIWAN FU HSING,fuhsing,fuhsing
9925,新保,SKS,sks,sks
9926,新海,S.H.,shinhaigas,shinhaigas
9927,泰銘,TMI,tmicl,tmicl
9928,中視,CTV,ctv,ctv
9929,秋雨,CHOICE,choiceprintgroup,choicecompany
9930,中聯資源,CHC,chc,chc
9931,欣高,HSIN KAO,hkgas,hkgas
9933,中鼎,CTCI,ctci,ctci
9934,成霖,GUIC,tw,
9935,慶豐富,CF,chingfeng,chingfeng
9937,全國,NPC,npcgas,npcgas
9938,百和,TAIWAN PAIHO,paiho,paiho
9939,宏全,HON CHUAN,honchuan,mail
9940,信義,Sinyi,sinyi,sinyi
9941,裕融,TAC,tac,tac
9942,茂順,MAO SHUN,nak,mail
9943,好樂迪,HOLIDAY,holiday,holiday
9944,新麗,Shinih,shinih,shinih
9945,潤泰新,RUENTEX DEVELOP,rt-develop,mail
9946,三發地產,SANFAR,sanfar,sanfar
9955,佳龍,SDTI,sdti,sdti
9958,世紀鋼,CIS,century,century
1240,茂生農經,MORNSUN,morn-sun,morn-sun
1259,安心,AN-SHIN,mos,mos
1264,德麥,TEHMAG,tehmag,tehmag
1268,漢來美食,Hi-Lai Foods,hilai-foods,hilai-foods
1294,漢田生技,HTB,htbios,htbios
1295,生合,SYNBIO,synbiotech,synbiotech
1336,台翰,TAIHAN,thpt,thpt
1565,精華,St.Shine,stshine,stshine
1569,濱川,Bin Chuan,hamagawa,hamagawa
1570,力肯,De Poan,depoan,depoan
1580,新麥,SINMAG,sinmag,sinmag
1584,精剛,STC,s-tech,s-tech
1586,和勤,CFTC,cftc,cftc-hc
1591,駿吉-KY,INMAX,inmaxholding,inmax-fasteners
1593,祺驊,CHI HUA,chihua,chihua
1595,川寶,CBT,cbtech,cbtech
1599,宏佳騰,AEON,aeontek-motor,aeontek-motor
1742,台蠟,TWC,wax,ms26
1777,生泰,SYN-TECH,syn-tech,syn-tech
1780,立弘,ABC,altratene,altratene
1781,合世,H&L,healthandlife,hlmt
1784,訊聯,BIONET CORP.,bionetcorp,bionetcorp
1785,光洋科,Solar,solartech,solartech
1788,杏昌,HCI,hiclearance,hiclearance
1796,金穎生技,GeneFerm,geneferm,geneferm
1799,易威,EASYWELL,easywellbio,easywellbio
1813,寶利徠,Polylite,gialens,gialens
1815,富喬,FFG,ffg,ffg
2035,唐榮公司,TE,tangeng,mail
2061,風青,FENG CHING,fcm,ms23
2063,世鎧精密,SHEH KAI,shehkai,shehkai
2064,晉椿,CAMELLIA,camelliametal,msa
2065,世豐,SF,shehfung,shehfung
2066,世德,SUMEEKO,sumeeko,sumeeko
2067,嘉鋼,CYSTEEL,cysteel,cysteel
2070,精湛,Ching Chan,ccm3s,ccm3s
2073,雄順,SSMC,ssmc,ssmc
2221,大甲,DAJA、YHMCO,yhmco,yhmco
2230,泰茂,C.T.I.,ctico,ctico
2235,謚源,I YUAN,tiy-motor,tiy-motor
2596,綠意,ReaLy,realycorp,realycorp
2640,大車隊,55688,taiwantaxi,taiwantaxi
2641,正德,Franbo Lines,franbo,franbo
2643,捷迅,Soonest,soonest,soonest
2718,全心投控,Allmind,allmindholdings,allmindholdings
2719,燦星旅,Star Travel,startravel,
2724,藝舍-KY,AAGD-KY,aagd,aagd
2726,雅茗-KY,Yummy Town,yummy-town,yummy-town
2729,瓦城,TTFB,ttfb,ttfb
2732,六角,La Kaffa,lakaffagroup,lakaffa
2734,易飛網,Ezfly,ezfly,ezfly
2736,富野,HOYA,hoyaresort,hoyaresort
2740,華軒,Hua Hsuan,mr-onion,mr-onion
2743,山富,richmond,travel4u,richmond
2745,五福,LIFE TRAVEL,lifetour,lifetour
2751,王座,Kingza,kingza,kingza
2752,豆府,TOFU,tofuglobal,dubuhouse
2754,亞洲藏壽司,KURA SUSHI ASIA,investor,kurasushi
2755,揚秦,YoungQin,youngqin,youngqin
2756,聯發國際,LIAN FA,1992lianfa,1992sharetea
2916,滿心,MUNSIN,munsin,ms7
2924,宏太-KY,Grand Galactica,ggalactica,ggalactica
2926,誠品生活,Eslite Spectrum,eslitespectrum,eslite
2937,集雅社,Gseven,gseven,gseven
2938,床的世界,BEDDING WORLD,beddingworld,beddingworld
2941,米斯特,MISTER,life8,life8
2947,振宇五金,Zhen Yu,ald,ald
2948,寶陞,Bausen,bausen,bausen
2949,欣新網,HHG,hhgalaxy,hhgalaxy
3064,泰偉,Astro Corp.,astrocorp,astrocorp
3066,李洲,TAIWAN OASIS,oasistek,oasistek
3067,全域,PNC,twphonic,twphonic
3071,協禧,ADDA,adda,adda
3073,天方能源,Teamphon,tpenergy,tpenergy
3078,僑威,CWT,cwt,mail
3081,聯亞,LandMark,lmoc,lmoc
3083,網龍,CHINESEGAMER,chinesegamer,chinesegamer
3085,新零售,NEWRETAIL,newretail,newretail
3086,華義*,WAYI,wayi,wayi
3088,艾訊,AXIOMTEK,axiomtek,axiomtek
3093,港建*,TKK,tkk,tkk
3095,及成,CCC,chicheng,chicheng
3105,穩懋,WIN,winfoundry,winfoundry
3114,好德,HT,howteh,howteh
3115,富榮綱,TSC,tscl,tscl
3118,進階,LEVEL,level,mail
3122,笙泉,Megawin,megawin,megawin
3128,昇銳,HI SHARP,hisharp,hisharp
3131,弘塑,GPTC,gptc,gptc
3141,晶宏,UltraChip,ultrachip,ultrachip
3147,大綜,JETWELL,jetwell,mail
3152,璟德,ACX,acxc,acxc
3158,嘉實,SysJust,sysjust,moneydj
3162,精確,UAT,al-alloy,al-uatc
3163,波若威,Browave,browave,browave
3169,亞信,ASIX,asix,asix
3171,炎洲流通,YCD,ycdist,ycgroup
3176,基亞,MEDIGEN,medigen,medigen
3178,公準,GONGIN,gongin,mail
3188,鑫龍騰,GLTD,gltd,gltd
3191,雲嘉南,YJN,holdjinn,yjn
3205,佰研,SLS,naturalbiokey,naturalbiokey
3206,志豐,KINGSTATE,kingstate,kingstate
3207,耀勝,YAO SHENG,top-nation,yselectronic
3211,順達,Dynapack,dynapack,
3213,茂訊,Mildef,crete,mildefcrete
3217,優群,ARGOSY,argosytw,argosy
3218,大學光,UNIVERSAL,uvb,eyecenter
3219,倚強科,Aethertek,aether-tek,aether-tek
3221,台嘉碩,TST,taisaw,mail
3224,三顧,MetaTech,metatech,metatech
3226,龍鋒,LFA,lfa,lfa
3227,原相,PXI,pixart,pixart
3228,金麗科,RDC,rdc,rdc
3230,錦明,Jiin Ming,jmg,jmg
3232,昱捷,SIC,sentronic,ms
3234,光環,TrueLight,truelight,truelight
3236,千如,ABC,atec-group,atec-group
3252,海灣,Haiwan,haiwan,haiwan
3259,鑫創,3S,3system,3system
3260,威剛,ADATA,adata,adata
3264,欣銓,Ardentec,ardentec,ardentec
3265,台星科,WST,winstek,winstek
3268,海德威,Higher Way,higherway,higherway
3272,東碩,GW,goodway,goodway
3276,宇環,tht,tht-pcb,tpt-pcb
3284,太普高,TOP,ctptop,pstop
3285,微端,MT,microtips,microtips
3287,廣寰科,Kworld,kworld,kworld
3288,點晶,SiTI,siti,siti
3289,宜特,IST,istgroup,istgroup
3290,東浦,DONPON,donpon,donpon
3293,鈊象,IGS,igs,igs
3294,英濟,Megaforce,megaforce,megaforce
3297,杭特,Hunt,hunt,hunt
3303,岱稜,UNIVACCO,univacco,univacco
3306,鼎天,RoyalTek,royaltek,royaltek
3310,佳穎,CHIALIN,chialin,chialin
3313,斐成,FCD,fce,yahoo
3317,尼克森,NIKO-SEM,niko-sem,niko-sem
3322,建舜電,JEM,jem,jem
3323,加百裕,Celxpert,celxpert,celxpert
3324,雙鴻,AURAS,auras,auras
3325,旭品,Casing,casing,casing
3332,幸康,CINCON,cincon,cincon
3339,泰谷,TEKCORE,tekcore,tekcore
3349,寶德,DEXIN,dexin,mail
3354,律勝,MICROCOSM,microcosm,microcosm
3357,臺慶科,TAI-TECH,tai-tech,tai-tech
3360,尚立,SUNNIC,sunnic,sunnic
3362,先進光,ABILITY,aoet,aoet
3363,上詮,FOCI,foci,foci-cpo
3372,典範,TICP,ticp,ticp
3373,熱映,Radiant,radiantek,radiantek
3374,精材,Xintec,xintec,xintec
3379,彬台,TBC,taibeco,taibeco
3388,崇越電,TTC,topcocorp,topcocorp
3390,旭軟,SUNFLEX,sunflex,mail
3402,漢科,WHOLETECH,wholetech,wholetech
3430,奇鈦科,CHITEC,chitec,chitec
3434,哲固,ACULA,acula,acula
3438,類比科,AAT,aat-ic,aatech
3441,聯一光電,UNIQUE,t-unique,t-unique
3444,利機,NICHING,niching,niching
3455,由田,UTECHZONE,utechzone,utechzone
3465,進泰電子,NAE,naeaudio,naeaudio
3466,德晉,SKARDIN,skardin,skardin
3467,台灣精材,Forcera,forcera,forcera
3479,安勤,Avalue,avalue,avalue
3483,力致,FCN,forcecon,forcecon
3484,崧騰,SOLTEAM,solteam,solteam
3485,敘豐,EF,efm,efm
3489,森寶,Sun Brothers,sunbrothers,sunbrothers
3490,單井,singlewell,singlewell,singlewell
3491,昇達科,UMT,umt-tw,umt-tw
3492,長盛,ACT,actt,actt
3498,陽程,USUN,usuntek,usuntek
3499,環天科,GLOBALSAT,globalsat,globalsat
3508,位速,Ways,waystech,ways
3511,矽瑪,SIMULA TECH INC,simulatechnology,simulatechnology
3512,皇龍,Huang Long,hldc,hldc
3516,亞帝歐,ADO,adotek,adotek
3520,華盈,JVE,jve-tech,jve-tech
3521,台鋼建設,TSG Development,datavan,datavan
3522,御嵿,TOPLUS,toplusglobal,toplusglobal
3523,迎輝,EFUN,efun,efun
3526,凡甲,ALLTOP,alltopconnector,otop
3527,聚積,MBI,mblock,mblock
3529,力旺,eMemory,ememory,ememory
3531,先益,Shian Yih,shianyih,shianyih
3537,堡達,PODAK,podak,podak
3540,曜越,Thermaltake,thermaltake,thermaltake
3541,西柏,CYP,cypress,cypress
3546,宇峻,USERJOY,uj,uj
3548,兆利,JARLLY,jarlly,jarlly
3551,世禾,SHT,sht,sht
3552,同致,TUNG THIH,tungthih,tungthih
3555,博士旺,BaaS,i-baas,i-baas
3556,禾瑞亞,EETI,eeti,eeti
3558,神準,Senao Networks,senaonetworks,senao
3564,其陽,AEWIN,aewin,aewin
3567,逸昌,ETREND,etrendtech,etrendtech
3570,大塚,OITC,oitc,oitc
3577,泓格,ICP DAS,icpdas,icpdas
3580,友威科,UVAT,uvat,uvat
3581,博磊,ZVC,zenvoce,zenvoce
3587,閎康,MA-tek,ma-tek,ma-tek
3594,磐儀,ARBOR,arbor-technology,arbor
3597,映興,AVI,avertronics,avertronics
3609,三一東林,HEP,31hep,31hep
3611,鼎翰,TSC AUTO ID,tscprinters,tscprinters
3615,安可,AimCore,aimcore,aimcore
3623,富晶通,TTI,transtouch,transtouch
3624,光頡,VIKING,viking,viking
3625,西勝,C-TECH,c-techone,c-techone
3628,盈正,ABLEREX,ablerex,ablerex
3629,地心引力,Gravitytai,gravitytw,gravitytw
3630,新鉅科,NEWMAX,newmax,newmax
3631,晟楠,CHERNAN,chernan,chernan
3632,研勤,PAPAGO,papagoinc,papagoinc
3646,艾恩特,ANT,ant-precision,ant-precision
3663,鑫科,TTMC,e-ttmc,e-ttmc
3664,安瑞-KY,Array,arraynetworks,arraynetworks
3666,光耀,OTI,optivtech,optivtech
3672,康聯訊,CTS,ctsystem,ctsystem
3675,德微,Eris Tech,eris,eris
3680,家登,Gudeng,gudeng,gudeng
3684,榮昌,Grand-Tek,grand-tek,grand-tek
3685,元創精密,TAC,tradetools,tradetools
3687,歐買尬,OMG,macrowell,mail
3689,湧德,UDE,ude-corp,ude-corp
3691,碩禾,GIGASOLAR,gigasolar,gigasolar
3693,營邦,AIC,aicipc,aicipc
3707,漢磊,EPISIL,episil,episil
3709,鑫聯大投控,Trigold,trigoldholdings,trigoldholdings
3710,連展投控,ACON Holding,acon-holding,acon-holding
3713,新晶投控,HsinjingHolding,hsinjing-holding,hsinjing-holding
3718,中光電投控,CiHC,coreintelligence,coreintelligence
4102,永日,YUNGZIP,yungzip,yungshingroup
4105,東洋,TTY,tty,tty
4107,邦特,BIOTEQUE,bioteq,bioteq
4109,加捷生醫,Jia Jie Bio,jiajiebio,jiajiebio
4111,濟生,CHI  SHENG,cscp,cscp
4113,聯上,WE&WIN,kh,vvvvv
4114,健喬,SYNMOSA,synmosa,synmosa
4116,明基醫,BMTC,benqmedicaltech,benqmedicaltech
4120,友華,OEP,oep,mail
4121,優盛,ROSSMAX,rossmax,rossmax
4123,晟德,Center Lab.,centerlab,centerlab
4126,太醫,PAHSCO,pahsco,pahsco
4127,天良,TLB,tlb,tlb
4128,中天,MICROBIO,twmicrobio,microbio
4129,聯合,UOC,tw,unitedorthopedic
4131,浩泰,NeoCore,neocore,neocore
4138,曜亞,DMT,dmttw,dmttw
4139,馬光-KY,KY M.K.,mk-healthcare,gmail
4147,中裕,TMB,taimedbiologics,taimedbio
4153,鈺緯,DIVA Labs.,diva,diva
4154,樂威科-KY,Raku-KY,raku-tec,raku-tec
4157,太景*-KY,TAIGEN,taigenbiotech,taigenbiotech
4160,訊聯基因,GGA Corp.,gga,gga
4161,聿新科,BIOPTIK,bioptik,bioptik
4162,智擎,PEI,pharmaengine,pharmaengine
4163,鐿鈦,INTAI,intai,mail
4166,友霖,OP,academy,oppharma
4167,松瑞藥,SLC,saviorlifetec,saviorlifetec
4168,醣聯,GlycoNex Inc.,glyconex,glyconex
4171,瑞基,GeneReach,genereach,gmail
4173,久裕,ARICH,arich,arich
4174,浩鼎,OBI,obipharma,obipharma
4175,杏一,MedFirst,medfirst,medfirst
4183,福永生技,EPS Bio,epsbio,epsbio
4188,安克,AmCad,amcad,amcad
4192,杏國,SynCore,syncorebio,syncorebio
4198,欣大健康,S&S,swissray,swissray
4205,中華食,CHUNG HWA,herngyih,ms29
4207,環泰,TFC,fructose,fructose
4303,信立,HSINLI,hsinli,hsinli
4304,勝昱,SUNVIC,sunvic,sunvic
4305,世坤,SKP,shihkuen,skp
4401,東隆興,TLTM,tloong,tloong
4402,郡都開發,J.D Development,j-d,j-d
4406,新昕纖,HSIN-SIN,hsinsin,hsinsin
4413,飛寶企業,EST,estga,estga
4416,三圓,Sumwon,sumwon,shanyuan
4417,金洲,KING CHOU,king-net,mail
4419,皇家美食,KH,tsgkh,tsgkh
4420,光明,Kwang Ming,kwangming,ms35
4430,耀億,YAO I,yaoi,yaoi
4432,銘旺實,Haksport,haksport,haksport
4433,興采,Singtex,singtex,singtex
4442,竣邦-KY,J&B-KY,jb-group,jb-group
4502,健信,RT,rostawheels,rostawheels
4503,金雨,GOLD RAIN,alona,alona
4506,崇友,GFC,gfc,gfc
4510,高鋒,KAFO,kafo,kafo
4513,福裕,FALCON,chevaliertw,chevalier
4523,永彰,Everbrite,everbrite,everbrite
4527,方方土霖,KL,kuenling,kuenling
4528,江興鍛,CHF,ch-forging,ch-forging
4529,淳紳,EPTECH,eptech,eptech
4530,天意能創,TWES,honyigroup,honyigroup
4533,協易機,SEYI,seyi,seyi
4534,慶騰,trinity,trinity-ptc,trinity-ptc
4535,至興,FBT,fineblanking,fineblanking
4538,大詠城,WINSON,wsmc,wsmc
4541,晟田,Magnate,maicl,maicl
4542,科嶠,ANT,asianeotech,asianeotech
4543,萬在,MAN ZAI,manzai,manzai
4549,桓達,FineTek,fine-tek,fine-tek
4550,長佳,CJME,changjia,changjia
4554,橙的,Orange,orange-electronic,orange-electronic
4556,旭然,BSI,filtrafine,filtrafine
4558,寶緯,Alformer,alformer,ms57
4561,健椿,Kenturn,kenturn,kenturn
4563,百德,QUASER,quaser,qmt
4568,科際精密,KOGE,koge,koge
4577,達航科技,Ofuna Tech,ofunatech,ofunatech
4580,捷流閥業,Value Valves,valuevalves,valuevalves
4584,君帆,JUFAN,jfc,jfc
4609,唐鋒,AIRLUX,airlux,airlux
4702,中美實,ALLIED,aicgroup,aicgroup
4706,大恭,TKC,tkc,tkc
4707,磐亞,PACC,pacc,pacc
4711,永純,YONG SHUN,yschem,msa
4714,永捷,UB,u-best-inno,ms12
4716,大立,DAILY,daily-polymer,mail
4721,美琪瑪,mechema,mechema,mechema
4726,永昕,Mycenax,mycenax,mycenax
4728,雙美,Sunmax,sunmaxbiotech,sunmaxbiotech
4729,熒茂,MILDEX,mildex,mildex
4735,豪展,Avita,avita,avita
4741,泓瀚,Jetbest,jetbest,jetbest
4743,合一,ONENESS BIOTECH,onenessbio,onenessbio
4744,皇將,CVC,cvctechnologies,cvctechnologies
4745,合富-KY,CMH,cowealthholding,cowealth
4747,強生*,JCP,jcpjohnson,jcpjohnson
4749,新應材,aemc,aemc,aemc
4754,國碳科,INCA,incatech,incatech
4760,勤凱科技,ample,ampletec,ampletec
4767,誠泰科技,CHETAY,chetay,mail
4768,晶呈科技,INGENTEC,ingenteccorp,ingenteccorp
4772,台特化,TSC,tscs,tscs
4804,大略-KY,Da Lue,dalue,dalue
4806,桂田文創,KTCCE,ktcce,ktcce
4903,聯光通,UFOC,ufoc,ufoc
4905,台聯電,TAINET,tainet,tainet
4907,富宇,Fu Yu  Property,fuyu-property,fuyu-property
4908,前鼎,APAC,apacoe,apacoe
4909,新復興,NEE,nee,nee
4911,德英,G&E,geherbs,geherbs
4923,力士,Force Mos,force-mos,force-mos
4924,欣厚-KY,HTM,hsihou,hsihou
4931,新盛力,STL,stl-tech,stl-tech
4933,友輝,UBRIGHT,ubright,ubright
4939,亞電,AEM,aemg,aemg
4946,辣椒,Cayenne Tech,wasabii,cayennetech
4950,金耘國際,GWIC,gwinic,gwinic
4951,精拓科,Fintek,fintek,fintek
4953,緯致,WITS,wits,wits
4966,譜瑞-KY,Parade,paradetech,paradetech
4971,IET-KY,IET,intelliepi,intelliepi
4972,湯石照明,TONS,tonslight,tons
4973,廣穎電通,Silicon Power,silicon-power,silicon-power
4974,亞泰,ATII,atii,atii
4979,華星光,LuxNet,luxnetcorp,luxnetcorp
4991,環宇-KY,GCS,gcsincorp,gcsincorp
4995,晶達,Litemax,litemax,litemax
5009,榮剛,GMTC,gmtc,gmtc
5011,久陽,OFCO,ofco,ofco
5013,強新,NEW BEST,newbest,ms25
5014,建錩,CCI,chainchon,chainchon
5015,華祺,RODEX,rodex,rodex
5016,松和,Song Ho,songho,msa
5201,凱衛,KWAY,kway,mail
5202,力新,NewSoft,newsoft,newsoft
5205,中茂,TWGET,twget,twget
5206,坤悅,Kunyue,kunyue,kunyue
5209,新鼎,CTCI ASI,asi,ctci
5210,寶碩,APEX,apex,mail
5211,蒙恬,Penpower,penpower,penpower
5212,凌網,HYWEB,hyweb,hyweb
5213,亞昕,YeaShin,yeashin,yeashin
5220,萬達光電,HIGGSTEC,higgstec,higgstec
5223,安力-KY,Anli,anli-group,anli-group
5227,立凱-KY,Aleees,aleees,alechem
5228,鈺鎧,MAX ECHO,maxecho,maxecho
5230,雷笛克光學,Ledlink,ledlink-optics,ledlink-optics
5245,智晶,WSI,wisechip,wisechip
5251,天鉞電,JSW,secufirst,jswpac
5263,智崴,BROGENT,brogent,brogent
5272,笙科,AMICCOM,amiccom,amiccom
5274,信驊,ASPEED,aspeedtech,aspeedtech
5276,達輝-KY,Da Hui,da-hui,da-hui
5278,尚凡*,Sunfun,i-part,sunfuntech
5287,數字,ADDCN,addcn,addcn
5289,宜鼎,Innodisk,innodisk,innodisk
5291,邑昇,EISO,eiso,eiso
5299,杰力,EMC,excelliancemos,excelliancemos
5301,寶得利,CJW,cjwtaiwan,cjwtaiwan
5302,太欣,STK,stk,stk
5309,系統電,SG,sysgration,sysgration
5310,天剛,CGS,cgs,cgs
5312,寶島科,FORMOSA,formosa-optical,ms
5314,世紀*,Myson,myson,yahoo
5315,光聯,U.R.T.,urt,urt
5321,美而快,U.R.,unitedrecommend,urtoday
5324,士開,SDC,sldc,sdc
5328,華容,HJC,hjc,hjc
5340,建榮,BAOTEK,baotek,baotek
5344,立衛,VATE,vate,mail
5345,馥鴻,Fullhome,full-home,full-home
5347,世界,VIS,vis,vis
5348,正能量智能,EMT,emtgroup,emtgroup
5351,鈺創,Etron,etron,etron
5353,台林,Tailyn,tailyn,tailyn
5355,佳總,PSC,gia-tzoong,gia-tzoong
5356,協益,SIRTEC,sirtec,sirtec
5364,力麗店,LEALEA HOTELS,lealeahotel,lealeahotel
5381,光譜,SPE,spe-group,spe-group
5386,青雲,ALBATRON,albatron,albatron
5392,能率,ABICO AVY,avy,avy
5398,慕康生醫,Mediera,mediera,mediera
5403,中菲,DDSC,ddsc,ddsc
5410,國眾,LEO,leosys,leosys
5425,台半,TSC,taiwansemi,ts
5426,振發,CF,chengfwa,chengfwa
5432,新門,SOLOMON DATA,solomon-es,mail
5438,東友,TIS,tecoimage,tecoimage
5439,高技,FHt,fht,fht
5443,均豪,GPM,gpmcorp,gpmcorp
5450,南良,NAMLIONG,namliong-global,namliong-global
5452,佶優,UNIC,unicgroup,unicgroup
5455,昇益,SY,signality,signality
5457,宣德,SPEED TECH,speedtech,speedtech
5460,同協,MUSTANG,mustang-group,mustang-group
5464,霖宏,LIN HORN,lhtech,lhtech
5465,富驊,LFE,lfe-ww,lfe
5468,凱鈺,TMTECH,tmtech,tmtech
5474,聰泰,YUAN,yuan,yuan
5475,德宏,GLOTECH,glotechgf,glotechgf
5478,智冠,SOFT-WORLD,soft-world,soft-world
5481,新華,SINOTACT,sinotact,sinotact
5483,中美晶,SAS,saswafer,saswafer
5487,通泰,TONTEK,tontek,tontek
5488,松普,SP,sunfpu,tw
5489,彩富,DYNACOLOR,dynacolor,dynacolor
5490,同亨,XAC,xac,xac
5493,三聯,Sanlien,sanlien,sanlien
5498,凱崴,KEY WARE,key-ware,key-ware
5508,永信建,YCDC,ys-construction,yungshin
5511,德昌,TE  CHANG,tccon,tccon
5512,力麒,RICH,rhd,rhd
5514,三豐,SUN FON,sunfon,ms27
5516,雙喜,SUN-SEA,sunsea,m
5520,力泰,Lihtai,lihtai,ms2
5523,豐謙,FONG CHIEN,fong-chien,fong-chien
5529,鉅陞,MEGA,mega-international,mega-building
5530,龍巖,LUNG YEN,lyls,lyls
5536,聖暉*,ACTER,acter,acter
5543,桓鼎-KY,Buima,buima,buima
5547,久舜,Jioushun,jioushun,jioushun
5548,安倉,ANCANG,ancang,ancang
5601,台聯櫃,TACT,tactc,ms24
5603,陸海,SEA&LAND,sea-land,sea-land
5604,中連,CLTC,cltc,cltc
5609,中菲行,DIMERCO,dimerco,dimerco
5701,劍湖山,JFS,janfusun,mail
5703,亞都麗緻,Landis Taipei,taipei,landisgroup
5704,老爺知,Chihpen Royal,hotelroyal,cp
5864,致和證,CIS,wintan,jyhher
5878,台名,TABC,tabc,tabc
5902,德記,Tait,tait,taitnet
5903,全家,FamilyMart,family,family
5904,寶雅*,POYA*,poya,poya
5905,南仁湖,NRL,nanrenhu,kentington
6015,宏遠證,HORIZON Sec.,honsec,honsec
6016,康和證,concords,concords,concords
6020,大展證,TACHAN,tachan,mail
6021,美好證,GOOD FINANCE,goodfinance,goodfinance
6023,元大期貨,Yuanta Futures,yuantafutures,yuanta
6026,福邦證,GFS,gfortune,mail
6028,公勝保經,GIBC,goldennet,mail
6101,寬魚國際,KIC,kwans,kwans
6103,合邦,AVID,avid,avid
6104,創惟,GLI,genesyslogic,genesyslogic
6109,亞元,AtechOEM,atechoem,atechoem
6111,光聚晶電,SFG,starfusion,starfusion
6113,亞矽,ASEC,asec,asec
6114,久威,JUIC,juic,juic
6118,建達,Xander,xander,xander
6121,新普,SMP,simplo,simplo
6122,擎邦,KPEC,kpec,kpec
6123,上奇,GrandTech,grandtech,grandtech
6124,業強,YCTC,cht,yctc
6125,廣運,KENMEC,kenmec,kenmec
6126,信音,SINGATRON,singatron,singatron
6127,九豪,LEATEC,leatec,leatec
6129,普誠,PTC,princeton,princeton
6130,上亞科技,SHANGYA,singbao,genomeib
6134,萬旭,WanShih,wanshih,wanshih
6138,茂達,ANPEC,anpec,anpec
6140,訊達電腦,DIMENSION,dimension,dimension
6143,振曜,"NETRONIX,INC.",netronixinc,netronixinc
6144,得利影,DMT,deltamac,deltamac
6146,耕興,SPORTON,sporton,sporton
6147,頎邦,CHIPBOND,chipbond,chipbond
6148,驊宏資,AZION,azion,azion
6150,撼訊,Tul,tul,tul
6151,晉倫,GINAR,ginar,ginar
6154,順發,Sunfar,sunfar,sunfar
6156,松上,SONG SHANG,song-shang,song-shang
6158,禾昌,P-TWO,p-two,p-two
6160,欣技,Cipherlab,cipherlab,cipherlab
6161,捷波,JETWAY,jetwayipc,jetway
6163,華電網,HWACOM,hwacom,hwacom
6167,久正,POWERTIP,powertip,powertip
6169,昱泉,InterServ,interserv,interserv
6170,統振,WELLDONE,welldone,welldone
6171,大城地產,Tacheng,aries-net,aries-net
6173,信昌電,P.D.C.,pdc,pdc
6174,安碁,AKER,aker,aker
6175,立敦,LITON,liton,liton
6179,亞通,ATE ENERGY,ateenergy,ateenergy
6180,橘子,GAMANIA,gamania,gamania
6182,合晶,WAFER WORKS,waferworks,waferworks
6185,幃翔,PLASTRON,plastronconn,plastron
6186,新潤,Shin Ruenn,shinruenn,shinruenn
6187,萬潤,ALL RING,allring-tech,allring-tech
6188,廣明,QSI,qsitw,qsitw
6190,萬泰科,WONDERFUL,wontex,wontex
6194,育富,YUFO,yufo,yufo
6195,詩肯,SCAN-D,ir,scanteak
6198,瑞築,Rich Circle,richcircle,richcircle
6199,天品,TienPin,datafab,datafab
6203,海韻電,Sea Sonic,seasonic,seasonic
6204,艾華,ALPHA,taiwanalpha,taiwanalpha
6207,雷科,LASERTEK,lasertek,lasertek
6208,日揚,Htc,htcvacuum,high-light
6210,慶生,KINTECH,kintech,kintech
6212,理銘,LI MING,met,met
6217,中探針,C.C.P.,ccpcontactprobes,pccp
6218,豪勉,Hauman,hauman,hauman
6219,富旺,FULL WANG,fwgroup,fwgroup
6220,岳豐,YFC-BONEAGLE,cables,cables
6221,晉泰,Genesis,genesis,genesis
6222,立軒,Li Hsuan,sotac,sotac
6223,旺矽,MPI,mpi,mpi
6227,茂綸,Macnica Galaxy,macnica,macnica
6228,全譜,PIE,scanace,scanace
6229,研通,V-TAC,vtac,vtac
6231,系微,Insyde,insyde,insyde
6233,旺玖,PROLIFIC,prolific,prolific
6234,高僑,TERA AUTO,teraauto,teraauto
6236,中湛,Neith Corp.,neithcorp,neithcorp
6237,驊訊,CMEI,cmedia,cmedia
6240,松崗,Sung  Gang,sunggang,kingsinfo
6241,鑫永洋,AMIGO,amigo,amigo
6242,立康,LI KANG,likangbio,herbalmed
6244,茂迪,MOTECH,motech,motech
6245,立端,Lanner,lannerinc,lannerinc
6246,臺龍,TTFIC,tai-lon,tai-lon
6248,沛波,TMP,tmpco,tmpco
6259,百徽,BULLWILL,bullwill,bullwill
6261,久元,YTEC,ytec,ytec
6263,普萊德,Planet,planet,planet
6264,富裔,KL,kingland,kingland
6265,方土昶,KCU,kc-uppertech,kc-uppertech
6266,泰詠,TOP UNION,topunion,topunion
6270,倍微,PCT,pct,pct
6274,台燿,tuc,tuc,tuc
6275,元山,Y.S.TECH,ystech,ystech
6276,安鈦克,Antec,antec,antec
6279,胡連,HU LANE,hulane,hulane
6284,佳邦,INPAQ,inpaq,inpaq
6290,良維,LONGWELL,longwell,longwell
6291,沛亨,AIC,analog,analog
6292,迅德,AXIS,axis,axis
6294,智基,Tekom,tekom,cek
6411,晶焱,Amazing,amazingic,amazingic
6417,韋僑,SAG,sag,sag
6418,詠昇,Y-S ELEC.,yselec,yselec
6419,京晨科,NUUO,nuuo,nuuo
6423,億而得,YMC,ymc,ymc
6425,易發,EFC,efctw,efctw
6432,今展科,ARLITECH,arlitech,arlitech
6435,大中,Sinopower,sinopowersemi,sinopowersemi
6441,廣錠,IBS,ibasesolution,ibasegaming
6461,益得,Intech,intechbiopharm,intechbiopharm
6462,神盾,EGIS,egistec,egistec
6465,威潤,ATrack,atrack,atrack
6469,大樹,Great Tree,greattree,greattree
6470,宇智,U-MEDIA,u-media,u-media
6474,華豫寧,WFE,wfe,wfe
6482,弘煜科,FUN YOURS,fy,fy
6485,點序,ASolid,asolid-tek,asolid-tek
6486,互動,IDT,idtech,idtech
6488,環球晶,GWC,sas-globalwafers,sas-globalwafers
6492,生華科,SH,senhwabio,senhwabio
6494,九齊,Nyquest,nyquest,nyquest
6496,科懋,Excelsior,excelsiorgroup,excelsiorgroup
6498,久禾光,PTIC,ptic,ptic
6499,益安,Medeon,medeonbiodesign,medeonbio
6506,雙邦,SBI,shuang-bang,sbinet
6508,惠光,HKC,huikwang,huikwang
6509,聚和,HOPAX,hopax,hopax
6510,精測,CHPT,chpt,chpt
6512,啟發電,GoMax,gomax-electronics,gomax-electronics
6516,勤崴國際,KINGWAY,kingwaytek,kingwaytek
6517,保勝光學,BASO,baso,baso
6523,達爾膚,DR.WU,drwu,drwu
6527,明達醫,Crystalvue,crystalvue,crystalvue
6530,創威,Axcen,axcen,axcen
6532,瑞耘,CT,calitech,calitech
6535,順藥,LUMOSA,lumosa,lumosa
6538,倉和,Brave Screen,bch,bch
6542,隆中,GAMESPARCS,gamesparcs,gamesparcs
6546,正基,AMPAK,ampak,ampak
6547,高端疫苗,MVC,medigenvac,medigenvac
6548,長科*,CWTC,cwtcglobal,cwtcglobal
6556,勝品,Topview,topviewcorp,topviewcorp
6560,欣普羅,APPROPHO,appropho,appropho
6561,是方,Chief,chief,chief
6568,宏觀,Rafael Micro,rafaelmicro,rafaelmicro
6569,醫揚,onyx,onyx-healthcare,onyx-healthcare
6570,維田,APLEX,aplex,aplex
6574,霈方,MIKOBEAUTE,mikobeaute,mikobeaute
6576,逸達,Foresee,foreseepharma,foreseepharma
6577,勁豐,PSC,promate,promate
6578,達邦蛋白,DaBomb,dabombprotein,dabombprotein
6584,南俊國際,NAN JUEN,repon,repon
6588,東典光電,EOC,east-tender,east-tender
6590,普鴻,Provision,provision,provision
6593,台灣銘板,TNP,tnp,tnp
6596,寬宏藝術,KHAM Inc.,khaminc,khmail
6597,立誠,ECOCERA,ecocera,ecocera
6603,富強鑫,FCS,fcs,fcs
6604,儒億,JUOKU,juoku,juoku
6609,瀧澤科,TTT,takisawa,takisawa
6612,奈米醫材,ICARES,icaresmedicus,icaresmedicus
6613,朋億*,Novatech,novatech,novatech
6615,慧智,SOFIVA,sofivagenomics,sofiva
6616,特昇-KY,TIL,techcential-international,techcential
6617,共信-KY,Gongwin,gongwinbiopharm,gongwinbiopharm
6620,漢達,Handa Pharma,handapharma,handapharma
6624,萬年清,EC,ever-clear,seed
6629,泰金-KY,TK-KY,thai-kin,royalfth
6637,醫影,MIC,mic-tw,msa
6640,均華,GMM,gmmcorp,gmmcorp
6642,富致,FUZETEC,fuzetec,fuzetec
6643,M31,M31,m31tech,m31tech
6649,台生材,TWBM,twbm,twbm
6651,全宇昕,CYSTEK,cystekec,cystek
6654,天正國際,TZI,tz-int-ltd,tz-int
6661,威健生技,WELGENE,welgene,welgene
6662,樂斯科,BioLASCO,biolasco,biolasco
6664,群翊,Group Up,gpline,gpline
6667,信紘科,Trusval,trusval,trusval
6679,鈺太,ZILLTEK,zilltek,zilltek
6680,鑫創電子,SINTRONES,sintrones,sintrones
6683,雍智科技,KSMT,ksmt,ksmt
6684,安格,AlgolTek,algoltek,algoltek
6690,安碁資訊,ACSI,acercsi,acercsi
6692,進能服,AES,acmepointes,acmepointes
6693,廣閎科,inergy,inergy,inergy
6697,東捷資訊,ITTS,itts,itts
6703,軒郁,SHINY,shinybrands,shinybrands
6708,天擎,MARS,mars-semi,mars-semi
6712,長聖,Ever Supreme,ever-supreme,ever-supreme
6716,應廣,PDK,padauk,padauk
6720,久昌,MP,major-power,major-power
6721,信實,Sincere group,sincere-group,sincere-group
6725,矽科宏晟,CHCT,cicahuntek,cicahuntek
6727,亞泰金屬,AMI,asiametalinc,asiametalinc
6728,上洋,UP YOUNG,upyoung,upyoung
6730,常廣,LAGIS,lagis,lagis
6732,昇佳電子,sensortek,sensortek,sensortek
6733,博晟生醫,BioGend,biogend,biogend
6735,美達科技,AMIDA,amidatec,amidatec
6739,竹陞科技,GUTC,gutc,gutc
6741,91APP*-KY,91APP,91app,91app
6751,智聯服務,AST,acer-ast,acer-ast
6752,叡揚,GSS,gss,gss
6761,穩得,Wendell,wendell,wendell
6762,達亞,Delta Asia,deltaasia,deltaasia
6763,綠界科技*,Green World,ecpay,ecpay
6767,台微醫,Wiltrom,wiltrom,wiltrom
6785,昱展新藥,Alar,alarpharm,alarpharm
6788,華景電,Brillian,brillian,brillian
6791,虎門科技,TADC,cadmen,cadmen
6803,崑鼎,ECOVE Corp.,ecove,ecove
6804,明係,Axman,axman,axman-bike
6811,宏碁資訊,AEB,aceraeb,aceraeb
6821,聯寶,LKM,linkcom,linkcom
6823,濾能,GreenFILTEC,greenfiltec,greenfiltec
6829,千附精密,CFPREC,cfprec,cfprec
6840,東研信超,BTL,btl,btl
6841,長佳智能,EFAI,everfortuneai,everfortuneai
6843,進典,JDV,jdv,jdv
6844,諾貝兒,NORBEL,norbelbaby,norbelbaby
6846,綠茵,GREENYN,greenynbio,greenyn
6855,數泓科,Eclatorq,eclatorq,eclatorq
6856,鑫傳,ST media,st-media,st-media
6859,伯特光,BEST OPT,best-opto,best88
6865,偉康科技,WebComm,webcomm,webcomm
6870,騰雲,Turn Cloud,turn2cloud,turn2cloud
6872,浩宇生醫,NaviFUS,navifus,navifus
6874,倍力,M-POWER,mpinfo,mpinfo
6875,國邑*,PBI,pharmosa,pharmosa
6877,鏵友益,HYE,hyetech,hye
6881,潤德,RTD,rd,mail
6884,海柏特,HSNC,hsnservice,hsnservice
6894,衛司特,WRT,recotech,recotech
6895,宏碩系統,WPTI,wavepower,wavepower
6899,創為精密,AMT,amtouch,amtouch
6903,巨漢,JH,jiuhan,jiuhan
6904,伯鑫,PROXENE,proxene,proxene
6907,雅特力-KY,ATK-KY,arterychip,arterytek
6910,德鴻,Grandsys,grandsys,grandsys
6913,鴻呈,VSO,vso-corp,vso-corp
6922,宸曜,Neousys,neousys-tech,neousys-tech
6925,意藍,eLand,eland,eland
6929,佑全,We Can,yourchance,yourchance
6945,圓祥生技,APBio,apbioinc,apbioinc
6953,家碩,GDE,gdauto,gdauto
6961,旅天下,Uni Travel,gounitravel,gounitravel
6967,汎瑋材料,TRANS-SUN,trans-sun,trans-sun
6968,萬達寵物,WONDERPETS,wonderpet,wonderpet
6971,惠民實業,HM Env. Tech,huimin,huimin
6982,大井泵浦,WALRUS PUMP,walruspump,walrus
6983,華洋精機,HYP,hua-yang,hua-yang
6986,和迅,HEXUN,hexunbio,hexunbio
6996,力領科技,forcelead,forcelead,forcelead
6997,博弘,Nextlink,nextlink,nextlink
7402,邑錡,Brinno,brinno,brinno
7547,碩網,INTUMIT,intumit,intumit
7556,意德士科技,YEEDEX,yeedex,yeedex
7584,樂意,HAPPYTUK,mangot5,mangot5
7642,昶瑞機電,Champ-Ray,champ-ray,champ-ray
7703,銳澤,RAYZHER,rayzher,rayzher
7704,明遠精密,Finesse,finesse-tech,finesse-tech
7708,全家餐飲,FIG,familygourmet,familygourmet
7709,榮田,Honor,honorseiki,honorseiki
7712,博盛半導體,POTENS,potens-semi,potens-semi
7713,威力德生醫,WeLeader,weleader,weleader
7714,創泓科技,UFTC,uniforce,uniforce
7715,裕山,Yuh Shan,yseec,yseec
7716,昱臺國際,ITI,iti-international,iti-international
7717,萊德光電-KY,Lightel-KY,lightel-ky,lightel
7718,友鋮,SPEC,spec,spec
7723,築間,JHU JIAN,jhujian,jhujian
7728,光焱科技,Enlitech,enlitechnology,enli
7734,印能科技,APT,ableprint,ableprint
7738,東聯互動,EUI,eui,eui
7743,金利食安,KFS,kfs-foodtech,kfs-foodtech
7744,崴寶,WB,wnbtech,wnbtech
7747,昕奇雲端,GCS,grandtechcloud,grandtechcloud
7751,竑騰,HORNG TERNG,hta,hta
7753,星亞,SAVC,savc-vision,savc-vision
7757,金色三麥,Lebledor,sunmaigroup,lebledor
7767,仁大資訊,HPI,hpicorp,hpicorp
7770,君曜,ZEITEC,zeitecsemi,zeitecsemi
7772,耀穎,MOE,moe,moe
7777,能率亞洲,ABICO ASIA,abicoasia,abicoasia
7782,光速火箭,SPEEDING ROCKET,speeding-rocket,speeding-rocket
7792,安葆,AM-POWER,ampower,ampower
7794,宏碁智新,API,acerpure,acerpure
7805,威聯通,QNAP,qnap,qnap
7810,捷創科技,JTRON,jtron-tech,jtron-tech
7811,民盛,Minson,minson,mail
7814,海昌生技,HORIEN,biohorien,biohorien
7819,精誠金融,Systex Fintech,systexfintech,systexfintech
7820,立盈,Liying EPTech,lept,
7825,和亞智慧,NSTC,newsmart,newsmart
7828,創新服務,INNOSTAR,inno-stars,inno-stars
7839,達人網,PRO360,pro360,pro360
7842,天能綠電,GREENET,greenet,greenet
7856,漢測,HTSI,hermes-testing,hermes-testing
8024,佑華,Alpha,ealpha,ealpha
8027,鈦昇,E&R,enr,enr
8032,光菱,KORYO,koryo,koryo
8034,榮群,OPNET,opnet,opnet
8038,長園科,CAEC,caec,caec
8040,九暘,IC+,icplus,icplus
8042,金山電,CHINSAN,chinsan,chinsan
8043,蜜望實,3H,threehhh,threehhh
8044,網家,PChome online,pchome,pchome
8047,星雲,GCC,gccworld,gcc
8048,德勝,RUBYTECH,rubytech,mail
8049,晶采,AMPIRE,ampire,ampire
8050,廣積,IBASE,ibase,ibase
8054,安國,Alcor Micro,alcormicro,alcormicro
8059,凱碩,CTI,castlenet,castlenet
8064,東捷,CONTREL,contrel,contrel
8066,來思達,LIFESTYLE,lifestyle-global,lifestyle-tw
8067,志旭,Gish INT,gish,mail
8068,全達,Chander,chander,chander
8069,元太,EIH,eink,eink
8071,能率網通,ABICO,fstdisc,fstdisc
8074,鉅橡,AURONA,aurona,aurona
8076,伍豐,FIRICH,fecpos,firich
8077,洛碁,GWH,greenworldhotels,gwh
8080,泰霖,TerraLink,terralink,terralink
8083,瑞穎,TIC,prohawk,prohawk
8084,巨虹,CHIP HOPE,chiphope,chiphope
8085,福華,FD,fwd,fwd
8086,宏捷科,AWSC,awsc,awsc
8087,麗升能源,LEADSUN,leadsun-green,leadsun-green
8088,品安,PANRAM,panram,panram
8089,康全電訊,Comtrend,comtrend,comtrend
8091,翔名,FB,feedback,feedback
8092,建暐,CWPT,chienwei,chienwei
8093,保銳,ENERMAX,enermax,enermax
8096,擎亞,CoAsia,coasiaelec,coasia
8097,常珵,ATW,atwtechnology,atwtechnology
8099,大世科,TSTI,etatung,etatung
8102,傑霖科技,JEILIN,jeilin,jeilin
8107,大億金茂,KENMOS,kenmos,kenmos
8109,博大,P-DUKE,pduke,pduke
8111,立碁,LIGITEK,ligitek,mail
8121,越峰,ACME,acme-ferrite,usig
8147,正淩,NEXTRON,nextrongroup,nextron
8155,博智,ACCL,accl,accl
8171,天宇,Formosa,feii,ms4
8176,智捷,ZCOM,zcom,zcom
8182,加高,HELE,hele,hele
8227,巨有科技,PGC,pgc,pgc
8234,新漢,NEXCOM,nexcom,nexcom
8240,華宏,WAH HONG,wahhong,wahhong
8255,朋程,ATC,actron,actron
8272,全景軟體,Changing,changingtec,changingtec
8277,商丞,UNIFOSA,unifosa,unifosa
8279,生展,SYNGEN,syngen,syngen
8284,三竹,MITAKE,mitake,mitake
8289,泰藝,Taitien,taitien,taitien
8291,尚茂,SMT,shinemore,shinemore
8299,群聯,Phison,phison,phison
8342,益張,I  JANG,ijang,ijang
8349,恒耀國際,QST,qst,qst
8354,冠好,KH,koanhao,koanhao
8358,金居,CO-TECH,co-tech,co-tech
8383,千附,ChenFull,chenfull,chenfull
8390,金益鼎,JYD,jyd,tw
8401,白紗科,BAI SHA,bsbs,bsbs
8403,盛弘,SHAREHOPE,share-hope,share-hope
8409,商之器,EBM,ebmtech,ebmtech
8410,森田,Sen Tien,sentien,sentien
8415,大國鋼,Brighton-Best,brighton-best,tachen
8416,實威,SWTC,swtc,swtc
8421,旭源,XYP,xuyuanpack,xuyuanpack
8423,保綠-KY,Polygreen,pgr,pgr
8424,惠普,WELLPOOL,wellpool,msa
8426,紅木-KY,Redwood,redwoodgroup,redwoodgroup
8431,匯鑽科,SPT,superiortec,superior-sz
8432,東生華,TSH,tshbiopharm,tshbiopharm
8433,弘帆,BON FAME,bonfame,bonfame
8435,鉅邁,Zimmite,zimmite,zimmite
8436,大江,TCI,tci-bio,tci-bio
8437,大地-KY,Dadi,edudadi,dadikid
8440,綠電,E＆E,eer,eer
8444,綠河-KY,Green River,greenriverholding,greenriverholding
8446,華研,HIM Music,him,him
8450,霹靂,PILI,pili,pili
8455,大拓-KY,Daito ME,daito-me,daito-me
8472,納維康,Navicare,gomaji,gomaji
8477,創業家,XXTECHEC,xxtechec,xxtechec
8489,三貝德,Samebest,samebest,samebest
8905,裕國,ECS,eaglegroup,cooleagle
8906,花王,Forward,forward-net,ms21
8908,欣雄,SHIN HSIUNG,shng,shng
8916,光隆,KLF,klf-group,klf-group
8917,欣泰,HTGas,htgas,htgas
8921,沈氏,SHEN'S ART,shen,shen
8923,時報,C.T.Publishing,readingtimes,readingtimes
8924,大田,O-TA,o-ta,o-ta
8927,北基,Pei Chi,nspco,mail
8928,鉅明,DYNAMIC,dynamic,dynamic
8929,富堡,FBIC,fuburg,fuburg
8930,青鋼,CKM,ckm,mail
8931,大汽電,TYC,tycc,tycc
8932,智通*,Wiselink,wiselink,wiselink
8933,愛地雅,IDEAL,idealbike,idealbike
8935,邦泰,PONTEX,pontex,pontex
8936,國統,KTI,kti,kti
8937,合騏*,HER CHEE,hercheemoto,hercheemoto
8938,明安,ADVANCED  GROUP,adgroup,adgroup
8941,關中,GRAND HALL,grandhall,grandhall
8942,森鉅,Xxentria,xxentria-tech,xxentria-tech
9949,琉園,TITTOT,tittot,tittot
9950,萬國通,EMINENT,tw,eminent
9951,皇田,MACAUTO,macauto-group,macauto-group
9960,邁達康,DACOME,golfshop,golfshop
9962,有益,YYS,yeouyih,yeouyih
