review,index,announce_date,effective_date,action,en_name
2023-02,MSCI Taiwan,2023-02-09,2023-03-01,none,
2023-05,MSCI Taiwan,2023-05-11,2023-06-01,add,GLOBAL UNICHIP CORP
2023-05,MSCI Taiwan,2023-05-11,2023-06-01,add,WISTRON CORP
2023-08,MSCI Taiwan,2023-08-10,2023-09-01,add,GIGABYTE TECHNOLOGY CO
2023-08,MSCI Taiwan,2023-08-10,2023-09-01,del,WIN SEMICONDUCTORS
2023-11,MSCI Taiwan,2023-11-14,2023-12-01,add,ALCHIP TECHNOLOGIES
2023-11,MSCI Taiwan,2023-11-14,2023-12-01,del,GIANT MANUFACTURING CO.
2024-02,MSCI Taiwan,2024-02-12,2024-03-01,del,MOMO.COM
2024-05,MSCI Taiwan,2024-05-14,2024-06-03,add,ASIA VITAL COMPONENTS
2024-05,MSCI Taiwan,2024-05-14,2024-06-03,add,FORTUNE ELECTRIC CO
2024-05,MSCI Taiwan,2024-05-14,2024-06-03,del,NAN YA PRINTED CIRCUIT
2024-05,MSCI Taiwan,2024-05-14,2024-06-03,del,PARADE TECHNOLOGIES
2024-05,MSCI Taiwan,2024-05-14,2024-06-03,del,POWERCHIP SEMICONDUCTOR
2024-08,MSCI Taiwan,2024-08-12,2024-09-02,del,FORMOSA PETROCHEMICAL CO
2024-11,MSCI Taiwan,2024-11-06,2024-11-26,add,INTL GAMES SYSTEM C
2024-11,MSCI Taiwan,2024-11-06,2024-11-26,add,JENTECH PRECISION INDL
2024-11,MSCI Taiwan,2024-11-06,2024-11-26,del,WINBOND ELECTRONICS CORP
2025-02,MSCI Taiwan,2025-02-11,2025-03-03,add,ELITE MATERIAL CO
2025-02,MSCI Taiwan,2025-02-11,2025-03-03,add,LOTES CO
2025-02,MSCI Taiwan,2025-02-11,2025-03-03,del,NANYA TECHNOLOGY
2025-02,MSCI Taiwan,2025-02-11,2025-03-03,del,WALSIN LIHWA CORP
2025-05,MSCI Taiwan,2025-05-13,2025-06-02,none,
2025-08,MSCI Taiwan,2025-08-07,2025-08-27,add,CALIWAY BIOPHARMA
2025-08,MSCI Taiwan,2025-08-07,2025-08-27,add,KING SLIDE WORKS CO
2025-08,MSCI Taiwan,2025-08-07,2025-08-27,del,POU CHEN CORP
2025-08,MSCI Taiwan,2025-08-07,2025-08-27,del,RUENTEX DEVELOPMENT CO
2025-11,MSCI Taiwan,2025-11-05,2025-11-25,add,ASPEED TECHNOLOGY
2025-11,MSCI Taiwan,2025-11-05,2025-11-25,add,BIZLINK HOLDING
2025-11,MSCI Taiwan,2025-11-05,2025-11-25,add,CHROMA ATE
2025-11,MSCI Taiwan,2025-11-05,2025-11-25,add,GOLD CIRCUIT ELECTRONICS
2025-11,MSCI Taiwan,2025-11-05,2025-11-25,add,KING YUAN ELECTRONICS CO
2025-11,MSCI Taiwan,2025-11-05,2025-11-25,add,TECO ELECTRIC & MACH
2025-11,MSCI Taiwan,2025-11-05,2025-11-25,del,ACER
2025-11,MSCI Taiwan,2025-11-05,2025-11-25,del,AUO CORP
2025-11,MSCI Taiwan,2025-11-05,2025-11-25,del,MICRO-STAR INTERNATIONAL
2025-11,MSCI Taiwan,2025-11-05,2025-11-25,del,SILERGY CORP
2025-11,MSCI Taiwan,2025-11-05,2025-11-25,del,SYNNEX TECHNOLOGY INTL
2025-11,MSCI Taiwan,2025-11-05,2025-11-25,del,VOLTRONIC POWER TECH
2025-11,MSCI Taiwan,2025-11-05,2025-11-25,del,WPG HOLDINGS CO
2026-02,MSCI Taiwan,2026-02-10,2026-03-02,add,HONPRECISION
2026-02,MSCI Taiwan,2026-02-10,2026-03-02,del,CHENG SHIN RUBBER IND
2026-02,MSCI Taiwan,2026-02-10,2026-03-02,del,ECLAT TEXTILE COMPANY
2026-02,MSCI Taiwan,2026-02-10,2026-03-02,del,FENG TAY ENTERPRISE CO
2026-02,MSCI Taiwan,2026-02-10,2026-03-02,del,NIEN MADE ENTERPRISE CO
2026-08,MSCI Taiwan,2026-08-12,2026-09-01,add,KINSUS INTERCONNECT TECH
2026-08,MSCI Taiwan,2026-08-12,2026-09-01,add,NAN YA PRINTED CIRCUIT
2026-08,MSCI Taiwan,2026-08-12,2026-09-01,add,NANYA TECHNOLOGY
2026-08,MSCI Taiwan,2026-08-12,2026-09-01,add,PHISON ELECTRONICS CORP
2026-08,MSCI Taiwan,2026-08-12,2026-09-01,add,TAIWAN UNION TECHNOLOGY
2026-08,MSCI Taiwan,2026-08-12,2026-09-01,add,WINBOND ELECTRONICS CORP
2026-08,MSCI Taiwan,2026-08-12,2026-09-01,del,CALIWAY BIOPHARMA
2026-08,MSCI Taiwan,2026-08-12,2026-09-01,del,EMEMORY TECHNOLOGY
2026-08,MSCI Taiwan,2026-08-12,2026-09-01,del,INTL GAMES SYSTEM C
2026-08,MSCI Taiwan,2026-08-12,2026-09-01,del,TAIWAN BUSINESS BANK
2026-08,MSCI Taiwan,2026-08-12,2026-09-01,del,TAIWAN CEMENT CORP
2026-08,MSCI Taiwan,2026-08-12,2026-09-01,del,YANG MING MARINE TRANSP
