review,index,announce_date,effective_date,action,en_name,code
2023-02,MSCI Taiwan,2023-02-09,2023-03-01,none,,
2023-05,MSCI Taiwan,2023-05-11,2023-06-01,add,GLOBAL UNICHIP CORP,3443
2023-05,MSCI Taiwan,2023-05-11,2023-06-01,add,WISTRON CORP,3231
2023-08,MSCI Taiwan,2023-08-10,2023-09-01,add,GIGABYTE TECHNOLOGY CO,2376
2023-08,MSCI Taiwan,2023-08-10,2023-09-01,del,WIN SEMICONDUCTORS,3105
2023-11,MSCI Taiwan,2023-11-14,2023-12-01,add,ALCHIP TECHNOLOGIES,3661
2023-11,MSCI Taiwan,2023-11-14,2023-12-01,del,GIANT MANUFACTURING CO.,9921
2024-02,MSCI Taiwan,2024-02-12,2024-03-01,del,MOMO.COM,8454
2024-05,MSCI Taiwan,2024-05-14,2024-06-03,add,ASIA VITAL COMPONENTS,3017
2024-05,MSCI Taiwan,2024-05-14,2024-06-03,add,FORTUNE ELECTRIC CO,1519
2024-05,MSCI Taiwan,2024-05-14,2024-06-03,del,NAN YA PRINTED CIRCUIT,8046
2024-05,MSCI Taiwan,2024-05-14,2024-06-03,del,PARADE TECHNOLOGIES,4966
2024-05,MSCI Taiwan,2024-05-14,2024-06-03,del,POWERCHIP SEMICONDUCTOR,6770
2024-08,MSCI Taiwan,2024-08-12,2024-09-02,del,FORMOSA PETROCHEMICAL CO,6505
2024-11,MSCI Taiwan,2024-11-06,2024-11-26,add,INTL GAMES SYSTEM C,3293
2024-11,MSCI Taiwan,2024-11-06,2024-11-26,add,JENTECH PRECISION INDL,3653
2024-11,MSCI Taiwan,2024-11-06,2024-11-26,del,WINBOND ELECTRONICS CORP,2344
2025-02,MSCI Taiwan,2025-02-11,2025-03-03,add,ELITE MATERIAL CO,2383
2025-02,MSCI Taiwan,2025-02-11,2025-03-03,add,LOTES CO,3533
2025-02,MSCI Taiwan,2025-02-11,2025-03-03,del,NANYA TECHNOLOGY,2408
2025-02,MSCI Taiwan,2025-02-11,2025-03-03,del,WALSIN LIHWA CORP,1605
2025-05,MSCI Taiwan,2025-05-13,2025-06-02,none,,
2025-08,MSCI Taiwan,2025-08-07,2025-08-27,add,CALIWAY BIOPHARMA,6919
2025-08,MSCI Taiwan,2025-08-07,2025-08-27,add,KING SLIDE WORKS CO,2059
2025-08,MSCI Taiwan,2025-08-07,2025-08-27,del,POU CHEN CORP,9904
2025-08,MSCI Taiwan,2025-08-07,2025-08-27,del,RUENTEX DEVELOPMENT CO,9945
2025-11,MSCI Taiwan,2025-11-05,2025-11-25,add,ASPEED TECHNOLOGY,5274
2025-11,MSCI Taiwan,2025-11-05,2025-11-25,add,BIZLINK HOLDING,3665
2025-11,MSCI Taiwan,2025-11-05,2025-11-25,add,CHROMA ATE,2360
2025-11,MSCI Taiwan,2025-11-05,2025-11-25,add,GOLD CIRCUIT ELECTRONICS,2368
2025-11,MSCI Taiwan,2025-11-05,2025-11-25,add,KING YUAN ELECTRONICS CO,2449
2025-11,MSCI Taiwan,2025-11-05,2025-11-25,add,TECO ELECTRIC & MACH,1504
2025-11,MSCI Taiwan,2025-11-05,2025-11-25,del,ACER,2353
2025-11,MSCI Taiwan,2025-11-05,2025-11-25,del,AUO CORP,2409
2025-11,MSCI Taiwan,2025-11-05,2025-11-25,del,MICRO-STAR INTERNATIONAL,2377
2025-11,MSCI Taiwan,2025-11-05,2025-11-25,del,SILERGY CORP,6415
2025-11,MSCI Taiwan,2025-11-05,2025-11-25,del,SYNNEX TECHNOLOGY INTL,2347
2025-11,MSCI Taiwan,2025-11-05,2025-11-25,del,VOLTRONIC POWER TECH,6409
2025-11,MSCI Taiwan,2025-11-05,2025-11-25,del,WPG HOLDINGS CO,3702
2026-02,MSCI Taiwan,2026-02-10,2026-03-02,add,HONPRECISION,7769
2026-02,MSCI Taiwan,2026-02-10,2026-03-02,del,CHENG SHIN RUBBER IND,2105
2026-02,MSCI Taiwan,2026-02-10,2026-03-02,del,ECLAT TEXTILE COMPANY,1476
2026-02,MSCI Taiwan,2026-02-10,2026-03-02,del,FENG TAY ENTERPRISE CO,9910
2026-02,MSCI Taiwan,2026-02-10,2026-03-02,del,NIEN MADE ENTERPRISE CO,8464
2026-05,MSCI Taiwan,2026-05-12,2026-06-01,add,MPI CORP,6223
2026-05,MSCI Taiwan,2026-05-12,2026-06-01,del,ASIA CEMENT CORP,3019
2026-05,MSCI Taiwan,2026-05-12,2026-06-01,del,CATCHER TECH CO,2474
2026-05,MSCI Taiwan,2026-05-12,2026-06-01,del,CHINA AIRLINES,2610
2026-05,MSCI Taiwan,2026-05-12,2026-06-01,del,COMPAL ELECTRONICS,2324
2026-05,MSCI Taiwan,2026-05-12,2026-06-01,del,FAR EASTERN NEW CENTURY,1402
2026-05,MSCI Taiwan,2026-05-12,2026-06-01,del,TAIWAN HIGH SPEED RAIL,
2026-05,MSCI Taiwan,2026-05-12,2026-06-01,del,TECO ELECTRIC & MACH,1504
2026-08,MSCI Taiwan,2026-08-12,2026-09-01,add,KINSUS INTERCONNECT TECH,3189
2026-08,MSCI Taiwan,2026-08-12,2026-09-01,add,NAN YA PRINTED CIRCUIT,8046
2026-08,MSCI Taiwan,2026-08-12,2026-09-01,add,NANYA TECHNOLOGY,2408
2026-08,MSCI Taiwan,2026-08-12,2026-09-01,add,PHISON ELECTRONICS CORP,8299
2026-08,MSCI Taiwan,2026-08-12,2026-09-01,add,TAIWAN UNION TECHNOLOGY,6274
2026-08,MSCI Taiwan,2026-08-12,2026-09-01,add,WINBOND ELECTRONICS CORP,2344
2026-08,MSCI Taiwan,2026-08-12,2026-09-01,del,CALIWAY BIOPHARMA,6919
2026-08,MSCI Taiwan,2026-08-12,2026-09-01,del,EMEMORY TECHNOLOGY,3529
2026-08,MSCI Taiwan,2026-08-12,2026-09-01,del,INTL GAMES SYSTEM C,3293
2026-08,MSCI Taiwan,2026-08-12,2026-09-01,del,TAIWAN BUSINESS BANK,2834
2026-08,MSCI Taiwan,2026-08-12,2026-09-01,del,TAIWAN CEMENT CORP,1101
2026-08,MSCI Taiwan,2026-08-12,2026-09-01,del,YANG MING MARINE TRANSP,2609
