date,etf,code,name,shares,weight
2026-10-07,00985A,2330,台積電,920000,14.4
2026-10-07,00985A,3491,昇達科,300000,3.1
2026-10-07,00985A,3017,奇鋐,143000,3.07
2026-10-07,00985A,3653,健策,72000,2.97
2026-10-07,00985A,3037,欣興,372000,2.94
2026-10-07,00985A,2383,台光電,80000,2.88
2026-10-07,00985A,2345,智邦,232000,2.83
2026-10-07,00985A,2059,川湖,39000,2.78
2026-10-07,00985A,4904,遠傳,4243000,2.72
2026-10-07,00985A,2376,技嘉,1175000,2.6
2026-10-07,00985A,2303,聯電,2684000,2.41
2026-10-07,00985A,2327,國巨*,609000,2.39
2026-10-07,00985A,3711,日月光投控,493000,2.19
2026-10-07,00985A,7769,鴻勁,61000,2.17
2026-10-07,00985A,3008,大立光,50000,2.07
2026-10-07,00985A,6531,愛普*,336000,2.03
2026-10-07,00985A,1216,統一,4400000,2.01
2026-10-07,00985A,3081,聯亞,102000,1.94
2026-10-07,00985A,2395,研華,406000,1.8
2026-10-07,00985A,3036,文曄,1304000,1.7
2026-10-07,00985A,3665,貿聯-KY,121000,1.7
2026-10-07,00985A,2412,中華電,1888000,1.66
2026-10-07,00985A,6669,緯穎,114036,1.55
2026-10-07,00985A,1605,華新,6362000,1.54
2026-10-07,00985A,1101,台泥,9821000,1.52
2026-10-07,00985A,6187,萬潤,164000,1.52
2026-10-07,00985A,2454,聯發科,50000,1.46
2026-10-07,00985A,2610,華航,11436000,1.41
2026-10-07,00985A,2317,鴻海,910000,1.39
2026-10-07,00985A,3661,世芯-KY,51000,1.29
2026-10-07,00985A,3189,景碩,189000,1.26
2026-10-07,00985A,2308,台達電,104000,1.25
2026-10-07,00985A,6488,環球晶,167000,1.23
2026-10-07,00985A,6446,藥華藥,167000,1.22
2026-10-07,00985A,7750,新代,97000,1.17
2026-10-07,00985A,8046,南電,128000,1.15
2026-10-07,00985A,2603,長榮,787000,1.11
2026-10-07,00985A,3105,穩懋,278000,0.99
2026-10-07,00985A,6442,光聖,90000,0.99
2026-10-07,00985A,1504,東元,2177000,0.97
2026-10-07,00985A,2408,南亞科,310000,0.96
2026-10-07,00985A,2368,金像電,126000,0.95
2026-10-07,00985A,1301,台塑,1589000,0.73
2026-10-07,00985A,2027,大成鋼,2097000,0.61
2026-10-07,00985A,6526,達發,102000,0.49
2026-10-07,00985A,2377,微星,511000,0.48
2026-10-07,00985A,2344,華邦電,243000,0.26
2026-10-07,00985A,8996,高力,20000,0.2
2026-10-07,00985A,3324,雙鴻,18000,0.17
2026-10-07,00985A,2881,富邦金,139000,0.13
