sn,company,lead,type,units,bb_units,bb_start,bb_end,premium_lo,premium_hi
114001,台灣大哥大股份有限公司,元大證券股份有限公司,無擔保轉換公司債,70000,59500,2025-02-10,2025-02-12,110.00,115.00
114002,高鋒工業股份有限公司,群益金鼎證券股份有限公司,無擔保轉換公司債,9000,7937,2025-02-13,2025-02-14,105.10,110.00
114003,欣巴巴事業股份有限公司,國泰綜合證券股份有限公司,無擔保轉換公司債,7000,5951,2025-02-13,2025-02-17,105.10,110.00
114004,錼創科技股份有限公司,中國信託綜合證券股份有限公司,有擔保轉換公司債,8000,6800,2025-02-13,2025-02-17,102.00,105.00
114005,岱宇國際股份有限公司,統一綜合證券股份有限公司,無擔保轉換公司債,2000,1720,2025-02-17,2025-02-18,105.10,110.00
114006,承業生醫投資控股股份有限公司,台新綜合證券股份有限公司,無擔保轉換公司債,15000,12975,2025-02-21,2025-02-24,105.10,130.00
114007,綠茵生技股份有限公司,富邦綜合證券股份有限公司,無擔保轉換公司債,3500,3075,2025-02-26,2025-03-03,105.01,110.00
114008,華友聯開發股份有限公司,國泰綜合證券股份有限公司,無擔保轉換公司債,20000,17000,2025-03-04,2025-03-06,102.00,110.00
114009,旺宏電子股份有限公司,凱基證券股份有限公司,無擔保轉換公司債,30000,27000,2025-03-10,2025-03-12,105.00,115.00
114010,可寧衛股份有限公司,台新綜合證券股份有限公司,無擔保轉換公司債,20000,17567,2025-03-20,2025-03-24,102.00,110.00
114011,科妍生物科技股份有限公司,統一綜合證券股份有限公司,無擔保轉換公司債,4000,3600,2025-04-08,2025-04-09,105.10,115.00
114012,麗升能源科技股份有限公司,兆豐證券股份有限公司,無擔保轉換公司債,5000,4500,2025-04-14,2025-04-15,105.50,110.00
114013,平和環保科技股份有限公司,群益金鼎證券股份有限公司,有擔保轉換公司債,3500,3150,2025-04-24,2025-04-25,102.00,105.00
114014,良維科技股份有限公司,富邦綜合證券股份有限公司,無擔保轉換公司債,8000,7200,2025-04-28,2025-04-30,105.10,110.00
114015,事欣科技股份有限公司,統一綜合證券股份有限公司,無擔保轉換公司債,5000,4450,2025-04-30,2025-05-02,105.01,120.00
114016,泓德能源科技股份有限公司,元大證券股份有限公司,無擔保轉換公司債,30000,25500,2025-05-15,2025-05-19,105.01,115.00
114017,聯合骨科器材股份有限公司,凱基證券股份有限公司,無擔保轉換公司債,7000,5950,2025-05-16,2025-05-19,105.01,115.00
114018,健策精密工業股份有限公司,富邦綜合證券股份有限公司,無擔保轉換公司債,30000,25505,2025-05-19,2025-05-21,102.00,120.00
114019,三洋實業股份有限公司,台新綜合證券股份有限公司,無擔保轉換公司債,4000,3400,2025-06-03,2025-06-05,105.10,115.00
114020,承業生醫投資控股股份有限公司,台新綜合證券股份有限公司,無擔保轉換公司債,9000,7930,2025-06-06,2025-06-10,105.10,130.00
114021,鑫龍騰開發股份有限公司,凱基證券股份有限公司,無擔保轉換公司債,6000,5400,2025-06-09,2025-06-10,105.10,106.00
114022,達麗建設事業股份有限公司,國泰綜合證券股份有限公司,無擔保轉換公司債,6000,5200,2025-06-11,2025-06-13,105.10,110.00
114023,大華建設股份有限公司,凱基證券股份有限公司,無擔保轉換公司債,5000,4400,2025-06-11,2025-06-12,105.01,110.00
114024,松上電子股份有限公司,永豐金證券股份有限公司,無擔保轉換公司債,3500,3000,2025-06-12,2025-06-13,105.01,110.00
114025,汎德永業汽車股份有限公司,群益金鼎證券股份有限公司,無擔保轉換公司債,10000,8500,2025-06-13,2025-06-16,105.10,110.00
114026,遠見科技股份有限公司,統一綜合證券股份有限公司,無擔保轉換公司債,5000,4500,2025-06-19,2025-06-19,105.01,110.00
114027,華電聯網股份有限公司,統一綜合證券股份有限公司,無擔保轉換公司債,3000,2695,2025-07-09,2025-07-10,105.01,110.00
114028,大井泵浦工業股份有限公司,永豐金證券股份有限公司,無擔保轉換公司債,3000,2550,2025-07-10,2025-07-11,105.01,110.00
114029,凡甲科技股份有限公司,凱基證券股份有限公司,無擔保轉換公司債,15000,13500,2025-07-11,2025-07-14,106.00,115.00
114030,弘塑科技股份有限公司,凱基證券股份有限公司,無擔保轉換公司債,10000,8502,2025-07-17,2025-07-18,105.01,115.00
114031,科妍生物科技股份有限公司,統一綜合證券股份有限公司,無擔保轉換公司債,4000,3600,2025-07-21,2025-07-21,105.10,115.00
114032,意德士科技股份有限公司,元大證券股份有限公司,無擔保轉換公司債,1000,900,2025-07-29,2025-07-31,105.10,110.00
114033,聯寶電子股份有限公司,統一綜合證券股份有限公司,無擔保轉換公司債,3000,2700,2025-08-04,2025-08-05,105.10,115.00
114034,漢磊科技股份有限公司,凱基證券股份有限公司,無擔保轉換公司債,10000,8875,2025-08-07,2025-08-08,105.10,110.00
114035,動力科技股份有限公司-KY,康和綜合證券股份有限公司,無擔保轉換公司債,2500,2125,2025-08-12,2025-08-13,105.10,110.00
114036,雷科股份有限公司,凱基證券股份有限公司,無擔保轉換公司債,6000,5340,2025-08-13,2025-08-14,105.10,110.00
114037,邑錡股份有限公司,統一綜合證券股份有限公司,無擔保轉換公司債,4000,3600,2025-08-20,2025-08-21,105.01,110.00
114038,晶心科技股份有限公司,凱基證券股份有限公司,無擔保轉換公司債,15000,13201,2025-08-25,2025-08-27,106.00,120.00
114039,太普高精密影像股份有限公司,永豐金證券股份有限公司,無擔保轉換公司債,2000,1800,2025-09-02,2025-09-03,105.01,110.00
114040,國精化學股份有限公司,富邦綜合證券股份有限公司,無擔保轉換公司債,5000,4385,2025-09-16,2025-09-18,105.10,110.00
114041,英屬開曼群島商裕慶金屬股份有限公司-KY,凱基證券股份有限公司,無擔保轉換公司債,10000,8860,2025-09-17,2025-09-18,105.10,110.00
114042,茂為歐買尬數位科技股份有限公司,元富證券股份有限公司,無擔保轉換公司債,2000,1700,2025-09-18,2025-09-22,105.10,110.00
114043,鮮活控股股份有限公司,兆豐證券股份有限公司,無擔保轉換公司債,2000,1700,2025-09-22,2025-09-23,106.00,120.00
114044,八方雲集國際股份有限公司,元大證券股份有限公司,無擔保轉換公司債,8000,6960,2025-09-23,2025-09-25,105.10,115.00
114045,華電聯網股份有限公司,統一綜合證券股份有限公司,無擔保轉換公司債,3000,2695,2025-10-01,2025-10-02,105.01,110.00
114046,榮昌科技股份有限公司,群益金鼎證券股份有限公司,無擔保轉換公司債,3000,2700,2025-10-14,2025-10-15,105.10,110.00
114047,欣興電子股份有限公司,中國信託綜合證券股份有限公司,無擔保轉換公司債,40000,34000,2025-10-17,2025-10-21,102.00,107.00
114048,台燿科技股份有限公司,國泰綜合證券股份有限公司,無擔保轉換公司債,40000,34000,2025-10-30,2025-11-03,102.00,110.00
114049,偉訓科技股份有限公司,統一綜合證券股份有限公司,無擔保轉換公司債,10000,8733,2025-10-31,2025-11-03,106.00,115.00
114050,毅嘉科技股份有限公司,兆豐證券股份有限公司,無擔保轉換公司債,10000,9000,2025-11-05,2025-11-06,105.50,115.00
114051,台灣特品化學股份有限公司,元大證券股份有限公司,無擔保轉換公司債,20000,17790,2025-11-13,2025-11-17,102.00,110.00
114052,來億興業股份有限公司-KY,富邦綜合證券股份有限公司,無擔保轉換公司債,45000,39000,2025-11-14,2025-11-18,102.00,110.00
114053,光紅建聖股份有限公司,台新綜合證券股份有限公司,無擔保轉換公司債,10000,8700,2025-11-17,2025-11-19,105.01,115.00
114054,凌航科技股份有限公司,統一綜合證券股份有限公司,無擔保轉換公司債,10000,8860,2025-11-21,2025-11-24,105.01,120.00
114055,六角國際事業股份有限公司,華南永昌綜合證券股份有限公司,無擔保轉換公司債,6000,5370,2025-11-24,2025-11-26,105.01,110.00
114056,系統電子工業股份有限公司,富邦綜合證券股份有限公司,無擔保轉換公司債,7000,6188,2025-11-28,2025-12-02,105.10,110.00
114057,台灣金山電子工業股份有限公司,永豐金證券股份有限公司,無擔保轉換公司債,3500,3052,2025-12-03,2025-12-04,105.10,110.00
114058,晉弘科技股份有限公司,富邦綜合證券股份有限公司,無擔保轉換公司債,2000,1800,2025-12-08,2025-12-10,105.01,110.00
114060,匯鑽科技股份有限公司,華南永昌綜合證券股份有限公司,無擔保轉換公司債,3000,2700,2025-12-18,2025-12-22,105.01,110.00
114061,志聖工業股份有限公司,富邦綜合證券股份有限公司,無擔保轉換公司債,7000,5970,2025-12-24,2025-12-29,105.01,110.00
114062,大聯大控股股份有限公司,凱基證券股份有限公司,無擔保交換公司債,30000,25500,2025-12-26,2025-12-29,102.00,130.00
114063,威剛科技股份有限公司,群益金鼎證券股份有限公司,無擔保轉換公司債,20000,17950,2025-12-26,2025-12-29,101.50,110.00
115001,定穎投資控股股份有限公司,凱基證券股份有限公司,無擔保轉換公司債,5000,4250,2026-01-07,2026-01-09,105.10,110.00
115002,天品聯合企業股份有限公司,群益金鼎證券股份有限公司,無擔保轉換公司債,3500,3123,2026-01-08,2026-01-09,105.10,110.00
115003,騰輝電子國際集團股份有限公司-KY,永豐金證券股份有限公司,無擔保轉換公司債,5000,4425,2026-01-09,2026-01-12,105.10,110.00
115004,宇隆科技股份有限公司,台新綜合證券股份有限公司,無擔保轉換公司債,13000,11050,2026-01-12,2026-01-13,106.00,115.00
115005,勤誠興業股份有限公司,元大證券股份有限公司,無擔保轉換公司債,8000,7200,2026-01-12,2026-01-14,105.10,108.00
115006,全新光電科技股份有限公司,群益金鼎證券股份有限公司,無擔保轉換公司債,5000,4500,2026-01-13,2026-01-14,105.01,110.00
115007,寬魚國際股份有限公司,富邦綜合證券股份有限公司,無擔保轉換公司債,2500,2250,2026-01-16,2026-01-20,105.01,110.00
115008,力士科技股份有限公司,統一綜合證券股份有限公司,無擔保轉換公司債,2500,2375,2026-01-16,2026-01-19,105.01,110.00
115009,佳能企業股份有限公司,凱基證券股份有限公司,無擔保轉換公司債,3000,2700,2026-01-20,2026-01-21,105.01,115.00
115010,群聯電子股份有限公司,凱基證券股份有限公司,無擔保轉換公司債,60000,51000,2026-01-23,2026-01-27,110.00,120.00
115011,百達精密工業股份有限公司,台新綜合證券股份有限公司,無擔保轉換公司債,2500,2200,2026-01-27,2026-01-29,105.01,110.00
115012,雙鴻科技股份有限公司,凱基證券股份有限公司,無擔保轉換公司債,30000,26200,2026-02-05,2026-02-06,102.00,115.00
115013,衛司特科技股份有限公司,兆豐證券股份有限公司,無擔保轉換公司債,3000,2650,2026-02-23,2026-02-24,105.10,110.00
115014,三集瑞科技國際集團股份有限公司,華南永昌綜合證券股份有限公司,無擔保轉換公司債,10000,8800,2026-02-24,2026-02-26,105.50,110.00
115015,長虹建設股份有限公司,群益金鼎證券股份有限公司,無擔保轉換公司債,15000,13500,2026-02-25,2026-02-26,105.01,110.00
115016,華泰電子股份有限公司,凱基證券股份有限公司,無擔保轉換公司債,25000,21825,2026-03-03,2026-03-05,105.10,110.00
115017,保瑞藥業股份有限公司,台新綜合證券股份有限公司,無擔保轉換公司債,20000,17600,2026-03-18,2026-03-20,105.01,130.00
115018,台境企業股份有限公司,群益金鼎證券股份有限公司,無擔保轉換公司債,2500,2220,2026-04-08,2026-04-09,105.10,110.00
115019,凌航科技股份有限公司,統一綜合證券股份有限公司,無擔保轉換公司債,15000,13230,2026-04-14,2026-04-15,105.01,120.00
115020,立碁電子工業股份有限公司,群益金鼎證券股份有限公司,無擔保轉換公司債,5000,4425,2026-04-16,2026-04-17,105.01,110.00
115021,晟德大藥廠股份有限公司,台新綜合證券股份有限公司,無擔保轉換公司債,15000,12750,2026-04-17,2026-04-21,105.10,120.00
115022,富強鑫精密工業股份有限公司,統一綜合證券股份有限公司,無擔保轉換公司債,4000,3584,2026-04-20,2026-04-21,105.01,110.00
115023,經寶精密控股-KY,凱基證券股份有限公司,無擔保轉換公司債,2000,1800,2026-04-21,2026-04-22,105.01,115.00
115024,家登精密工業股份有限公司,凱基證券股份有限公司,無擔保轉換公司債,10000,9000,2026-04-24,2026-04-27,105.01,115.00
115025,柏文健康事業股份有限公司,永豐金證券股份有限公司,無擔保轉換公司債,4000,3600,2026-04-27,2026-04-28,105.01,110.00
115026,聯友金屬科技股份有限公司,福邦證券股份有限公司,無擔保轉換公司債,8000,7013,2026-05-06,2026-05-08,102.00,110.00
115027,勤凱科技股份有限公司,富邦綜合證券股份有限公司,無擔保轉換公司債,4000,3531,2026-05-08,2026-05-12,105.10,110.00
115028,國精化學股份有限公司,華南永昌綜合證券股份有限公司,無擔保轉換公司債,10000,8680,2026-05-13,2026-05-15,105.10,110.00
115030,正基科技股份有限公司,凱基證券股份有限公司,無擔保轉換公司債,5000,4750,2026-05-27,2026-05-28,106.00,110.00
115031,旺矽科技股份有限公司,凱基證券股份有限公司,無擔保轉換公司債,50000,44900,2026-06-01,2026-06-03,102.00,115.00
115032,至上電子股份有限公司,凱基證券股份有限公司,無擔保轉換公司債,20000,17470,2026-06-09,2026-06-10,102.00,115.00
115033,擎亞電子股份有限公司,統一綜合證券股份有限公司,無擔保轉換公司債,8000,6930,2026-06-18,2026-06-22,105.01,110.00
115034,南俊國際股份有限公司,凱基證券股份有限公司,無擔保轉換公司債,8000,7105,2026-06-18,2026-06-22,105.10,110.00
115035,宏致電子股份有限公司,凱基證券股份有限公司,無擔保轉換公司債,10000,8520,2026-06-23,2026-06-24,106.00,120.00
115036,廣閎科技股份有限公司,兆豐證券股份有限公司,無擔保轉換公司債,5000,4380,2026-06-24,2026-06-25,105.10,110.00
115037,大東電業廠股份有限公司,國泰綜合證券股份有限公司,無擔保轉換公司債,20000,17500,2026-07-02,2026-07-06,105.00,110.00
115038,增你強股份有限公司,富邦綜合證券股份有限公司,無擔保轉換公司債,5000,4363,2026-07-06,2026-07-08,105.01,110.00
115039,廣閎科技股份有限公司,兆豐證券股份有限公司,無擔保轉換公司債,5000,4380,2026-07-08,2026-07-09,105.10,110.00
115040,一詮精密工業股份有限公司,中國信託綜合證券股份有限公司,無擔保轉換公司債,20000,17533,2026-07-10,2026-07-14,102.00,110.00
115041,巨漢系統科技股份有限公司,富邦綜合證券股份有限公司,無擔保轉換公司債,5000,4500,2026-07-10,2026-07-14,105.01,110.00
115042,辛耘企業股份有限公司,元大證券股份有限公司,無擔保轉換公司債,5000,4500,2026-07-14,2026-07-16,105.01,110.00
115043,邑昇實業股份有限公司,統一綜合證券股份有限公司,無擔保轉換公司債,2000,1780,2026-07-16,2026-07-17,105.01,110.00
115044,博智電子股份有限公司,凱基證券股份有限公司,無擔保轉換公司債,30000,26400,2026-07-20,2026-07-22,105.00,115.00
115045,聖暉工程科技股份有限公司,國票綜合證券股份有限公司,無擔保轉換公司債,15000,13250,2026-07-21,2026-07-23,105.10,110.00
115046,聯華電子股份有限公司,宏遠證券股份有限公司,無擔保轉換公司債,120000,102000,2026-07-24,2026-07-28,105.00,120.00
115047,晶宏半導體股份有限公司,統一綜合證券股份有限公司,無擔保轉換公司債,5000,4410,2026-07-27,2026-07-28,105.01,110.00
115048,聯亞光電工業股份有限公司,元大證券股份有限公司,無擔保轉換公司債,18000,15822,2026-07-31,2026-08-03,105.10,120.00
115049,維田科技股份有限公司,統一綜合證券股份有限公司,無擔保轉換公司債,2500,2250,2026-08-03,2026-08-04,105.01,110.00
115050,嘉晶電子股份有限公司,凱基證券股份有限公司,無擔保轉換公司債,3500,3126,2026-08-05,2026-08-06,105.01,115.00
115051,廣穎電通股份有限公司,台新綜合證券股份有限公司,無擔保轉換公司債,5000,4500,2026-08-07,2026-08-11,105.01,120.00
115052,聚賢研發股份有限公司,宏遠證券股份有限公司,無擔保轉換公司債,4000,3400,2026-08-12,2026-08-14,102.00,110.00
115053,金利食安科技股份有限公司,永豐金證券股份有限公司,無擔保轉換公司債,2000,1750,2026-08-28,2026-08-31,106.00,110.00
115054,大甲永和機械工業股份有限公司,統一綜合證券股份有限公司,無擔保轉換公司債,5000,4400,2026-08-31,2026-09-01,105.01,110.00
115055,威剛科技股份有限公司,群益金鼎證券股份有限公司,無擔保轉換公司債,30000,26460,2026-09-07,2026-09-08,101.50,120.00
115057,晟田科技工業股份有限公司,凱基證券股份有限公司,無擔保轉換公司債,2000,1780,2026-09-09,2026-09-10,105.10,110.00
115058,聯發國際餐飲事業股份有限公司,統一綜合證券股份有限公司,無擔保轉換公司債,4000,3510,2026-09-10,2026-09-11,105.01,110.00
115059,威宏控股股份有限公司,富邦綜合證券股份有限公司,無擔保轉換公司債,2000,1700,2026-09-14,2026-09-16,105.01,110.00
115060,星宇航空股份有限公司,元大證券股份有限公司,無擔保轉換公司債,5000,4500,2026-09-14,2026-09-15,105.10,106.00
115061,安碁科技股份有限公司,兆豐證券股份有限公司,無擔保轉換公司債,3000,2644,2026-09-16,2026-09-17,105.01,110.00
115062,高力熱處理工業股份有限公司,富邦綜合證券股份有限公司,無擔保轉換公司債,25000,22500,2026-09-23,2026-09-29,102.00,110.00
115063,啟碁科技股份有限公司,凱基證券股份有限公司,無擔保轉換公司債,60000,51000,2026-09-24,2026-09-30,110.00,120.00
115064,迅得機械股份有限公司,台新綜合證券股份有限公司,無擔保轉換公司債,5000,4400,2026-09-29,2026-09-30,105.01,130.00
115065,東聯互動股份有限公司,永豐金證券股份有限公司,無擔保轉換公司債,5000,4500,2026-10-02,2026-10-05,105.01,110.00
