code,market,status,name,lead,kind,amount,filed,fix,stop,unstop,effective,revoked,withdrawn,returned,nature
1786,上市,生效,科妍,統一證券,轉換公司債(無擔保),400000000,2025-03-14,,,,2025-04-01,,,,十二日制
3653,上市,生效,健策精密,富邦證券,轉換公司債(無擔保),2000000000,2025-03-17,,,,2025-04-02,,,,十二日制
3653,上市,生效,健策精密,富邦證券,轉換公司債(無擔保),3000000000,2025-03-17,,,,2025-04-02,,,,十二日制
8087,上櫃,生效,麗升能源,兆豐證券,轉換公司債(無擔保),500000000,2025-03-18,,,,2025-04-07,,,,十二日制
3167,上市,生效,大量科技,福邦證券,轉換公司債(無擔保),500000000,2025-03-21,,,,2025-04-10,,,,十二日制
6538,上櫃,生效,倉和,統一證券,轉換公司債(無擔保),300000000,2025-03-21,,,,2025-04-10,,,,十二日制
3188,上櫃,廢止/撤銷,鑫龍騰,凱基證券,轉換公司債(無擔保),200000000,2025-03-24,,,,2025-04-11,2025-10-03,,,十二日制
3188,上櫃,生效,鑫龍騰,凱基證券,轉換公司債(無擔保),600000000,2025-03-24,,,,2025-04-11,,,,十二日制
4555,上市,生效,台灣氣立,富邦證券,轉換公司債(有擔保),500000000,2025-03-24,,,,2025-04-23,,,,二十日制
6771,上市,生效,平和環保-創,群益金鼎證券,轉換公司債(有擔保),350000000,2025-03-28,,,,2025-04-17,,,,十二日制
8404,上市,生效,F-百和,中國信託證券,轉換公司債(有擔保),1200000000,2025-04-01,,,,2025-04-21,,,,十二日制
6290,上櫃,生效,良維科技,富邦證券,轉換公司債(無擔保),800000000,2025-04-02,,,,2025-04-22,,,,十二日制
4916,上市,生效,事欣科技,統一證券,轉換公司債(無擔保),500000000,2025-04-09,,,,2025-04-25,,,,十二日制
6873,上市,生效,泓德能源,元大證券,轉換公司債(無擔保),3000000000,2025-04-09,,,,2025-04-25,,,,十二日制
1472,上市,生效,三洋實業,台新證券,轉換公司債(有擔保),300000000,2025-04-14,,,,2025-04-30,,,,十二日制
1472,上市,生效,三洋實業,台新證券,轉換公司債(無擔保),400000000,2025-04-14,,,,2025-04-30,,,,十二日制
6117,上市,生效,迎廣科技,台新證券,轉換公司債(無擔保),500000000,2025-04-15,,,,2025-05-02,,,,十二日制
6163,上櫃,生效,華電聯網,統一證券,轉換公司債(無擔保),300000000,2025-04-17,,,,2025-05-06,,,,十二日制
8411,上市,生效,F-福貞,台新證券,轉換公司債(有擔保),1200000000,2025-04-21,,,,2025-05-08,,,,十二日制
3131,上櫃,生效,弘塑科技,凱基證券,轉換公司債(無擔保),1000000000,2025-04-25,,,,2025-05-14,,,,十二日制
4129,上櫃,生效,聯合骨科器材,凱基證券,轉換公司債(無擔保),700000000,2025-04-25,,,,2025-05-14,,,,十二日制
1466,上市,生效,聚隆纖維,國票證券,轉換公司債(有擔保),400000000,2025-04-28,,,,2025-05-15,,,,十二日制
3551,上櫃,生效,世禾科技,凱基證券,轉換公司債(無擔保),500000000,2025-04-28,,,,2025-05-15,,,,十二日制
6469,上櫃,生效,大樹醫藥,國泰證券,轉換公司債(無擔保),1000000000,2025-04-28,,,,2025-05-15,,,,十二日制
3040,上市,生效,遠見科技,統一證券,轉換公司債(無擔保),500000000,2025-04-29,,2025-05-15,2025-05-28,2025-06-16,,,,十二日制
6156,上櫃,生效,松上電子,永豐金證券,轉換公司債(無擔保),350000000,2025-05-06,,,,2025-05-22,,,,十二日制
4581,上市,生效,F-光隆,第一金證券,轉換公司債(無擔保),500000000,2025-05-09,,,,2025-05-27,,,,十二日制
2247,上市,生效,汎德,群益金鼎證券,轉換公司債(無擔保),1000000000,2025-05-20,,,,2025-06-06,,,,十二日制
4442,上櫃,生效,F-竣邦,台新證券,轉換公司債(無擔保),150000000,2025-05-28,,2025-06-13,2025-06-17,2025-07-03,,,,十二日制
6843,上櫃,生效,進典,永豐金證券,轉換公司債(無擔保),300000000,2025-05-28,,,,2025-06-16,,,,十二日制
3284,上櫃,生效,太普高精密,永豐金證券,轉換公司債(無擔保),200000000,2025-05-29,,,,2025-06-17,,,,十二日制
2641,上櫃,生效,正德海運,群益金鼎證券,轉換公司債(無擔保),780000000,2025-06-13,2025-06-25,,,2025-07-11,,,,十二日制
6191,上市,廢止/撤銷,精成科技,宏遠證券,轉換公司債(無擔保),1000000000,2025-06-13,,,,2025-07-01,2025-12-03,,,十二日制
6982,上櫃,生效,大井泵浦,永豐金證券,轉換公司債(無擔保),200000000,2025-06-13,,,,2025-07-01,,,,十二日制
6982,上櫃,生效,大井泵浦,永豐金證券,轉換公司債(無擔保),300000000,2025-06-13,,,,2025-07-01,,,,十二日制
6670,上市,生效,復盛應用,台新證券,轉換公司債(無擔保),2000000000,2025-06-18,"2025-07-02,2025-07-03",,,2025-07-21,,,,十二日制
3526,上櫃,生效,凡甲科技,凱基證券,轉換公司債(無擔保),1500000000,2025-06-23,,,,2025-07-09,,,,十二日制
7402,上櫃,生效,邑錡,統一證券,轉換公司債(無擔保),400000000,2025-06-26,,2025-07-11,2025-07-16,2025-08-01,,,,十二日制
3707,上櫃,生效,漢磊,凱基證券,轉換公司債(無擔保),1000000000,2025-06-27,,,,2025-07-15,,,,十二日制
6207,上櫃,生效,雷科,凱基證券,轉換公司債(無擔保),200000000,2025-07-01,,,,2025-07-17,,,,十二日制
6207,上櫃,生效,雷科,凱基證券,轉換公司債(無擔保),800000000,2025-07-01,,,,2025-07-17,,,,十二日制
6821,上櫃,生效,聯寶,統一證券,轉換公司債(無擔保),300000000,2025-07-01,,,,2025-07-17,,,,十二日制
7556,上櫃,生效,意德士科技,元大證券,轉換公司債(無擔保),100000000,2025-07-07,,,,2025-07-23,,,,十二日制
7556,上櫃,生效,意德士科技,元大證券,轉換公司債(無擔保),200000000,2025-07-07,,,,2025-07-23,,,,十二日制
2230,上櫃,自行撤回,泰茂實業,國票證券,轉換公司債(無擔保),300000000,2025-07-16,,2025-07-31,,,,2025-08-19,,十二日制
4558,上櫃,生效,寶緯,華南永昌證券,轉換公司債(有擔保),300000000,2025-07-18,,,,2025-08-05,,,,十二日制
6533,上市,生效,晶心科技,凱基證券,轉換公司債(無擔保),1500000000,2025-07-18,,,,2025-08-15,,,,二十日制
2743,上櫃,生效,山富旅遊,國泰證券,轉換公司債(無擔保),300000000,2025-07-21,,,,2025-08-06,,,,十二日制
4438,上市,生效,廣越企業,凱基證券,轉換公司債(無擔保),800000000,2025-07-21,,,,2025-08-06,,,,十二日制
6591,上市,生效,F-動力,康和證券,轉換公司債(無擔保),250000000,2025-07-21,,,,2025-08-06,,,,十二日制
4113,上櫃,生效,聯上實業,合庫證券,轉換公司債(無擔保),300000000,2025-07-23,2025-09-09,2025-08-07,2025-08-25,2025-09-25,,,,十二日制
4113,上櫃,生效,聯上實業,合庫證券,轉換公司債(有擔保),400000000,2025-07-23,2025-09-09,2025-08-07,2025-08-25,2025-09-25,,,,十二日制
4168,上櫃,生效,醣聯,統一證券,轉換公司債(有擔保),500000000,2025-07-30,,,,2025-08-27,,,,二十日制
5439,上櫃,生效,高技企業,凱基證券,轉換公司債(無擔保),2000000000,2025-08-01,,,,2025-08-19,,,,十二日制
4722,上市,生效,國精化學,富邦證券,轉換公司債(無擔保),500000000,2025-08-06,,,,2025-08-22,,,,十二日制
2236,上市,生效,F-百達,台新證券,轉換公司債(無擔保),450000000,2025-08-07,,,,2025-08-25,,,,十二日制
8299,上櫃,生效,群聯電子,凱基證券,轉換公司債(無擔保),6000000000,2025-08-08,2025-08-25,,,2025-09-10,,,,十二日制
3687,上櫃,生效,茂為歐買尬,元富證券,轉換公司債(無擔保),200000000,2025-08-22,,,,2025-09-09,,,,十二日制
3687,上櫃,生效,茂為歐買尬,元富證券,轉換公司債(無擔保),400000000,2025-08-22,,,,2025-09-09,,,,十二日制
6957,上市,生效,F-裕慶,凱基證券,轉換公司債(無擔保),1000000000,2025-08-22,,,,2025-09-09,,,,十二日制
6209,上市,生效,今國光學工業,中國信託證券,轉換公司債(有擔保),450000000,2025-08-25,2025-09-01,,,2025-09-30,,,,二十日制
1256,上市,生效,F-鮮活,兆豐證券,轉換公司債(無擔保),200000000,2025-08-28,,,,2025-09-15,,,,十二日制
5201,上櫃,生效,凱衛資訊,兆豐證券,轉換公司債(有擔保),100000000,2025-08-28,,,,2025-09-15,,,,十二日制
6477,上市,生效,安集科技,福邦證券,轉換公司債(無擔保),600000000,2025-08-28,,,,2025-09-15,,,,十二日制
2753,上市,生效,八方雲集,元大證券,轉換公司債(無擔保),200000000,2025-08-29,,,,2025-09-16,,,,十二日制
2753,上市,生效,八方雲集,元大證券,轉換公司債(無擔保),800000000,2025-08-29,,,,2025-09-16,,,,十二日制
7713,上櫃,生效,威力德生醫,台新證券,轉換公司債(無擔保),500000000,2025-09-01,,,,2025-09-17,,,,十二日制
6219,上櫃,生效,富旺國際開發,統一證券,轉換公司債(有擔保),600000000,2025-09-03,,,,2025-09-19,,,,十二日制
3684,上櫃,生效,榮昌科技,群益金鼎證券,轉換公司債(無擔保),300000000,2025-09-15,,,,2025-10-02,,,,十二日制
3032,上市,生效,偉訓科技,統一證券,轉換公司債(無擔保),1000000000,2025-09-17,,2025-10-03,2025-10-09,2025-10-29,,,,十二日制
6190,上櫃,生效,萬泰科技,國票證券,轉換公司債(無擔保),1000000000,2025-09-18,,,,2025-10-08,,,,十二日制
3037,上市,生效,欣興電子,中國信託證券,轉換公司債(無擔保),4000000000,2025-09-19,,,,2025-10-09,,,,十二日制
2402,上市,生效,毅嘉科技,兆豐證券,轉換公司債(無擔保),1000000000,2025-09-25,,,,2025-10-16,,,,十二日制
6274,上櫃,生效,台燿科技,國泰證券,轉換公司債(無擔保),4000000000,2025-10-02,,,,2025-10-22,,,,十二日制
8042,上櫃,生效,台灣金山電子,永豐金證券,轉換公司債(無擔保),350000000,2025-10-08,,,,2025-10-28,,,,十二日制
2368,上市,生效,金像電子,富邦證券,轉換公司債(無擔保),9000000000,2025-10-14,,,,2025-10-31,,,,十二日制
6796,上市,生效,晉弘,富邦證券,轉換公司債(無擔保),200000000,2025-10-17,,,,2025-11-05,,,,十二日制
4772,上櫃,生效,台灣特品化學,元大證券,轉換公司債(無擔保),2000000000,2025-10-20,,,,2025-11-06,,,,十二日制
6442,上市,生效,光紅建聖,台新證券,轉換公司債(無擔保),1000000000,2025-10-21,,,,2025-11-07,,,,十二日制
6442,上市,生效,光紅建聖,台新證券,轉換公司債(無擔保),1500000000,2025-10-21,,,,2025-11-07,,,,十二日制
6904,上櫃,生效,伯鑫,國泰證券,轉換公司債(無擔保),200000000,2025-10-22,,,,2025-11-10,,,,十二日制
6890,上市,生效,F-來億,富邦證券,轉換公司債(無擔保),4500000000,2025-10-23,,,,2025-11-11,,,,十二日制
6890,上市,生效,F-來億,富邦證券,轉換公司債(無擔保),500000000,2025-10-23,,,,2025-11-11,,,,十二日制
3543,上市,生效,州巧科技,福邦證券,轉換公司債(有擔保),400000000,2025-10-27,2025-11-11,,,2025-11-27,,,,十二日制
5309,上櫃,生效,系統電子,富邦證券,轉換公司債(無擔保),500000000,2025-10-27,,,,2025-11-12,,,,十二日制
5309,上櫃,生效,系統電子,富邦證券,轉換公司債(無擔保),700000000,2025-10-27,,,,2025-11-12,,,,十二日制
2732,上櫃,生效,六角國際,華南永昌證券,轉換公司債(無擔保),600000000,2025-10-31,,,,2025-11-18,,,,十二日制
3135,上市,生效,凌航,統一證券,轉換公司債(無擔保),1000000000,2025-10-31,,,,2025-11-18,,,,十二日制
3715,上市,生效,定穎投資控股,凱基證券,轉換公司債(無擔保),1000000000,2025-11-03,,,,2025-11-19,,,,十二日制
3715,上市,生效,定穎投資控股,凱基證券,轉換公司債(無擔保),500000000,2025-11-03,,,,2025-11-19,,,,十二日制
4739,上市,生效,康普材料科技,福邦證券,轉換公司債(有擔保),600000000,2025-11-03,,,,2025-11-19,,,,十二日制
6510,上櫃,生效,中華精測,元大證券,轉換公司債(無擔保),2000000000,2025-11-07,,,,2025-11-25,,,,十二日制
2745,上櫃,生效,五福旅行社,台新證券,轉換公司債(無擔保),300000000,2025-11-18,,,,2025-12-04,,,,十二日制
8431,上櫃,生效,匯鑽科技,華南永昌證券,轉換公司債(無擔保),300000000,2025-11-27,,,,2025-12-15,,,,十二日制
2467,上市,生效,志聖工業,富邦證券,轉換公司債(無擔保),1000000000,2025-11-28,,,,2025-12-16,,,,十二日制
2467,上市,生效,志聖工業,富邦證券,轉換公司債(無擔保),700000000,2025-11-28,,,,2025-12-16,,,,十二日制
3260,上櫃,生效,威剛科技,群益金鼎證券,轉換公司債(無擔保),2000000000,2025-12-01,,,,2025-12-17,,,,十二日制
3717,上市,生效,聯嘉投控,國泰證券,轉換公司債(有擔保),700000000,2025-12-02,,,,2025-12-18,,,,十二日制
6199,上櫃,生效,天品,群益金鼎證券,轉換公司債(有擔保),250000000,2025-12-02,2025-12-09,,,2025-12-26,,,,十二日制
6199,上櫃,生效,天品,群益金鼎證券,轉換公司債(無擔保),350000000,2025-12-02,2025-12-09,,,2025-12-26,,,,十二日制
3290,上櫃,自行撤回,東浦精密光電,台新證券,轉換公司債(無擔保),300000000,2025-12-04,,2025-12-19,2025-12-29,,,2026-01-14,,十二日制
3290,上櫃,自行撤回,東浦精密光電,台新證券,轉換公司債(無擔保),700000000,2025-12-04,,2025-12-19,2025-12-29,,,2026-01-14,,十二日制
4967,上市,生效,十銓科技,永豐金證券,轉換公司債(有擔保),2000000000,2025-12-04,,,,2025-12-22,,,,十二日制
2301,上市,廢止/撤銷,光寶科技,元大證券,轉換公司債(無擔保),4000000000,2025-12-05,,,,2025-12-23,2026-06-08,,,十二日制
2301,上市,廢止/撤銷,光寶科技,元大證券,轉換公司債(無擔保),8000000000,2025-12-05,,,,2025-12-23,2026-06-08,,,十二日制
3702,上市,生效,大聯大,凱基證券,交換公司債(無擔保),3000000000,2025-12-05,,,,2025-12-16,,,,七日制
8021,上市,生效,尖點科技,福邦證券,轉換公司債(無擔保),700000000,2025-12-05,,,,2025-12-23,,,,十二日制
6101,上櫃,生效,寬魚國際,富邦證券,轉換公司債(有擔保),150000000,2025-12-08,,,,2026-01-07,,,,二十日制
6101,上櫃,生效,寬魚國際,富邦證券,轉換公司債(無擔保),250000000,2025-12-08,,,,2026-01-07,,,,二十日制
8210,上市,生效,勤誠興業,元大證券,轉換公司債(無擔保),700000000,2025-12-09,,,,2025-12-26,,,,十二日制
8210,上市,生效,勤誠興業,元大證券,轉換公司債(無擔保),800000000,2025-12-09,,,,2025-12-26,,,,十二日制
6603,上櫃,生效,富強鑫,統一證券,轉換公司債(無擔保),400000000,2025-12-10,,,,2025-12-29,,,,十二日制
6672,上市,生效,F-騰輝,永豐金證券,轉換公司債(無擔保),500000000,2025-12-11,,,,2025-12-30,,,,十二日制
2233,上市,生效,宇隆科技,台新證券,轉換公司債(無擔保),1300000000,2025-12-12,,,,2025-12-31,,,,十二日制
2455,上市,生效,全新光電,群益金鼎證券,轉換公司債(無擔保),500000000,2025-12-15,2025-12-16,,,2026-01-05,,,,十二日制
4714,上櫃,生效,永捷,元富證券,轉換公司債(有擔保),300000000,2025-12-17,"2026-01-15,2026-02-10",,,2026-03-20,,,,二十日制
2329,上市,生效,華泰電子,凱基證券,轉換公司債(無擔保),2500000000,2025-12-22,,,,2026-01-09,,,,十二日制
4923,上櫃,生效,力士科技,統一證券,轉換公司債(無擔保),250000000,2025-12-22,2025-12-26,,,2026-01-14,,,,十二日制
6515,上市,生效,穎崴科技,凱基證券,轉換公司債(無擔保),3000000000,2025-12-22,,,,2026-01-09,,,,十二日制
3587,上櫃,生效,閎康科技,元大證券,轉換公司債(無擔保),700000000,2025-12-23,,,,2026-01-12,,,,十二日制
6894,上櫃,生效,衛司特,兆豐證券,轉換公司債(無擔保),300000000,2025-12-24,,,,2026-01-13,,,,十二日制
6913,上櫃,生效,鴻呈實業,兆豐證券,轉換公司債(無擔保),450000000,2025-12-24,,,,2026-01-13,,,,十二日制
1727,上市,廢止/撤銷,中華化工,富邦證券,轉換公司債(無擔保),600000000,2025-12-26,,,,2026-01-14,2026-05-26,,,十二日制
5534,上市,生效,長虹建設,群益金鼎證券,轉換公司債(無擔保),1500000000,2025-12-26,,,,2026-01-14,,,,十二日制
2374,上市,生效,佳能企業,凱基證券,轉換公司債(無擔保),300000000,2025-12-30,,,,2026-01-16,,,,十二日制
3011,上市,生效,今皓實業,群益金鼎證券,轉換公司債(有擔保),450000000,2025-12-30,,,,2026-01-28,,,,二十日制
3294,上櫃,生效,英濟,台新證券,轉換公司債(有擔保),300000000,2025-12-30,,,,2026-01-16,,,,十二日制
8476,上市,生效,台境企業*,群益金鼎證券,轉換公司債(無擔保),250000000,2025-12-30,2026-01-13,,,2026-01-29,,,,十二日制
3324,上櫃,生效,雙鴻科技,凱基證券,轉換公司債(無擔保),2000000000,2025-12-31,2026-01-16,,,2026-02-03,,,,十二日制
3324,上櫃,生效,雙鴻科技,凱基證券,轉換公司債(無擔保),3000000000,2025-12-31,2026-01-16,,,2026-02-03,,,,十二日制
3605,上市,生效,宏致電子,凱基證券,轉換公司債(無擔保),1000000000,2025-12-31,,,,2026-01-19,,,,十二日制
6472,上市,生效,保瑞藥業,台新證券,轉換公司債(無擔保),1000000000,2025-12-31,,,,2026-01-19,,,,十二日制
6472,上市,生效,保瑞藥業,台新證券,轉換公司債(無擔保),2000000000,2025-12-31,,,,2026-01-19,,,,十二日制
6547,上櫃,生效,高端疫苗,永豐金證券,轉換公司債(有擔保),750000000,2025-12-31,,,,2026-01-29,,,,二十日制
6576,上櫃,生效,逸達,元富證券,轉換公司債(有擔保),400000000,2025-12-31,,,,2026-01-29,,,,二十日制
6862,上市,生效,F-三集瑞,華南永昌證券,轉換公司債(無擔保),1000000000,2025-12-31,2026-01-15,,,2026-02-02,,,,十二日制
4123,上櫃,生效,晟德大藥廠,元富證券,轉換公司債(無擔保),1500000000,2026-03-12,,,,2026-03-30,,,,十二日制
4123,上櫃,生效,晟德大藥廠,元富證券,轉換公司債(無擔保),500000000,2026-03-12,,,,2026-03-30,,,,十二日制
8271,上市,生效,宇瞻科技,凱基證券,轉換公司債(無擔保),1000000000,2026-03-13,,,,2026-03-31,,,,十二日制
8111,上櫃,生效,立碁電子,群益金鼎證券,轉換公司債(無擔保),500000000,2026-03-16,,,,2026-04-01,,,,十二日制
3135,上市,生效,凌航,統一證券,轉換公司債(無擔保),1500000000,2026-03-23,,,,2026-04-10,,,,十二日制
8074,上櫃,生效,鉅橡企業,福邦證券,轉換公司債(有擔保),300000000,2026-03-26,,,,2026-04-15,,,,十二日制
4503,上櫃,生效,金雨企業,元大證券,轉換公司債(有擔保),500000000,2026-03-27,,,,2026-04-16,,,,十二日制
4760,上櫃,生效,勤凱科技,富邦證券,轉換公司債(無擔保),400000000,2026-03-27,,,,2026-04-16,,,,十二日制
5464,上櫃,生效,霖宏科技,群益金鼎證券,轉換公司債(有擔保),290000000,2026-03-27,,,,2026-04-28,,,,二十日制
5284,上市,生效,F-JPP,凱基證券,轉換公司債(無擔保),200000000,2026-03-30,,,,2026-04-17,,,,十二日制
5284,上市,生效,F-JPP,凱基證券,轉換公司債(無擔保),350000000,2026-03-30,,,,2026-04-17,,,,十二日制
3149,上市,生效,正達國際光電,台新證券,轉換公司債(有擔保),650000000,2026-03-31,"2026-04-23,2026-05-21,2026-06-01",,,2026-06-30,,,,二十日制
4749,上櫃,生效,新應材,兆豐證券,轉換公司債(無擔保),2000000000,2026-03-31,,,,2026-04-20,,,,十二日制
8462,上市,生效,柏文,永豐金證券,轉換公司債(無擔保),400000000,2026-03-31,,,,2026-04-20,,,,十二日制
3680,上櫃,生效,家登精密,凱基證券,轉換公司債(無擔保),1000000000,2026-04-02,,,,2026-04-22,,,,十二日制
3680,上櫃,生效,家登精密,凱基證券,轉換公司債(無擔保),1500000000,2026-04-02,,,,2026-04-22,,,,十二日制
6803,上櫃,生效,崑鼎,國泰證券,轉換公司債(無擔保),2000000000,2026-04-14,,,,2026-04-30,,,,十二日制
7610,上市,生效,聯友金屬-創,福邦證券,轉換公司債(無擔保),800000000,2026-04-14,,,,2026-04-30,,,,十二日制
4931,上櫃,生效,新盛力科技,台新證券,轉換公司債(無擔保),700000000,2026-04-16,,,,2026-05-05,,,,十二日制
4722,上市,生效,國精化學,華南永昌證券,轉換公司債(無擔保),1000000000,2026-04-20,,,,2026-05-07,,,,十二日制
1717,上市,生效,長興材料,台新證券,轉換公司債(無擔保),2000000000,2026-04-21,,,,2026-05-08,,,,十二日制
9935,上市,生效,慶豐富實業,凱基證券,轉換公司債(無擔保),300000000,2026-04-22,,,,2026-05-11,,,,十二日制
6546,上櫃,生效,正基,凱基證券,轉換公司債(無擔保),200000000,2026-04-28,,,,2026-05-15,,,,十二日制
6546,上櫃,生效,正基,凱基證券,轉換公司債(無擔保),500000000,2026-04-28,,,,2026-05-15,,,,十二日制
3491,上櫃,生效,昇達科技,凱基證券,轉換公司債(無擔保),1200000000,2026-04-30,,,,2026-05-19,,,,十二日制
5289,上櫃,生效,宜鼎國際,凱基證券,轉換公司債(無擔保),3000000000,2026-05-04,,,,2026-05-20,,,,十二日制
6220,上櫃,生效,岳豐科技,凱基證券,轉換公司債(有擔保),500000000,2026-05-04,,,,2026-05-20,,,,十二日制
4190,上市,生效,F-佐登,華南永昌證券,轉換公司債(有擔保),500000000,2026-05-07,,,,2026-06-04,,,,二十日制
1295,上櫃,生效,生合生物科技,台新證券,轉換公司債(無擔保),400000000,2026-05-08,,,,2026-05-26,,,,十二日制
5291,上櫃,生效,邑昇實業,統一證券,轉換公司債(無擔保),200000000,2026-05-08,,,,2026-05-26,,,,十二日制
8442,上市,生效,F-威宏,富邦證券,轉換公司債(無擔保),200000000,2026-05-08,,,,2026-05-26,,,,十二日制
8442,上市,生效,F-威宏,富邦證券,轉換公司債(有擔保),400000000,2026-05-08,,,,2026-05-26,,,,十二日制
6223,上櫃,生效,旺矽科技,凱基證券,轉換公司債(無擔保),5000000000,2026-05-12,,,,2026-05-28,,,,十二日制
8054,上櫃,生效,安國國際科技,福邦證券,轉換公司債(有擔保),400000000,2026-05-18,2026-05-27,,,2026-06-25,,,,二十日制
8112,上市,生效,至上電子,凱基證券,轉換公司債(無擔保),2000000000,2026-05-20,,,,2026-06-05,,,,十二日制
6187,上櫃,生效,萬潤科技,元大證券,轉換公司債(無擔保),3000000000,2026-05-22,,,,2026-06-09,,,,十二日制
6584,上櫃,生效,南俊國際,凱基證券,轉換公司債(無擔保),800000000,2026-05-27,,,,2026-06-12,,,,十二日制
8222,上市,生效,寶一科技,台新證券,轉換公司債(有擔保),400000000,2026-05-27,,,,2026-06-12,,,,十二日制
6693,上櫃,生效,廣閎科技,兆豐證券,轉換公司債(無擔保),500000000,2026-05-28,,,,2026-06-15,,,,十二日制
8096,上櫃,生效,擎亞電子,統一證券,轉換公司債(無擔保),500000000,2026-05-28,,,,2026-06-15,,,,十二日制
8096,上櫃,生效,擎亞電子,統一證券,轉換公司債(無擔保),800000000,2026-05-28,,,,2026-06-15,,,,十二日制
9958,上市,生效,世紀鋼鐵,永豐金證券,轉換公司債(無擔保),1500000000,2026-05-28,,,,2026-06-15,,,,十二日制
3006,上市,生效,晶豪科技,凱基證券,轉換公司債(有擔保),2000000000,2026-06-01,,,,2026-06-17,,,,十二日制
6134,上櫃,生效,萬旭電業,中國信託證券,轉換公司債(有擔保),300000000,2026-06-03,,,,2026-06-22,,,,十二日制
3028,上市,生效,增你強,富邦證券,轉換公司債(無擔保),2000000000,2026-06-05,,,,2026-06-24,,,,十二日制
3028,上市,生效,增你強,富邦證券,轉換公司債(無擔保),500000000,2026-06-05,,,,2026-06-24,,,,十二日制
2530,上市,生效,大華建設,台新證券,轉換公司債(無擔保),900000000,2026-06-08,,,,2026-06-25,,,,十二日制
1623,上市,生效,大東電業,國泰證券,轉換公司債(無擔保),2000000000,2026-06-09,,,,2026-06-26,,,,十二日制
3583,上市,生效,辛耘企業,元大證券,轉換公司債(無擔保),1500000000,2026-06-11,,,,2026-06-30,,,,十二日制
3583,上市,生效,辛耘企業,元大證券,轉換公司債(無擔保),500000000,2026-06-11,,,,2026-06-30,,,,十二日制
3597,上櫃,生效,映興電子,德信證券,轉換公司債(無擔保),200000000,2026-06-12,,,,2026-07-01,,,,十二日制
6869,上市,生效,雲豹能源,凱基證券,轉換公司債(有擔保),1800000000,2026-06-12,,,,2026-07-01,,,,十二日制
2451,上市,生效,創見資訊,元大證券,轉換公司債(無擔保),3000000000,2026-06-18,,,,2026-07-07,,,,十二日制
2486,上市,生效,一詮精密,中國信託證券,轉換公司債(無擔保),2000000000,2026-06-22,,,,2026-07-08,,,,十二日制
4764,上市,生效,雙鍵化工,凱基證券,轉換公司債(有擔保),500000000,2026-06-22,,,,2026-07-08,,,,十二日制
6683,上櫃,生效,雍智科技,凱基證券,轉換公司債(無擔保),1530000000,2026-06-22,,,,2026-07-08,,,,十二日制
6903,上櫃,生效,巨漢,富邦證券,轉換公司債(無擔保),1000000000,2026-06-22,,,,2026-07-08,,,,十二日制
6903,上櫃,生效,巨漢,富邦證券,轉換公司債(無擔保),500000000,2026-06-22,,,,2026-07-08,,,,十二日制
5386,上櫃,自行撤回,青雲國際科技,中國信託證券,轉換公司債(無擔保),650000000,2026-06-23,,,,,,2026-07-07,,十二日制
8438,上市,生效,昶昕實業,台新證券,轉換公司債(無擔保),300000000,2026-06-23,,,,2026-07-09,,,,十二日制
8916,上櫃,自行撤回,光隆實業,永豐金證券,轉換公司債(無擔保),200000000,2026-06-24,,2026-08-05,2026-07-23,,,2026-08-12,,十二日制
2303,上市,生效,聯電,宏遠證券,轉換公司債(無擔保),12000000000,2026-06-30,,,,2026-07-17,,,,十二日制
2303,上市,生效,聯電,宏遠證券,轉換公司債(無擔保),4000000000,2026-06-30,,,,2026-07-17,,,,十二日制
3128,上櫃,自行撤回,昇銳,群益金鼎證券,轉換公司債(無擔保),300000000,2026-06-30,,,,,,2026-07-15,,十二日制
5536,上櫃,生效,聖暉工程*,國票證券,轉換公司債(無擔保),1500000000,2026-06-30,,,,2026-07-17,,,,十二日制
8155,上櫃,生效,博智電子,凱基證券,轉換公司債(無擔保),2000000000,2026-06-30,,,,2026-07-17,,,,十二日制
8155,上櫃,生效,博智電子,凱基證券,轉換公司債(無擔保),3000000000,2026-06-30,,,,2026-07-17,,,,十二日制
3512,上櫃,生效,皇龍開發,台新證券,轉換公司債(有擔保),600000000,2026-07-01,,,,2026-07-20,,,,十二日制
3081,上櫃,生效,聯亞光電,元大證券,轉換公司債(有擔保),1200000000,2026-07-03,,,,2026-07-22,,,,十二日制
3081,上櫃,生效,聯亞光電,元大證券,轉換公司債(無擔保),1800000000,2026-07-03,,,,2026-07-22,,,,十二日制
8936,上櫃,生效,國統國際,台新證券,轉換公司債(有擔保),600000000,2026-07-03,,,,2026-07-22,,,,十二日制
8936,上櫃,生效,國統國際,台新證券,轉換公司債(無擔保),600000000,2026-07-03,,,,2026-07-22,,,,十二日制
3141,上櫃,生效,晶宏半導體,統一證券,轉換公司債(無擔保),500000000,2026-07-06,,,,2026-07-23,,,,十二日制
7631,上市,生效,聚賢研發-創,宏遠證券,轉換公司債(無擔保),400000000,2026-07-07,2026-07-23,,,2026-08-10,,,,十二日制
4967,上市,生效,十銓科技,永豐金證券,轉換公司債(無擔保),3000000000,2026-07-13,,,,2026-07-29,,,,十二日制
6570,上櫃,生效,維田科技,統一證券,轉換公司債(無擔保),250000000,2026-07-14,,,,2026-07-30,,,,十二日制
3016,上市,生效,嘉晶電子,凱基證券,轉換公司債(無擔保),350000000,2026-07-15,,,,2026-07-31,,,,十二日制
3219,上櫃,生效,倚強科,群益金鼎證券,轉換公司債(無擔保),600000000,2026-07-15,,,,2026-07-31,,,,十二日制
2464,上市,生效,盟立,中國信託證券,轉換公司債(無擔保),1000000000,2026-07-17,2026-07-30,,,2026-08-17,,,,十二日制
4973,上櫃,生效,廣穎電通,台新證券,轉換公司債(無擔保),500000000,2026-07-17,,,,2026-08-04,,,,十二日制
8422,上市,生效,可寧衛*,中國信託證券,轉換公司債(無擔保),2500000000,2026-07-17,"2026-08-03,2026-08-10,2026-08-25",,,2026-09-10,,,,十二日制
7738,上櫃,生效,東聯互動,永豐金證券,轉換公司債(無擔保),500000000,2026-07-20,,,,2026-08-05,,,,十二日制
1560,上市,生效,中國砂輪,元大證券,轉換公司債(無擔保),1000000000,2026-07-24,,,,2026-08-11,,,,十二日制
6597,上櫃,生效,立誠光電,福邦證券,轉換公司債(無擔保),450000000,2026-07-27,,,,2026-08-12,,,,十二日制
2646,上市,生效,星宇航空,元大證券,轉換公司債(無擔保),1500000000,2026-07-31,,,,2026-08-18,,,,十二日制
2646,上市,生效,星宇航空,元大證券,轉換公司債(無擔保),500000000,2026-07-31,,,,2026-08-18,,,,十二日制
7743,上櫃,生效,金利食安,永豐金證券,轉換公司債(無擔保),200000000,2026-08-05,,,,2026-08-21,,,,十二日制
4198,上櫃,生效,欣大健康,統一證券,轉換公司債(有擔保),300000000,2026-08-06,,,,2026-09-03,,,,二十日制
4541,上櫃,生效,晟田科技,凱基證券,轉換公司債(無擔保),200000000,2026-08-07,,,,2026-08-25,,,,十二日制
4541,上櫃,生效,晟田科技,凱基證券,轉換公司債(有擔保),300000000,2026-08-07,,,,2026-08-25,,,,十二日制
2221,上櫃,生效,大甲永和機械,統一證券,轉換公司債(無擔保),500000000,2026-08-10,,,,2026-08-26,,,,十二日制
3260,上櫃,生效,威剛科技,群益金鼎證券,轉換公司債(無擔保),3000000000,2026-08-18,,,,2026-09-03,,,,十二日制
8021,上市,生效,尖點科技,福邦證券,轉換公司債(無擔保),480000000,2026-08-19,,,,2026-09-04,,,,十二日制
2756,上櫃,生效,聯發國際,統一證券,轉換公司債(無擔保),400000000,2026-08-20,,,,2026-09-07,,,,十二日制
2316,上市,生效,楠梓電子,富邦證券,轉換公司債(無擔保),3500000000,2026-08-24,,,,2026-09-21,,,,二十日制
3289,上櫃,生效,宜特科技,台新證券,轉換公司債(無擔保),1200000000,2026-08-24,,,,2026-09-09,,,,十二日制
6174,上櫃,生效,安碁科技,兆豐證券,轉換公司債(無擔保),300000000,2026-08-24,,,,2026-09-09,,,,十二日制
8996,上市,生效,高力熱處理,富邦證券,轉換公司債(無擔保),1500000000,2026-08-31,2026-09-03,,,2026-09-21,,,,十二日制
8996,上市,生效,高力熱處理,富邦證券,轉換公司債(無擔保),2500000000,2026-08-31,2026-09-03,,,2026-09-21,,,,十二日制
1727,上市,生效,中華化工,統一證券,轉換公司債(無擔保),1000000000,2026-09-01,,,,2026-09-17,,,,十二日制
6534,上市,審查中,正瀚生技-創,富邦證券,轉換公司債(有擔保),700000000,2026-09-02,"2026-09-16,2026-09-23",,,2026-10-14,,,,十二日制
6285,上市,生效,啟碁科技,凱基證券,轉換公司債(無擔保),2000000000,2026-09-03,,,,2026-09-21,,,,十二日制
6285,上市,生效,啟碁科技,凱基證券,轉換公司債(無擔保),6000000000,2026-09-03,,,,2026-09-21,,,,十二日制
6438,上市,生效,迅得機械,台新證券,轉換公司債(無擔保),500000000,2026-09-04,,,,2026-09-22,,,,十二日制
6944,上市,生效,兆聯實業,富邦證券,轉換公司債(無擔保),1200000000,2026-09-04,,,,2026-09-22,,,,十二日制
6944,上市,生效,兆聯實業,富邦證券,轉換公司債(無擔保),1300000000,2026-09-04,,,,2026-09-22,,,,十二日制
4566,上市,生效,時碩工業,台新證券,轉換公司債(無擔保),1000000000,2026-09-07,,,,2026-09-23,,,,十二日制
4906,上市,生效,正文科技,凱基證券,轉換公司債(無擔保),1200000000,2026-09-07,,,,2026-09-23,,,,十二日制
4906,上市,生效,正文科技,凱基證券,轉換公司債(無擔保),800000000,2026-09-07,,,,2026-09-23,,,,十二日制
1569,上櫃,審查中,濱川企業,台新證券,轉換公司債(有擔保),400000000,2026-09-10,,,,2026-10-13,,,,二十日制
3339,上櫃,審查中,泰谷光電科技,永豐金證券,轉換公司債(有擔保),500000000,2026-09-11,,,,2026-10-14,,,,二十日制
3455,上櫃,生效,由田新技,台新證券,轉換公司債(無擔保),300000000,2026-09-14,,,,2026-10-02,,,,十二日制
3455,上櫃,生效,由田新技,台新證券,轉換公司債(無擔保),700000000,2026-09-14,,,,2026-10-02,,,,十二日制
3033,上市,審查中,威健實業,華南永昌證券,轉換公司債(無擔保),4000000000,2026-09-15,,2026-10-02,,,,,,十二日制
2367,上市,審查中,燿華電子,臺銀證券,轉換公司債(無擔保),1500000000,2026-09-16,2026-09-29,,,2026-10-16,,,,十二日制
2492,上市,審查中,華新科,國泰證券,轉換公司債(無擔保),4500000000,2026-09-16,,,,2026-10-06,,,,十二日制
6274,上櫃,審查中,台燿科技,統一證券,轉換公司債(無擔保),10000000000,2026-09-16,,,,2026-10-06,,,,十二日制
3702,上市,審查中,大聯大,凱基證券,轉換公司債(無擔保),15000000000,2026-09-18,,,,2026-10-08,,,,十二日制
4542,上櫃,審查中,科嶠工業,富邦證券,轉換公司債(無擔保),500000000,2026-09-21,,,,2026-10-12,,,,十二日制
6658,上市,審查中,聯策,台新證券,轉換公司債(無擔保),250000000,2026-09-21,,,,2026-10-12,,,,十二日制
5381,上櫃,審查中,光譜電工,富邦證券,轉換公司債(有擔保),500000000,2026-09-30,,,,2026-10-19,,,,十二日制
6846,上櫃,審查中,綠茵生技,福邦證券,轉換公司債(無擔保),250000000,2026-10-02,,,,2026-10-21,,,,十二日制
8147,上櫃,審查中,正淩精密工業,富邦證券,轉換公司債(無擔保),300000000,2026-10-02,,,,2026-10-21,,,,十二日制
