date,bid,branch,code,name,buy_amt,sell_amt,net_amt,buy_sh,sell_sh,net_sh
2026-09-29,8450,康和,2308,台達電,146930,787104,-640174,80,426,-346
2026-09-29,8450,康和,2454,聯發科,247611,30535,217076,49,6,43
2026-09-29,8450,康和,3443,創意,98,162501,-162403,0,20,-20
2026-09-29,8450,康和,2464,盟立,0,128688,-128688,0,658,-658
2026-09-29,8450,康和,2449,京元電子,122462,2487,119975,415,8,407
2026-09-29,8450,康和,3042,晶技,96173,5179,90994,434,24,410
2026-09-29,8450,康和,2327,國巨*,5650,95891,-90241,10,171,-161
2026-09-29,8450,康和,2408,南亞科,2009,86149,-84140,4,172,-168
2026-09-29,8450,康和,2404,漢唐,41350,121988,-80638,34,101,-67
2026-09-29,8450,康和,6196,帆宣,602,62875,-62273,1,115,-114
2026-09-29,8450,康和,0050,元大台灣50,60340,1003,59337,541,9,532
2026-09-29,8450,康和,3324,雙鴻,83161,32426,50735,51,20,31
2026-09-29,8450,康和,3131,弘塑,25,45003,-44978,0,18,-18
2026-09-29,8450,康和,3653,健策,41903,766,41137,,,
2026-09-29,8450,康和,7769,鴻勁,5680,44955,-39275,,,
2026-09-29,8450,康和,6488,環球晶,4802,41332,-36530,5,44,-39
2026-09-29,8450,康和,3491,昇達科,0,35025,-35025,0,23,-23
2026-09-29,8450,康和,8103,瀚荃,1070,36070,-35000,9,301,-292
2026-09-29,8450,康和,3016,嘉晶,1706,35776,-34070,10,208,-198
2026-09-29,8450,康和,4770,上品,0,31414,-31414,0,110,-110
2026-09-29,8450,康和,2368,金像電,30067,24,30043,27,0,27
2026-09-29,8450,康和,6139,亞翔,2929,29952,-27023,4,40,-36
2026-09-29,8450,康和,7856,漢測,0,25975,-25975,,,
2026-09-29,8450,康和,1477,聚陽,24848,0,24848,130,0,130
2026-09-29,8450,康和,1727,中華化,72218,49210,23008,644,448,196
2026-09-29,8450,康和,3189,景碩,1251,21970,-20719,1,23,-22
2026-09-29,8450,康和,6462,神盾,103,20056,-19953,1,197,-196
2026-09-29,8450,康和,4958,臻鼎-KY,1133,19838,-18705,2,40,-38
2026-09-29,8450,康和,6274,台燿,21361,3219,18142,14,2,12
2026-09-29,8450,康和,3533,嘉澤,0,17235,-17235,,,
2026-09-29,8450,康和,6187,萬潤,21688,5231,16457,17,4,13
2026-09-29,8450,康和,6217,中探針,14681,0,14681,85,0,85
2026-09-29,8450,康和,00406A,主動中信台灣收益,577,14831,-14254,58,1501,-1443
2026-09-29,8450,康和,2356,英業達,11904,0,11904,200,0,200
2026-09-29,8450,康和,6683,雍智科技,4,10521,-10517,,,
2026-09-29,8450,康和,2313,華通,7,8900,-8893,0,40,-40
2026-09-29,8450,康和,0052,富邦科技,7177,15979,-8802,110,246,-136
2026-09-29,8450,康和,2426,鼎元,10689,2010,8679,107,20,87
2026-09-29,8450,康和,7828,創新服務,0,7790,-7790,,,
2026-09-29,8450,康和,8996,高力,12443,4755,7688,,,
2026-09-29,8450,康和,6426,統新,356,7934,-7578,1,21,-20
2026-09-29,8450,康和,1717,長興,0,7367,-7367,0,101,-101
2026-09-29,8450,康和,1303,南亞,4655,11911,-7256,19,49,-30
2026-09-29,8450,康和,8046,南電,6262,12606,-6344,,,
2026-09-29,8450,康和,2883,凱基金,7110,792,6318,181,20,161
2026-09-29,8450,康和,6510,精測,143,6350,-6207,,,
2026-09-29,8450,康和,00693U,期街口S＆P黃豆,6142,0,6142,262,0,262
2026-09-29,8450,康和,2303,聯電,7129,1142,5987,46,7,39
2026-09-29,8450,康和,3008,大立光,12654,6726,5928,,,
2026-09-29,8450,康和,6515,穎崴,115,5740,-5625,,,
2026-09-29,8450,康和,8040,九暘,5534,100,5434,56,1,55
2026-09-29,8450,康和,6223,旺矽,5232,0,5232,,,
2026-09-29,8450,康和,2330,台積電,7584,2485,5099,,,
2026-09-29,8450,康和,2492,華新科,7180,2298,4882,23,7,16
2026-09-29,8450,康和,8021,尖點,4746,48,4698,10,0,10
2026-09-29,8450,康和,3055,蔚華科,1965,6551,-4586,10,32,-22
2026-09-29,8450,康和,6442,光聖,0,4500,-4500,,,
2026-09-29,8450,康和,2498,宏達電,4342,0,4342,101,0,101
2026-09-29,8450,康和,8069,元太,0,4293,-4293,0,30,-30
2026-09-29,8450,康和,6669,緯穎,25,4220,-4195,,,
2026-09-29,8450,康和,6199,天品,3780,0,3780,30,0,30
2026-09-29,8450,康和,00940,元大台灣價值高息,4950,1183,3767,378,90,288
2026-09-29,8450,康和,00713,元大台灣高息低波,1950,5673,-3723,31,90,-59
2026-09-29,8450,康和,5347,世界,2345,6017,-3672,13,33,-20
2026-09-29,8450,康和,2376,技嘉,3600,0,3600,10,0,10
2026-09-29,8450,康和,3529,力旺,6725,3421,3304,,,
2026-09-29,8450,康和,3450,聯鈞,3686,524,3162,,,
2026-09-29,8450,康和,6213,聯茂,11184,8049,3135,,,
2026-09-29,8450,康和,4931,新盛力,297,3257,-2960,,,
2026-09-29,8450,康和,3231,緯創,0,2783,-2783,0,15,-15
2026-09-29,8450,康和,8028,昇陽半導體,3157,378,2779,11,1,10
2026-09-29,8450,康和,2344,華邦電,171,2932,-2761,1,17,-16
2026-09-29,8450,康和,6182,合晶,2191,4931,-2740,18,40,-22
2026-09-29,8450,康和,3707,漢磊,147,2861,-2714,2,39,-37
2026-09-29,8450,康和,3017,奇鋐,10683,7971,2712,,,
2026-09-29,8450,康和,4771,望隼,0,2569,-2569,,,
2026-09-29,8450,康和,6472,保瑞,2540,0,2540,,,
2026-09-29,8450,康和,8358,金居,1506,3995,-2489,,,
2026-09-29,8450,康和,2476,鉅祥,0,2459,-2459,0,20,-20
2026-09-29,8450,康和,2409,友達,8453,10905,-2452,241,308,-67
2026-09-29,8450,康和,7822,倍利科,2423,0,2423,,,
2026-09-29,8450,康和,3481,群創,2741,324,2417,55,7,48
2026-09-29,8450,康和,1709,和益,574,2975,-2401,13,67,-54
2026-09-29,8450,康和,3665,貿聯-KY,49,2450,-2401,,,
2026-09-29,8450,康和,00953B,群益優選非投等債,2378,0,2378,250,0,250
2026-09-29,8450,康和,4991,環宇-KY,2352,0,2352,,,
2026-09-29,8450,康和,00919,群益台灣精選高息,1451,3794,-2343,46,119,-73
2026-09-29,8450,康和,4906,正文,2337,20,2317,58,1,57
2026-09-29,8450,康和,4979,華星光,2254,0,2254,,,
2026-09-29,8450,康和,3680,家登,2198,0,2198,,,
2026-09-29,8450,康和,1605,華新,2192,0,2192,60,0,60
2026-09-29,8450,康和,2103,台橡,2013,0,2013,73,0,73
2026-09-29,8450,康和,6155,鈞寶,1921,0,1921,30,0,30
2026-09-29,8450,康和,5483,中美晶,1920,0,1920,10,0,10
2026-09-29,8450,康和,2345,智邦,1871,0,1871,,,
2026-09-29,8450,康和,3532,台勝科,1855,0,1855,,,
2026-09-29,8450,康和,3406,玉晶光,3,1759,-1756,,,
2026-09-29,8450,康和,00631L,元大台灣50正2,1767,38,1729,46,1,45
2026-09-29,8450,康和,7610,聯友金屬-創,3525,1820,1705,,,
2026-09-29,8450,康和,3675,德微,2707,1019,1688,,,
2026-09-29,8450,康和,00409A,主動復華全球50,,,,0,45,-45
2026-09-29,8450,康和,00635U,期元大S＆P黃金,,,,0,29,-29
2026-09-29,8450,康和,00680L,元大美債20正2,,,,0,15,-15
2026-09-29,8450,康和,00708L,期元大S＆P黃金正2,,,,5,28,-23
2026-09-29,8450,康和,00715L,期街口布蘭特正2,,,,22,6,16
2026-09-29,8450,康和,00878,國泰永續高股息,,,,53,12,41
2026-09-29,8450,康和,00891,中信關鍵半導體,,,,0,30,-30
2026-09-29,8450,康和,00918,大華優利高填息30,,,,10,2,8
2026-09-29,8450,康和,00929,復華台灣科技優息,,,,5,26,-21
2026-09-29,8450,康和,00935,野村臺灣新科技50,,,,24,0,24
2026-09-29,8450,康和,009800,中信NASDAQ,,,,0,75,-75
2026-09-29,8450,康和,009816,凱基台灣TOP50,,,,2,50,-48
2026-09-29,8450,康和,00981A,主動統一台股增長,,,,23,13,10
2026-09-29,8450,康和,00981D,主動中信非投等債,,,,10,0,10
2026-09-29,8450,康和,00988A,主動統一全球創新,,,,0,15,-15
2026-09-29,8450,康和,1314,中石化,,,,15,0,15
2026-09-29,8450,康和,1504,東元,,,,0,25,-25
2026-09-29,8450,康和,2324,仁寶,,,,12,1,11
2026-09-29,8450,康和,2363,矽統,,,,0,21,-21
2026-09-29,8450,康和,2610,華航,,,,20,0,20
2026-09-29,8450,康和,2618,長榮航,,,,10,0,10
2026-09-29,8450,康和,2834,臺企銀,,,,10,0,10
2026-09-29,8450,康和,2887,台新新光金,,,,25,5,20
2026-09-29,8450,康和,3114,好德,,,,0,13,-13
2026-09-29,8450,康和,3290,東浦,,,,13,0,13
2026-09-29,8450,康和,3576,聯合再生,,,,70,0,70
2026-09-29,8450,康和,4763,材料*-KY,,,,20,0,20
2026-09-29,8450,康和,4915,致伸,,,,0,23,-23
2026-09-29,8450,康和,4956,光鋐,,,,100,63,37
2026-09-29,8450,康和,6209,今國光,,,,10,2,8
2026-09-29,8450,康和,8085,福華,,,,0,34,-34
2026-09-29,8450,康和,8431,匯鑽科,,,,0,15,-15
2026-09-29,8450,康和,9933,中鼎,,,,10,0,10
2026-09-29,9217,凱基-松山,2634,漢翔,19121,63,19058,303,1,302
2026-09-29,9217,凱基-松山,2492,華新科,35874,17405,18469,117,57,60
2026-09-29,9217,凱基-松山,4958,臻鼎-KY,9388,23552,-14164,19,48,-29
2026-09-29,9217,凱基-松山,2327,國巨*,15721,2233,13488,28,4,24
2026-09-29,9217,凱基-松山,3380,明泰,12750,0,12750,400,0,400
2026-09-29,9217,凱基-松山,6239,力成,13305,3672,9633,47,13,34
2026-09-29,9217,凱基-松山,1303,南亞,2429,11383,-8954,10,47,-37
2026-09-29,9217,凱基-松山,00406A,主動中信台灣收益,9226,416,8810,932,42,890
2026-09-29,9217,凱基-松山,7856,漢測,17,8590,-8573,,,
2026-09-29,9217,凱基-松山,6640,均華,2050,10170,-8120,2,10,-8
2026-09-29,9217,凱基-松山,2454,聯發科,53365,45484,7881,,,
2026-09-29,9217,凱基-松山,6187,萬潤,1285,9080,-7795,,,
2026-09-29,9217,凱基-松山,2449,京元電子,11502,3763,7739,39,13,26
2026-09-29,9217,凱基-松山,3653,健策,210,7236,-7026,,,
2026-09-29,9217,凱基-松山,2345,智邦,8622,1943,6679,,,
2026-09-29,9217,凱基-松山,6213,聯茂,8029,14571,-6542,13,24,-11
2026-09-29,9217,凱基-松山,6257,矽格,7856,1427,6429,33,6,27
2026-09-29,9217,凱基-松山,8299,群聯,66,6419,-6353,,,
2026-09-29,9217,凱基-松山,3665,貿聯-KY,0,5295,-5295,,,
2026-09-29,9217,凱基-松山,6469,大樹,0,5217,-5217,0,81,-81
2026-09-29,9217,凱基-松山,6781,AES-KY,0,5075,-5075,,,
2026-09-29,9217,凱基-松山,3147,大綜,0,4805,-4805,0,20,-20
2026-09-29,9217,凱基-松山,2330,台積電,3207,7916,-4709,,,
2026-09-29,9217,凱基-松山,00632R,元大台灣50反1,96,4628,-4532,10,485,-475
2026-09-29,9217,凱基-松山,3167,大量,6417,2080,4337,,,
2026-09-29,9217,凱基-松山,2308,台達電,6485,2201,4284,,,
2026-09-29,9217,凱基-松山,3090,日電貿,4209,0,4209,26,0,26
2026-09-29,9217,凱基-松山,3105,穩懋,6894,2843,4051,,,
2026-09-29,9217,凱基-松山,00917,中信特選金融,24,4047,-4023,1,180,-179
2026-09-29,9217,凱基-松山,6182,合晶,5313,1339,3974,45,11,34
2026-09-29,9217,凱基-松山,2317,鴻海,3237,7081,-3844,13,28,-15
2026-09-29,9217,凱基-松山,6770,力積電,1076,4704,-3628,15,65,-50
2026-09-29,9217,凱基-松山,1447,力鵬,3499,0,3499,537,0,537
2026-09-29,9217,凱基-松山,1301,台塑,4674,1242,3432,72,19,53
2026-09-29,9217,凱基-松山,8358,金居,5398,2012,3386,,,
2026-09-29,9217,凱基-松山,0050,元大台灣50,4338,963,3375,39,9,30
2026-09-29,9217,凱基-松山,00663L,國泰臺灣加權正2,3352,0,3352,30,0,30
2026-09-29,9217,凱基-松山,3189,景碩,4380,1126,3254,,,
2026-09-29,9217,凱基-松山,3017,奇鋐,3330,135,3195,,,
2026-09-29,9217,凱基-松山,2376,技嘉,375,3429,-3054,1,9,-8
2026-09-29,9217,凱基-松山,2313,華通,2207,5203,-2996,10,23,-13
2026-09-29,9217,凱基-松山,2303,聯電,6691,3821,2870,43,25,18
2026-09-29,9217,凱基-松山,00937B,群益ESG投等債20,1522,4264,-2742,110,309,-199
2026-09-29,9217,凱基-松山,6173,信昌電,3328,606,2722,,,
2026-09-29,9217,凱基-松山,3406,玉晶光,2720,0,2720,,,
2026-09-29,9217,凱基-松山,2441,超豐,9180,6533,2647,75,53,22
2026-09-29,9217,凱基-松山,3044,健鼎,2611,0,2611,,,
2026-09-29,9217,凱基-松山,6669,緯穎,2587,0,2587,,,
2026-09-29,9217,凱基-松山,3042,晶技,5063,2553,2510,,,
2026-09-29,9217,凱基-松山,3131,弘塑,2470,0,2470,,,
2026-09-29,9217,凱基-松山,2337,旺宏,2584,132,2452,22,1,21
2026-09-29,9217,凱基-松山,00981A,主動統一台股增長,4067,1621,2446,134,53,81
2026-09-29,9217,凱基-松山,00953B,群益優選非投等債,2445,0,2445,257,0,257
2026-09-29,9217,凱基-松山,0056,元大高股息,2430,0,2430,43,0,43
2026-09-29,9217,凱基-松山,8028,昇陽半導體,12911,10493,2418,,,
2026-09-29,9217,凱基-松山,2395,研華,0,2404,-2404,,,
2026-09-29,9217,凱基-松山,00404A,主動聯博動能50,2257,0,2257,230,0,230
2026-09-29,9217,凱基-松山,3711,日月光投控,3597,1371,2226,,,
2026-09-29,9217,凱基-松山,3231,緯創,23,2246,-2223,0,12,-12
2026-09-29,9217,凱基-松山,8046,南電,1215,3430,-2215,,,
2026-09-29,9217,凱基-松山,00635U,期元大S＆P黃金,2039,0,2039,48,0,48
2026-09-29,9217,凱基-松山,00401A,主動摩根台灣鑫收,2006,0,2006,141,0,141
2026-09-29,9217,凱基-松山,00680L,元大美債20正2,1997,0,1997,341,0,341
2026-09-29,9217,凱基-松山,2609,陽明,2049,58,1991,35,1,34
2026-09-29,9217,凱基-松山,2409,友達,5408,3422,1986,154,97,57
2026-09-29,9217,凱基-松山,6505,台塑化,0,1978,-1978,0,21,-21
2026-09-29,9217,凱基-松山,2357,華碩,0,1933,-1933,,,
2026-09-29,9217,凱基-松山,3707,漢磊,146,2074,-1928,2,28,-26
2026-09-29,9217,凱基-松山,6531,愛普*,1963,47,1916,,,
2026-09-29,9217,凱基-松山,6147,頎邦,2774,4656,-1882,13,22,-9
2026-09-29,9217,凱基-松山,2383,台光電,1913,50,1863,,,
2026-09-29,9217,凱基-松山,8150,南茂,2170,322,1848,20,3,17
2026-09-29,9217,凱基-松山,5871,中租-KY,428,2150,-1722,4,20,-16
2026-09-29,9217,凱基-松山,00927,群益半導體收益,88,1742,-1654,2,44,-42
2026-09-29,9217,凱基-松山,3550,聯穎,0,1640,-1640,0,63,-63
2026-09-29,9217,凱基-松山,00735,國泰臺韓科技,0,1629,-1629,0,15,-15
2026-09-29,9217,凱基-松山,3026,禾伸堂,2396,791,1605,,,
2026-09-29,9217,凱基-松山,3402,漢科,0,1581,-1581,0,12,-12
2026-09-29,9217,凱基-松山,7547,碩網,1567,0,1567,24,0,24
2026-09-29,9217,凱基-松山,6933,AMAX-KY,1544,3090,-1546,,,
2026-09-29,9217,凱基-松山,9941,裕融,1499,0,1499,19,0,19
2026-09-29,9217,凱基-松山,3357,臺慶科,2055,617,1438,,,
2026-09-29,9217,凱基-松山,2301,光寶科,1705,283,1422,,,
2026-09-29,9217,凱基-松山,1785,光洋科,1,1376,-1375,0,14,-14
2026-09-29,9217,凱基-松山,00403A,主動統一升級50,55,1415,-1360,5,131,-126
2026-09-29,9217,凱基-松山,00961,FT臺灣永續高息,13,1326,-1313,1,100,-99
2026-09-29,9217,凱基-松山,5425,台半,0,1246,-1246,0,13,-13
2026-09-29,9217,凱基-松山,6561,是方,3,1231,-1228,,,
2026-09-29,9217,凱基-松山,3006,晶豪科,838,1964,-1126,,,
2026-09-29,9217,凱基-松山,6643,M31,0,1082,-1082,,,
2026-09-29,9217,凱基-松山,3532,台勝科,481,1457,-976,,,
2026-09-29,9217,凱基-松山,2851,中再保,95,999,-904,2,21,-19
2026-09-29,9217,凱基-松山,2328,廣宇,0,899,-899,0,19,-19
2026-09-29,9217,凱基-松山,4915,致伸,0,890,-890,0,14,-14
2026-09-29,9217,凱基-松山,6278,台表科,424,1295,-871,,,
2026-09-29,9217,凱基-松山,6533,晶心科,4368,5237,-869,,,
2026-09-29,9217,凱基-松山,4749,新應材,0,783,-783,,,
2026-09-29,9217,凱基-松山,8050,廣積,0,783,-783,0,12,-12
2026-09-29,9217,凱基-松山,3016,嘉晶,10746,11490,-744,,,
2026-09-29,9217,凱基-松山,1717,長興,432,1160,-728,6,16,-10
2026-09-29,9217,凱基-松山,00407A,主動凱基台灣,,,,50,98,-48
2026-09-29,9217,凱基-松山,00637L,元大滬深300正2,,,,46,0,46
2026-09-29,9217,凱基-松山,00664R,國泰臺灣加權反1,,,,80,368,-288
2026-09-29,9217,凱基-松山,00673R,期元大S＆P原油反1,,,,30,0,30
2026-09-29,9217,凱基-松山,00685L,群益臺灣加權正2,,,,802,785,17
2026-09-29,9217,凱基-松山,00687B,國泰20年美債,,,,17,0,17
2026-09-29,9217,凱基-松山,00688L,國泰20年美債正2,,,,20,0,20
2026-09-29,9217,凱基-松山,00712,復華富時不動產,,,,126,0,126
2026-09-29,9217,凱基-松山,00719B,元大美債1-3,,,,0,10,-10
2026-09-29,9217,凱基-松山,00885,富邦越南,,,,29,0,29
2026-09-29,9217,凱基-松山,00887,永豐中國科技50大,,,,0,15,-15
2026-09-29,9217,凱基-松山,00891,中信關鍵半導體,,,,19,1,18
2026-09-29,9217,凱基-松山,00918,大華優利高填息30,,,,18,2,16
2026-09-29,9217,凱基-松山,00933B,國泰10Y+金融債,,,,26,0,26
2026-09-29,9217,凱基-松山,00947,台新臺灣IC設計,,,,29,8,21
2026-09-29,9217,凱基-松山,009805,台新美國電力基建,,,,0,13,-13
2026-09-29,9217,凱基-松山,009816,凱基台灣TOP50,,,,62,0,62
2026-09-29,9217,凱基-松山,00988A,主動統一全球創新,,,,24,1,23
2026-09-29,9217,凱基-松山,00999A,主動野村臺灣高息,,,,1,20,-19
2026-09-29,9217,凱基-松山,1101,台泥,,,,24,3,21
2026-09-29,9217,凱基-松山,1310,台苯,,,,0,7,-7
2026-09-29,9217,凱基-松山,1314,中石化,,,,41,0,41
2026-09-29,9217,凱基-松山,1444,力麗,,,,0,8,-8
2026-09-29,9217,凱基-松山,1529,樂事綠能,,,,0,9,-9
2026-09-29,9217,凱基-松山,1568,倉佑,,,,0,10,-10
2026-09-29,9217,凱基-松山,1904,正隆,,,,20,0,20
2026-09-29,9217,凱基-松山,2030,彰源,,,,3,21,-18
2026-09-29,9217,凱基-松山,2354,鴻準,,,,25,4,21
2026-09-29,9217,凱基-松山,2515,中工,,,,50,0,50
2026-09-29,9217,凱基-松山,2706,第一店,,,,0,50,-50
2026-09-29,9217,凱基-松山,3031,佰鴻,,,,0,7,-7
2026-09-29,9217,凱基-松山,3094,聯傑,,,,3,15,-12
2026-09-29,9217,凱基-松山,3317,尼克森,,,,17,2,15
2026-09-29,9217,凱基-松山,4763,材料*-KY,,,,1,13,-12
2026-09-29,9217,凱基-松山,4956,光鋐,,,,5,11,-6
2026-09-29,9217,凱基-松山,5388,中磊,,,,15,0,15
2026-09-29,9217,凱基-松山,6005,群益證,,,,18,0,18
2026-09-29,9217,凱基-松山,6148,驊宏資,,,,0,7,-7
2026-09-29,9217,凱基-松山,6168,宏齊,,,,2,10,-8
2026-09-29,9217,凱基-松山,8112,至上,,,,2,9,-7
2026-09-29,9275,凱基-三多,2368,金像電,56275,3305,52970,51,3,48
2026-09-29,9275,凱基-三多,3008,大立光,13904,139,13765,,,
2026-09-29,9275,凱基-三多,2454,聯發科,13202,0,13202,,,
2026-09-29,9275,凱基-三多,8299,群聯,17,12630,-12613,0,6,-6
2026-09-29,9275,凱基-三多,4931,新盛力,6045,0,6045,24,0,24
2026-09-29,9275,凱基-三多,2327,國巨*,7446,2231,5215,13,4,9
2026-09-29,9275,凱基-三多,4958,臻鼎-KY,3117,7167,-4050,6,15,-9
2026-09-29,9275,凱基-三多,3017,奇鋐,10978,7144,3834,,,
2026-09-29,9275,凱基-三多,6456,GIS-KY,0,3663,-3663,0,41,-41
2026-09-29,9275,凱基-三多,1303,南亞,1205,4829,-3624,5,20,-15
2026-09-29,9275,凱基-三多,3042,晶技,4168,711,3457,20,3,17
2026-09-29,9275,凱基-三多,2301,光寶科,3400,0,3400,12,0,12
2026-09-29,9275,凱基-三多,1402,遠東新,28,3342,-3314,1,119,-118
2026-09-29,9275,凱基-三多,00795B,中信美國公債20年,124,3353,-3229,5,135,-130
2026-09-29,9275,凱基-三多,00406A,主動中信台灣收益,2944,20,2924,298,2,296
2026-09-29,9275,凱基-三多,00632R,元大台灣50反1,0,2874,-2874,0,300,-300
2026-09-29,9275,凱基-三多,00663L,國泰臺灣加權正2,2887,22,2865,26,0,26
2026-09-29,9275,凱基-三多,8028,昇陽半導體,3225,653,2572,11,2,9
2026-09-29,9275,凱基-三多,9927,泰銘,0,2451,-2451,0,35,-35
2026-09-29,9275,凱基-三多,3037,欣興,5849,3588,2261,,,
2026-09-29,9275,凱基-三多,2492,華新科,12981,10724,2257,42,35,7
2026-09-29,9275,凱基-三多,2303,聯電,4345,2158,2187,28,14,14
2026-09-29,9275,凱基-三多,0050,元大台灣50,2199,36,2163,20,0,20
2026-09-29,9275,凱基-三多,6182,合晶,3505,1350,2155,29,11,18
2026-09-29,9275,凱基-三多,4967,十銓,1897,0,1897,7,0,7
2026-09-29,9275,凱基-三多,2308,台達電,2037,3880,-1843,,,
2026-09-29,9275,凱基-三多,4919,新唐,407,2196,-1789,3,16,-13
2026-09-29,9275,凱基-三多,00685L,群益臺灣加權正2,471,2211,-1740,37,175,-138
2026-09-29,9275,凱基-三多,3533,嘉澤,6905,5220,1685,,,
2026-09-29,9275,凱基-三多,00687B,國泰20年美債,1649,0,1649,64,0,64
2026-09-29,9275,凱基-三多,3324,雙鴻,3,1620,-1617,,,
2026-09-29,9275,凱基-三多,2409,友達,8837,7300,1537,251,207,44
2026-09-29,9275,凱基-三多,3105,穩懋,3000,1473,1527,,,
2026-09-29,9275,凱基-三多,5347,世界,715,2201,-1486,4,12,-8
2026-09-29,9275,凱基-三多,6274,台燿,164,1634,-1470,,,
2026-09-29,9275,凱基-三多,00400A,主動國泰動能高息,1460,0,1460,94,0,94
2026-09-29,9275,凱基-三多,00919,群益台灣精選高息,322,1745,-1423,10,54,-44
2026-09-29,9275,凱基-三多,6239,力成,1706,283,1423,6,1,5
2026-09-29,9275,凱基-三多,8150,南茂,2391,985,1406,23,9,14
2026-09-29,9275,凱基-三多,2356,英業達,1305,0,1305,22,0,22
2026-09-29,9275,凱基-三多,3094,聯傑,0,1298,-1298,0,24,-24
2026-09-29,9275,凱基-三多,7856,漢測,4,1301,-1297,,,
2026-09-29,9275,凱基-三多,6213,聯茂,1272,0,1272,,,
2026-09-29,9275,凱基-三多,7610,聯友金屬-創,1461,211,1250,,,
2026-09-29,9275,凱基-三多,3167,大量,3933,2692,1241,,,
2026-09-29,9275,凱基-三多,6446,藥華藥,0,1202,-1202,,,
2026-09-29,9275,凱基-三多,6922,宸曜,1121,0,1121,,,
2026-09-29,9275,凱基-三多,00981B,第一金優選非投債,1104,0,1104,123,0,123
2026-09-29,9275,凱基-三多,2467,志聖,1,1102,-1101,,,
2026-09-29,9275,凱基-三多,6116,彩晶,105,1203,-1098,7,80,-73
2026-09-29,9275,凱基-三多,3034,聯詠,0,1096,-1096,,,
2026-09-29,9275,凱基-三多,2330,台積電,6902,5909,993,,,
2026-09-29,9275,凱基-三多,2464,盟立,988,6,982,,,
2026-09-29,9275,凱基-三多,00984D,主動聯博全球非投,981,0,981,100,0,100
2026-09-29,9275,凱基-三多,2449,京元電子,3646,2676,970,,,
2026-09-29,9275,凱基-三多,2436,偉詮電,152,1115,-963,2,15,-13
2026-09-29,9275,凱基-三多,6488,環球晶,961,0,961,,,
2026-09-29,9275,凱基-三多,2353,宏碁,945,0,945,30,0,30
2026-09-29,9275,凱基-三多,2408,南亞科,572,1498,-926,,,
2026-09-29,9275,凱基-三多,6207,雷科,1855,931,924,14,7,7
2026-09-29,9275,凱基-三多,6668,中揚光,922,0,922,19,0,19
2026-09-29,9275,凱基-三多,00993A,主動安聯台灣,906,0,906,66,0,66
2026-09-29,9275,凱基-三多,2329,華泰,0,879,-879,0,20,-20
2026-09-29,9275,凱基-三多,6770,力積電,145,1024,-879,2,14,-12
2026-09-29,9275,凱基-三多,6861,睿生光電,282,1148,-866,,,
2026-09-29,9275,凱基-三多,5425,台半,96,956,-860,1,10,-9
2026-09-29,9275,凱基-三多,2347,聯強,854,0,854,9,0,9
2026-09-29,9275,凱基-三多,2484,希華,546,1395,-849,7,18,-11
2026-09-29,9275,凱基-三多,4536,拓凱,811,0,811,5,0,5
2026-09-29,9275,凱基-三多,6526,達發,812,1,811,,,
2026-09-29,9275,凱基-三多,8027,鈦昇,784,1595,-811,,,
2026-09-29,9275,凱基-三多,6944,兆聯實業,778,1583,-805,,,
2026-09-29,9275,凱基-三多,8240,華宏,1172,386,786,21,7,14
2026-09-29,9275,凱基-三多,1569,濱川,771,0,771,12,0,12
2026-09-29,9275,凱基-三多,2379,瑞昱,0,763,-763,,,
2026-09-29,9275,凱基-三多,3211,順達,1951,2709,-758,,,
2026-09-29,9275,凱基-三多,3030,德律,837,90,747,,,
2026-09-29,9275,凱基-三多,00405A,主動富邦台灣龍耀,751,14,737,81,2,79
2026-09-29,9275,凱基-三多,2481,強茂,1788,1057,731,,,
2026-09-29,9275,凱基-三多,6672,騰輝電子-KY,1050,331,719,,,
2026-09-29,9275,凱基-三多,2383,台光電,709,0,709,,,
2026-09-29,9275,凱基-三多,8064,東捷,1868,1161,707,,,
2026-09-29,9275,凱基-三多,6257,矽格,262,947,-685,,,
2026-09-29,9275,凱基-三多,2049,上銀,0,669,-669,,,
2026-09-29,9275,凱基-三多,2313,華通,0,668,-668,,,
2026-09-29,9275,凱基-三多,3317,尼克森,197,853,-656,3,13,-10
2026-09-29,9275,凱基-三多,3006,晶豪科,562,1212,-650,,,
2026-09-29,9275,凱基-三多,6187,萬潤,65,707,-642,,,
2026-09-29,9275,凱基-三多,6533,晶心科,296,913,-617,,,
2026-09-29,9275,凱基-三多,6706,惠特,159,753,-594,,,
2026-09-29,9275,凱基-三多,2002,中鋼,0,588,-588,0,31,-31
2026-09-29,9275,凱基-三多,6505,台塑化,849,1417,-568,9,15,-6
2026-09-29,9275,凱基-三多,2609,陽明,252,816,-564,4,14,-10
2026-09-29,9275,凱基-三多,00403A,主動統一升級50,24,560,-536,2,52,-50
2026-09-29,9275,凱基-三多,5351,鈺創,1,537,-536,0,5,-5
2026-09-29,9275,凱基-三多,6196,帆宣,39,550,-511,,,
2026-09-29,9275,凱基-三多,6715,嘉基,0,506,-506,,,
2026-09-29,9275,凱基-三多,1773,勝一,0,503,-503,,,
2026-09-29,9275,凱基-三多,3147,大綜,0,486,-486,,,
2026-09-29,9275,凱基-三多,7786,東方風能,0,470,-470,,,
2026-09-29,9275,凱基-三多,00402A,主動安聯美國科技,,,,0,10,-10
2026-09-29,9275,凱基-三多,00409A,主動復華全球50,,,,3,20,-17
2026-09-29,9275,凱基-三多,00631L,元大台灣50正2,,,,18,3,15
2026-09-29,9275,凱基-三多,00633L,富邦上証正2,,,,6,0,6
2026-09-29,9275,凱基-三多,00634R,富邦上証反1,,,,0,8,-8
2026-09-29,9275,凱基-三多,00679B,元大美債20年,,,,9,0,9
2026-09-29,9275,凱基-三多,00688L,國泰20年美債正2,,,,20,0,20
2026-09-29,9275,凱基-三多,00712,復華富時不動產,,,,37,0,37
2026-09-29,9275,凱基-三多,00878,國泰永續高股息,,,,9,0,9
2026-09-29,9275,凱基-三多,00933B,國泰10Y+金融債,,,,1,8,-7
2026-09-29,9275,凱基-三多,009802,富邦旗艦50,,,,0,20,-20
2026-09-29,9275,凱基-三多,009805,台新美國電力基建,,,,20,0,20
2026-09-29,9275,凱基-三多,00980A,主動野村臺灣優選,,,,7,0,7
2026-09-29,9275,凱基-三多,009816,凱基台灣TOP50,,,,35,4,31
2026-09-29,9275,凱基-三多,00981A,主動統一台股增長,,,,13,20,-7
2026-09-29,9275,凱基-三多,00981D,主動中信非投等債,,,,10,0,10
2026-09-29,9275,凱基-三多,1101,台泥,,,,22,0,22
2026-09-29,9275,凱基-三多,1301,台塑,,,,11,5,6
2026-09-29,9275,凱基-三多,1304,台聚,,,,50,14,36
2026-09-29,9275,凱基-三多,1527,鑽全,,,,0,5,-5
2026-09-29,9275,凱基-三多,1608,華榮,,,,10,0,10
2026-09-29,9275,凱基-三多,1617,榮星,,,,0,10,-10
2026-09-29,9275,凱基-三多,1709,和益,,,,41,50,-9
2026-09-29,9275,凱基-三多,1721,國慶科技,,,,0,10,-10
2026-09-29,9275,凱基-三多,2025,千興,,,,0,10,-10
2026-09-29,9275,凱基-三多,2032,新鋼,,,,2,9,-7
2026-09-29,9275,凱基-三多,2104,國際中橡,,,,5,0,5
2026-09-29,9275,凱基-三多,2332,友訊,,,,0,7,-7
2026-09-29,9275,凱基-三多,2352,佳世達,,,,0,5,-5
2026-09-29,9275,凱基-三多,2388,威盛,,,,0,5,-5
2026-09-29,9275,凱基-三多,2444,兆勁,,,,10,0,10
2026-09-29,9275,凱基-三多,2542,興富發,,,,1,5,-4
2026-09-29,9275,凱基-三多,2605,新興,,,,8,0,8
2026-09-29,9275,凱基-三多,3294,英濟,,,,7,0,7
2026-09-29,9275,凱基-三多,3434,哲固,,,,0,11,-11
2026-09-29,9275,凱基-三多,3481,群創,,,,38,25,13
2026-09-29,9275,凱基-三多,3576,聯合再生,,,,0,24,-24
2026-09-29,9275,凱基-三多,3615,安可,,,,0,8,-8
2026-09-29,9275,凱基-三多,3645,達邁,,,,0,6,-6
2026-09-29,9275,凱基-三多,3714,富采,,,,0,4,-4
2026-09-29,9275,凱基-三多,4540,全球傳動,,,,0,4,-4
2026-09-29,9275,凱基-三多,4960,誠美材,,,,0,4,-4
2026-09-29,9275,凱基-三多,6155,鈞寶,,,,12,1,11
2026-09-29,9275,凱基-三多,9105,泰金寶-DR,,,,0,20,-20
2026-09-29,9275,凱基-三多,9943,好樂迪,,,,0,9,-9
2026-09-29,9661,富邦-新店,3324,雙鴻,91890,6917,84973,56,4,52
2026-09-29,9661,富邦-新店,2454,聯發科,108419,61405,47014,,,
2026-09-29,9661,富邦-新店,3017,奇鋐,46381,1468,44913,,,
2026-09-29,9661,富邦-新店,2327,國巨*,80383,36078,44305,144,65,79
2026-09-29,9661,富邦-新店,4958,臻鼎-KY,19139,47191,-28052,39,96,-57
2026-09-29,9661,富邦-新店,2308,台達電,59591,36363,23228,,,
2026-09-29,9661,富邦-新店,8299,群聯,21844,150,21694,,,
2026-09-29,9661,富邦-新店,2345,智邦,23076,3663,19413,,,
2026-09-29,9661,富邦-新店,2330,台積電,56842,38211,18631,,,
2026-09-29,9661,富邦-新店,00406A,主動中信台灣收益,17766,423,17343,1792,43,1749
2026-09-29,9661,富邦-新店,1303,南亞,11457,28252,-16795,47,116,-69
2026-09-29,9661,富邦-新店,2383,台光電,20619,5050,15569,,,
2026-09-29,9661,富邦-新店,2492,華新科,42440,26993,15447,140,85,55
2026-09-29,9661,富邦-新店,2618,長榮航,583,14998,-14415,14,359,-345
2026-09-29,9661,富邦-新店,8150,南茂,17919,4062,13857,168,38,130
2026-09-29,9661,富邦-新店,0050,元大台灣50,21622,9194,12428,194,82,112
2026-09-29,9661,富邦-新店,2449,京元電子,17719,5982,11737,60,20,40
2026-09-29,9661,富邦-新店,6213,聯茂,34289,23702,10587,,,
2026-09-29,9661,富邦-新店,8358,金居,23654,13762,9892,,,
2026-09-29,9661,富邦-新店,2303,聯電,10429,20194,-9765,68,132,-64
2026-09-29,9661,富邦-新店,3016,嘉晶,10781,20495,-9714,64,121,-57
2026-09-29,9661,富邦-新店,3443,創意,2681,12316,-9635,,,
2026-09-29,9661,富邦-新店,3711,日月光投控,12996,3802,9194,,,
2026-09-29,9661,富邦-新店,3362,先進光,446,9385,-8939,3,55,-52
2026-09-29,9661,富邦-新店,3042,晶技,10295,19141,-8846,49,91,-42
2026-09-29,9661,富邦-新店,6505,台塑化,2204,11047,-8843,23,117,-94
2026-09-29,9661,富邦-新店,3189,景碩,24359,15539,8820,,,
2026-09-29,9661,富邦-新店,8028,昇陽半導體,4809,13574,-8765,17,47,-30
2026-09-29,9661,富邦-新店,7610,聯友金屬-創,2124,10535,-8411,,,
2026-09-29,9661,富邦-新店,3105,穩懋,11897,3487,8410,,,
2026-09-29,9661,富邦-新店,2340,台亞,8452,376,8076,229,10,219
2026-09-29,9661,富邦-新店,6282,康舒,7936,43,7893,184,1,183
2026-09-29,9661,富邦-新店,2351,順德,690,8549,-7859,3,40,-37
2026-09-29,9661,富邦-新店,2408,南亞科,21350,28854,-7504,,,
2026-09-29,9661,富邦-新店,6274,台燿,17851,10825,7026,,,
2026-09-29,9661,富邦-新店,3231,緯創,1515,7872,-6357,8,43,-35
2026-09-29,9661,富邦-新店,8996,高力,6601,12926,-6325,,,
2026-09-29,9661,富邦-新店,2892,第一金,6672,780,5892,172,20,152
2026-09-29,9661,富邦-新店,2395,研華,3846,9684,-5838,,,
2026-09-29,9661,富邦-新店,6239,力成,6176,377,5799,,,
2026-09-29,9661,富邦-新店,6531,愛普*,12376,6603,5773,,,
2026-09-29,9661,富邦-新店,2633,台灣高鐵,5627,0,5627,220,0,220
2026-09-29,9661,富邦-新店,009816,凱基台灣TOP50,5943,629,5314,361,38,323
2026-09-29,9661,富邦-新店,3293,鈊象,383,5679,-5296,,,
2026-09-29,9661,富邦-新店,2317,鴻海,11711,6442,5269,,,
2026-09-29,9661,富邦-新店,6456,GIS-KY,1556,6792,-5236,18,76,-58
2026-09-29,9661,富邦-新店,2404,漢唐,5164,67,5097,,,
2026-09-29,9661,富邦-新店,2207,和泰車,5093,0,5093,,,
2026-09-29,9661,富邦-新店,00679B,元大美債20年,5040,25,5015,204,1,203
2026-09-29,9661,富邦-新店,6206,飛捷,1155,6128,-4973,8,43,-35
2026-09-29,9661,富邦-新店,3006,晶豪科,2508,7378,-4870,9,26,-17
2026-09-29,9661,富邦-新店,3563,牧德,3207,8025,-4818,,,
2026-09-29,9661,富邦-新店,7856,漢測,4662,0,4662,,,
2026-09-29,9661,富邦-新店,2344,華邦電,5465,9941,-4476,32,58,-26
2026-09-29,9661,富邦-新店,8039,台虹,8129,3810,4319,,,
2026-09-29,9661,富邦-新店,2882,國泰金,670,4847,-4177,6,43,-37
2026-09-29,9661,富邦-新店,00738U,期元大道瓊白銀,3674,0,3674,76,0,76
2026-09-29,9661,富邦-新店,3088,艾訊,422,4039,-3617,3,30,-27
2026-09-29,9661,富邦-新店,3264,欣銓,3565,0,3565,,,
2026-09-29,9661,富邦-新店,3693,營邦,4965,1407,3558,,,
2026-09-29,9661,富邦-新店,00687B,國泰20年美債,891,4439,-3548,35,173,-138
2026-09-29,9661,富邦-新店,2486,一詮,495,4008,-3513,,,
2026-09-29,9661,富邦-新店,00981A,主動統一台股增長,2434,5866,-3432,80,192,-112
2026-09-29,9661,富邦-新店,5425,台半,432,3856,-3424,5,40,-35
2026-09-29,9661,富邦-新店,2030,彰源,0,3378,-3378,0,101,-101
2026-09-29,9661,富邦-新店,6584,南俊國際,6036,2715,3321,,,
2026-09-29,9661,富邦-新店,3481,群創,1613,4869,-3256,33,98,-65
2026-09-29,9661,富邦-新店,00708L,期元大S＆P黃金正2,4736,1489,3247,67,21,46
2026-09-29,9661,富邦-新店,3675,德微,7332,4099,3233,,,
2026-09-29,9661,富邦-新店,00937B,群益ESG投等債20,3616,414,3202,262,30,232
2026-09-29,9661,富邦-新店,5483,中美晶,1949,5105,-3156,,,
2026-09-29,9661,富邦-新店,3260,威剛,3168,26,3142,,,
2026-09-29,9661,富邦-新店,2409,友達,17008,13919,3089,486,398,88
2026-09-29,9661,富邦-新店,00877,復華中國5G,3062,1,3061,86,0,86
2026-09-29,9661,富邦-新店,8027,鈦昇,595,3612,-3017,,,
2026-09-29,9661,富邦-新店,2481,強茂,16932,13918,3014,,,
2026-09-29,9661,富邦-新店,3624,光頡,5692,2688,3004,,,
2026-09-29,9661,富邦-新店,2392,正崴,3004,83,2921,73,2,71
2026-09-29,9661,富邦-新店,00680L,元大美債20正2,2858,0,2858,489,0,489
2026-09-29,9661,富邦-新店,3583,辛耘,31,2859,-2828,,,
2026-09-29,9661,富邦-新店,00631L,元大台灣50正2,5724,2933,2791,148,76,72
2026-09-29,9661,富邦-新店,6672,騰輝電子-KY,6452,3679,2773,,,
2026-09-29,9661,富邦-新店,7711,永擎,0,2737,-2737,,,
2026-09-29,9661,富邦-新店,6547,高端疫苗,122,2821,-2699,2,46,-44
2026-09-29,9661,富邦-新店,2379,瑞昱,0,2611,-2611,,,
2026-09-29,9661,富邦-新店,8040,九暘,808,3404,-2596,8,34,-26
2026-09-29,9661,富邦-新店,7792,安葆,2531,76,2455,,,
2026-09-29,9661,富邦-新店,1590,亞德客-KY,0,2450,-2450,,,
2026-09-29,9661,富邦-新店,6446,藥華藥,6278,8728,-2450,,,
2026-09-29,9661,富邦-新店,6414,樺漢,792,3216,-2424,,,
2026-09-29,9661,富邦-新店,6416,瑞祺電通,0,2324,-2324,0,20,-20
2026-09-29,9661,富邦-新店,1722,台肥,91,2304,-2213,2,56,-54
2026-09-29,9661,富邦-新店,4772,台特化,2145,4307,-2162,,,
2026-09-29,9661,富邦-新店,1301,台塑,597,2693,-2096,9,41,-32
2026-09-29,9661,富邦-新店,5269,祥碩,1,2082,-2081,,,
2026-09-29,9661,富邦-新店,3374,精材,14,1806,-1792,,,
2026-09-29,9661,富邦-新店,6715,嘉基,499,2250,-1751,,,
2026-09-29,9661,富邦-新店,2353,宏碁,474,2177,-1703,15,69,-54
2026-09-29,9661,富邦-新店,1717,長興,218,1886,-1668,3,26,-23
2026-09-29,9661,富邦-新店,3680,家登,14,1649,-1635,,,
2026-09-29,9661,富邦-新店,00400A,主動國泰動能高息,,,,139,48,91
2026-09-29,9661,富邦-新店,00405A,主動富邦台灣龍耀,,,,22,42,-20
2026-09-29,9661,富邦-新店,00407A,主動凱基台灣,,,,71,3,68
2026-09-29,9661,富邦-新店,00635U,期元大S＆P黃金,,,,57,0,57
2026-09-29,9661,富邦-新店,00637L,元大滬深300正2,,,,73,0,73
2026-09-29,9661,富邦-新店,00642U,期元大S＆P石油,,,,1,27,-26
2026-09-29,9661,富邦-新店,00685L,群益臺灣加權正2,,,,225,80,145
2026-09-29,9661,富邦-新店,00712,復華富時不動產,,,,182,123,59
2026-09-29,9661,富邦-新店,00720B,元大投資級公司債,,,,30,1,29
2026-09-29,9661,富邦-新店,00751B,元大AAA至A公司債,,,,34,8,26
2026-09-29,9661,富邦-新店,00830,國泰費城半導體,,,,3,20,-17
2026-09-29,9661,富邦-新店,00891,中信關鍵半導體,,,,47,18,29
2026-09-29,9661,富邦-新店,00900,富邦特選高股息30,,,,3,20,-17
2026-09-29,9661,富邦-新店,00918,大華優利高填息30,,,,101,133,-32
2026-09-29,9661,富邦-新店,00919,群益台灣精選高息,,,,48,67,-19
2026-09-29,9661,富邦-新店,00922,國泰台灣領袖50,,,,34,4,30
2026-09-29,9661,富邦-新店,00929,復華台灣科技優息,,,,80,16,64
2026-09-29,9661,富邦-新店,00953B,群益優選非投等債,,,,18,40,-22
2026-09-29,9661,富邦-新店,00980A,主動野村臺灣優選,,,,46,1,45
2026-09-29,9661,富邦-新店,009821,野村稀土關鍵資源,,,,44,5,39
2026-09-29,9661,富邦-新店,009824,群益美國科技巨頭,,,,0,51,-51
2026-09-29,9661,富邦-新店,00982A,主動群益台灣強棒,,,,6,33,-27
2026-09-29,9661,富邦-新店,00984A,主動安聯台灣高息,,,,70,13,57
2026-09-29,9661,富邦-新店,00986D,主動復華金融債息,,,,0,40,-40
2026-09-29,9661,富邦-新店,00991A,主動復華未來50,,,,86,36,50
2026-09-29,9661,富邦-新店,00994A,主動第一金台股優,,,,0,20,-20
2026-09-29,9661,富邦-新店,1101,台泥,,,,61,21,40
2026-09-29,9661,富邦-新店,1102,亞泥,,,,75,50,25
2026-09-29,9661,富邦-新店,1314,中石化,,,,41,14,27
2026-09-29,9661,富邦-新店,1709,和益,,,,50,17,33
2026-09-29,9661,富邦-新店,2002,中鋼,,,,14,44,-30
2026-09-29,9661,富邦-新店,2069,運錩,,,,56,3,53
2026-09-29,9661,富邦-新店,2324,仁寶,,,,67,108,-41
2026-09-29,9661,富邦-新店,2332,友訊,,,,25,0,25
2026-09-29,9661,富邦-新店,2352,佳世達,,,,0,43,-43
2026-09-29,9661,富邦-新店,2356,英業達,,,,39,8,31
2026-09-29,9661,富邦-新店,2429,銘旺科,,,,0,40,-40
2026-09-29,9661,富邦-新店,2646,星宇航空,,,,5,32,-27
2026-09-29,9661,富邦-新店,2801,彰銀,,,,29,0,29
2026-09-29,9661,富邦-新店,2812,台中銀,,,,79,0,79
2026-09-29,9661,富邦-新店,2851,中再保,,,,55,6,49
2026-09-29,9661,富邦-新店,2880,華南金,,,,93,61,32
2026-09-29,9661,富邦-新店,2884,玉山金,,,,79,30,49
2026-09-29,9661,富邦-新店,2886,兆豐金,,,,32,1,31
2026-09-29,9661,富邦-新店,2887,台新新光金,,,,85,40,45
2026-09-29,9661,富邦-新店,2889,國票金,,,,4,74,-70
2026-09-29,9661,富邦-新店,2897,王道銀行,,,,0,31,-31
2026-09-29,9661,富邦-新店,3094,聯傑,,,,14,42,-28
2026-09-29,9661,富邦-新店,3550,聯穎,,,,0,18,-18
2026-09-29,9661,富邦-新店,6116,彩晶,,,,8,29,-21
2026-09-29,9801,元大-松江,2454,聯發科,50218,12173,38045,,,
2026-09-29,9801,元大-松江,6456,GIS-KY,26013,1969,24044,306,22,284
2026-09-29,9801,元大-松江,3443,創意,2203,25583,-23380,,,
2026-09-29,9801,元大-松江,2317,鴻海,35991,13181,22810,143,52,91
2026-09-29,9801,元大-松江,3324,雙鴻,1727,16293,-14566,1,10,-9
2026-09-29,9801,元大-松江,3189,景碩,18186,32576,-14390,19,34,-15
2026-09-29,9801,元大-松江,6187,萬潤,15530,1413,14117,,,
2026-09-29,9801,元大-松江,6672,騰輝電子-KY,658,13676,-13018,2,42,-40
2026-09-29,9801,元大-松江,6213,聯茂,25322,12889,12433,42,21,21
2026-09-29,9801,元大-松江,8996,高力,12952,25232,-12280,,,
2026-09-29,9801,元大-松江,3167,大量,969,12119,-11150,1,13,-12
2026-09-29,9801,元大-松江,2449,京元電子,15445,4478,10967,52,15,37
2026-09-29,9801,元大-松江,1303,南亞,4367,14754,-10387,18,60,-42
2026-09-29,9801,元大-松江,3008,大立光,9991,0,9991,,,
2026-09-29,9801,元大-松江,3455,由田,9398,0,9398,35,0,35
2026-09-29,9801,元大-松江,3042,晶技,12354,4236,8118,59,20,39
2026-09-29,9801,元大-松江,2308,台達電,11091,3925,7166,,,
2026-09-29,9801,元大-松江,4958,臻鼎-KY,14365,21258,-6893,29,43,-14
2026-09-29,9801,元大-松江,6533,晶心科,8879,2310,6569,30,8,22
2026-09-29,9801,元大-松江,2327,國巨*,9710,3364,6346,17,6,11
2026-09-29,9801,元大-松江,2834,臺企銀,6762,624,6138,383,35,348
2026-09-29,9801,元大-松江,2330,台積電,9952,3916,6036,,,
2026-09-29,9801,元大-松江,2345,智邦,5941,4,5937,,,
2026-09-29,9801,元大-松江,2351,順德,0,5823,-5823,0,27,-27
2026-09-29,9801,元大-松江,2383,台光電,5691,0,5691,,,
2026-09-29,9801,元大-松江,00631L,元大台灣50正2,6607,1031,5576,172,27,145
2026-09-29,9801,元大-松江,00752,中信中國50,22,5582,-5560,1,251,-250
2026-09-29,9801,元大-松江,6531,愛普*,4723,0,4723,,,
2026-09-29,9801,元大-松江,2404,漢唐,4947,1347,3600,,,
2026-09-29,9801,元大-松江,3055,蔚華科,802,4258,-3456,4,21,-17
2026-09-29,9801,元大-松江,6620,漢達,3436,0,3436,26,0,26
2026-09-29,9801,元大-松江,3033,威健,3414,0,3414,81,0,81
2026-09-29,9801,元大-松江,8299,群聯,4332,7709,-3377,,,
2026-09-29,9801,元大-松江,0050,元大台灣50,3772,415,3357,34,4,30
2026-09-29,9801,元大-松江,2464,盟立,3901,7220,-3319,20,37,-17
2026-09-29,9801,元大-松江,8358,金居,7812,4521,3291,,,
2026-09-29,9801,元大-松江,8150,南茂,3598,398,3200,34,4,30
2026-09-29,9801,元大-松江,00406A,主動中信台灣收益,3725,648,3077,377,66,311
2026-09-29,9801,元大-松江,6770,力積電,565,3632,-3067,8,50,-42
2026-09-29,9801,元大-松江,7717,萊德光電-KY,602,3561,-2959,,,
2026-09-29,9801,元大-松江,2360,致茂,2911,4,2907,,,
2026-09-29,9801,元大-松江,7734,印能科技,0,2720,-2720,,,
2026-09-29,9801,元大-松江,6257,矽格,2626,2,2624,,,
2026-09-29,9801,元大-松江,5289,宜鼎,2616,103,2513,,,
2026-09-29,9801,元大-松江,00795B,中信美國公債20年,546,2907,-2361,22,117,-95
2026-09-29,9801,元大-松江,2362,藍天,2344,0,2344,50,0,50
2026-09-29,9801,元大-松江,3016,嘉晶,16986,19283,-2297,99,116,-17
2026-09-29,9801,元大-松江,3563,牧德,2449,152,2297,,,
2026-09-29,9801,元大-松江,4956,光鋐,2365,92,2273,52,2,50
2026-09-29,9801,元大-松江,4749,新應材,3881,1609,2272,,,
2026-09-29,9801,元大-松江,2368,金像電,2279,14,2265,,,
2026-09-29,9801,元大-松江,2409,友達,18941,16715,2226,538,475,63
2026-09-29,9801,元大-松江,2408,南亞科,6838,8974,-2136,,,
2026-09-29,9801,元大-松江,3017,奇鋐,2144,79,2065,,,
2026-09-29,9801,元大-松江,2610,華航,0,2036,-2036,0,101,-101
2026-09-29,9801,元大-松江,6505,台塑化,654,2665,-2011,7,28,-21
2026-09-29,9801,元大-松江,8046,南電,6266,4291,1975,,,
2026-09-29,9801,元大-松江,6861,睿生光電,1989,56,1933,,,
2026-09-29,9801,元大-松江,8103,瀚荃,0,1908,-1908,0,16,-16
2026-09-29,9801,元大-松江,6199,天品,0,1888,-1888,0,15,-15
2026-09-29,9801,元大-松江,1710,東聯,1906,50,1856,115,3,112
2026-09-29,9801,元大-松江,5876,上海商銀,0,1853,-1853,0,38,-38
2026-09-29,9801,元大-松江,7769,鴻勁,1838,0,1838,,,
2026-09-29,9801,元大-松江,00937B,群益ESG投等債20,1974,138,1836,143,10,133
2026-09-29,9801,元大-松江,6933,AMAX-KY,893,2697,-1804,,,
2026-09-29,9801,元大-松江,4551,智伸科,0,1789,-1789,0,10,-10
2026-09-29,9801,元大-松江,6239,力成,1764,0,1764,,,
2026-09-29,9801,元大-松江,3624,光頡,3657,1982,1675,26,14,12
2026-09-29,9801,元大-松江,6197,佳必琪,1610,0,1610,,,
2026-09-29,9801,元大-松江,3211,順達,3894,2317,1577,,,
2026-09-29,9801,元大-松江,6442,光聖,1565,0,1565,,,
2026-09-29,9801,元大-松江,2605,新興,1496,0,1496,42,0,42
2026-09-29,9801,元大-松江,8028,昇陽半導體,23461,22001,1460,,,
2026-09-29,9801,元大-松江,00953B,群益優選非投等債,1465,10,1455,154,1,153
2026-09-29,9801,元大-松江,00635U,期元大S＆P黃金,1653,213,1440,39,5,34
2026-09-29,9801,元大-松江,3491,昇達科,1529,106,1423,,,
2026-09-29,9801,元大-松江,2344,華邦電,2361,3756,-1395,,,
2026-09-29,9801,元大-松江,6147,頎邦,3084,4439,-1355,,,
2026-09-29,9801,元大-松江,2395,研華,3220,4471,-1251,,,
2026-09-29,9801,元大-松江,00982A,主動群益台灣強棒,78,1278,-1200,3,56,-53
2026-09-29,9801,元大-松江,6274,台燿,4779,5975,-1196,,,
2026-09-29,9801,元大-松江,6284,佳邦,0,1126,-1126,0,15,-15
2026-09-29,9801,元大-松江,6278,台表科,2608,3709,-1101,,,
2026-09-29,9801,元大-松江,8027,鈦昇,3252,4353,-1101,,,
2026-09-29,9801,元大-松江,3141,晶宏,0,1075,-1075,0,13,-13
2026-09-29,9801,元大-松江,8111,立碁,0,1041,-1041,0,13,-13
2026-09-29,9801,元大-松江,2376,技嘉,475,1467,-992,,,
2026-09-29,9801,元大-松江,7795,長廣,15,988,-973,,,
2026-09-29,9801,元大-松江,3711,日月光投控,1709,2674,-965,,,
2026-09-29,9801,元大-松江,6122,擎邦,0,954,-954,0,16,-16
2026-09-29,9801,元大-松江,2883B,凱基金乙特,0,936,-936,0,110,-110
2026-09-29,9801,元大-松江,3293,鈊象,0,931,-931,,,
2026-09-29,9801,元大-松江,6185,幃翔,0,867,-867,0,70,-70
2026-09-29,9801,元大-松江,9921,巨大,189,1050,-861,2,11,-9
2026-09-29,9801,元大-松江,2484,希華,537,1383,-846,7,18,-11
2026-09-29,9801,元大-松江,1727,中華化,1482,2289,-807,,,
2026-09-29,9801,元大-松江,6664,群翊,0,724,-724,,,
2026-09-29,9801,元大-松江,3693,營邦,0,713,-713,,,
2026-09-29,9801,元大-松江,4768,晶呈科技,341,1045,-704,,,
2026-09-29,9801,元大-松江,3675,德微,0,701,-701,,,
2026-09-29,9801,元大-松江,00400A,主動國泰動能高息,,,,14,0,14
2026-09-29,9801,元大-松江,00405A,主動富邦台灣龍耀,,,,120,1,119
2026-09-29,9801,元大-松江,0056,元大高股息,,,,16,4,12
2026-09-29,9801,元大-松江,00632R,元大台灣50反1,,,,8,62,-54
2026-09-29,9801,元大-松江,00633L,富邦上証正2,,,,17,0,17
2026-09-29,9801,元大-松江,00637L,元大滬深300正2,,,,14,0,14
2026-09-29,9801,元大-松江,00679B,元大美債20年,,,,36,0,36
2026-09-29,9801,元大-松江,00680L,元大美債20正2,,,,42,0,42
2026-09-29,9801,元大-松江,00685L,群益臺灣加權正2,,,,133,31,102
2026-09-29,9801,元大-松江,00687B,國泰20年美債,,,,30,0,30
2026-09-29,9801,元大-松江,00688L,國泰20年美債正2,,,,30,10,20
2026-09-29,9801,元大-松江,00712,復華富時不動產,,,,111,1,110
2026-09-29,9801,元大-松江,00720B,元大投資級公司債,,,,29,0,29
2026-09-29,9801,元大-松江,00751B,元大AAA至A公司債,,,,27,0,27
2026-09-29,9801,元大-松江,00918,大華優利高填息30,,,,31,2,29
2026-09-29,9801,元大-松江,00919,群益台灣精選高息,,,,31,39,-8
2026-09-29,9801,元大-松江,00940,元大台灣價值高息,,,,2,13,-11
2026-09-29,9801,元大-松江,009816,凱基台灣TOP50,,,,75,0,75
2026-09-29,9801,元大-松江,00981A,主動統一台股增長,,,,80,46,34
2026-09-29,9801,元大-松江,009821,野村稀土關鍵資源,,,,41,0,41
2026-09-29,9801,元大-松江,009826,貝萊德世界股票,,,,36,0,36
2026-09-29,9801,元大-松江,009828,中信台日韓PCB,,,,18,1,17
2026-09-29,9801,元大-松江,1101,台泥,,,,1,12,-11
2026-09-29,9801,元大-松江,1409,新纖,,,,38,1,37
2026-09-29,9801,元大-松江,1416,廣豐,,,,0,50,-50
2026-09-29,9801,元大-松江,1457,宜進,,,,11,0,11
2026-09-29,9801,元大-松江,2010,春源,,,,0,20,-20
2026-09-29,9801,元大-松江,2312,金寶,,,,2,10,-8
2026-09-29,9801,元大-松江,2367,燿華,,,,18,6,12
2026-09-29,9801,元大-松江,2371,大同,,,,4,14,-10
2026-09-29,9801,元大-松江,2539,櫻花建,,,,0,12,-12
2026-09-29,9801,元大-松江,2609,陽明,,,,16,0,16
2026-09-29,9801,元大-松江,2618,長榮航,,,,0,10,-10
2026-09-29,9801,元大-松江,2812,台中銀,,,,16,0,16
2026-09-29,9801,元大-松江,2890,永豐金,,,,1,12,-11
2026-09-29,9801,元大-松江,3437,榮創,,,,0,11,-11
2026-09-29,9801,元大-松江,3717,聯嘉投控,,,,1,16,-15
2026-09-29,9801,元大-松江,4906,正文,,,,4,12,-8
2026-09-29,9801,元大-松江,4989,榮科,,,,12,0,12
2026-09-29,9801,元大-松江,5220,萬達光電,,,,0,10,-10
2026-09-29,9801,元大-松江,6133,金橋,,,,1,9,-8
2026-09-29,9801,元大-松江,6155,鈞寶,,,,6,14,-8
2026-09-29,9801,元大-松江,7705,三商餐飲,,,,0,8,-8
2026-09-29,9801,元大-松江,7777,能率亞洲,,,,0,12,-12
2026-09-29,9801,元大-松江,8240,華宏,,,,34,20,14
2026-09-29,9801,元大-松江,8431,匯鑽科,,,,0,9,-9
2026-09-29,9801,元大-松江,9105,泰金寶-DR,,,,0,13,-13
2026-09-29,9801,元大-松江,9933,中鼎,,,,1,13,-12
2026-09-29,9A9g,永豐金-內湖,2454,聯發科,755809,50681,705128,149,10,139
2026-09-29,9A9g,永豐金-內湖,6213,聯茂,8756,130779,-122023,14,213,-199
2026-09-29,9A9g,永豐金-內湖,8996,高力,128451,32601,95850,85,20,65
2026-09-29,9A9g,永豐金-內湖,2409,友達,39356,8157,31199,1123,232,891
2026-09-29,9A9g,永豐金-內湖,00407A,主動凱基台灣,28856,0,28856,2874,0,2874
2026-09-29,9A9g,永豐金-內湖,0050,元大台灣50,27109,1131,25978,243,10,233
2026-09-29,9A9g,永豐金-內湖,6147,頎邦,28058,3219,24839,131,15,116
2026-09-29,9A9g,永豐金-內湖,3665,貿聯-KY,32,24624,-24592,,,
2026-09-29,9A9g,永豐金-內湖,1727,中華化,4459,22246,-17787,42,194,-152
2026-09-29,9A9g,永豐金-內湖,2345,智邦,18608,1900,16708,,,
2026-09-29,9A9g,永豐金-內湖,00919,群益台灣精選高息,17743,1639,16104,555,51,504
2026-09-29,9A9g,永豐金-內湖,7610,聯友金屬-創,105,16140,-16035,,,
2026-09-29,9A9g,永豐金-內湖,6139,亞翔,18740,2999,15741,25,4,21
2026-09-29,9A9g,永豐金-內湖,2308,台達電,28842,13312,15530,,,
2026-09-29,9A9g,永豐金-內湖,1303,南亞,1182,16100,-14918,5,66,-61
2026-09-29,9A9g,永豐金-內湖,2327,國巨*,43632,29276,14356,79,52,27
2026-09-29,9A9g,永豐金-內湖,2449,京元電子,15689,1486,14203,53,5,48
2026-09-29,9A9g,永豐金-內湖,7856,漢測,13063,0,13063,,,
2026-09-29,9A9g,永豐金-內湖,3026,禾伸堂,6556,18448,-11892,8,23,-15
2026-09-29,9A9g,永豐金-內湖,00708L,期元大S＆P黃金正2,10912,0,10912,154,0,154
2026-09-29,9A9g,永豐金-內湖,3491,昇達科,15738,4860,10878,,,
2026-09-29,9A9g,永豐金-內湖,3008,大立光,1857,12599,-10742,,,
2026-09-29,9A9g,永豐金-內湖,6274,台燿,9608,20094,-10486,,,
2026-09-29,9A9g,永豐金-內湖,8103,瀚荃,359,10690,-10331,3,89,-86
2026-09-29,9A9g,永豐金-內湖,00409A,主動復華全球50,10077,0,10077,1007,0,1007
2026-09-29,9A9g,永豐金-內湖,2882,國泰金,11200,1249,9951,100,11,89
2026-09-29,9A9g,永豐金-內湖,3532,台勝科,2321,11834,-9513,5,26,-21
2026-09-29,9A9g,永豐金-內湖,3167,大量,114,9351,-9237,,,
2026-09-29,9A9g,永豐金-內湖,3374,精材,20236,11021,9215,,,
2026-09-29,9A9g,永豐金-內湖,6531,愛普*,3242,12231,-8989,,,
2026-09-29,9A9g,永豐金-內湖,2399,映泰,49,9037,-8988,1,184,-183
2026-09-29,9A9g,永豐金-內湖,6526,達發,8462,83,8379,,,
2026-09-29,9A9g,永豐金-內湖,2891,中信金,8347,208,8139,120,3,117
2026-09-29,9A9g,永豐金-內湖,2464,盟立,10,7790,-7780,0,40,-40
2026-09-29,9A9g,永豐金-內湖,2360,致茂,7702,20,7682,,,
2026-09-29,9A9g,永豐金-內湖,3443,創意,9073,2097,6976,,,
2026-09-29,9A9g,永豐金-內湖,6207,雷科,1045,7992,-6947,8,61,-53
2026-09-29,9A9g,永豐金-內湖,3529,力旺,7,6711,-6704,,,
2026-09-29,9A9g,永豐金-內湖,6669,緯穎,10851,4220,6631,,,
2026-09-29,9A9g,永豐金-內湖,2351,順德,0,6557,-6557,0,30,-30
2026-09-29,9A9g,永豐金-內湖,4906,正文,6795,442,6353,170,11,159
2026-09-29,9A9g,永豐金-內湖,3131,弘塑,1137,7460,-6323,,,
2026-09-29,9A9g,永豐金-內湖,6446,藥華藥,8473,2376,6097,,,
2026-09-29,9A9g,永豐金-內湖,6179,亞通,0,5908,-5908,0,161,-161
2026-09-29,9A9g,永豐金-內湖,6547,高端疫苗,245,6115,-5870,4,100,-96
2026-09-29,9A9g,永豐金-內湖,4919,新唐,7081,1217,5864,52,9,43
2026-09-29,9A9g,永豐金-內湖,6290,良維,5714,0,5714,21,0,21
2026-09-29,9A9g,永豐金-內湖,2881,富邦金,8205,2646,5559,54,17,37
2026-09-29,9A9g,永豐金-內湖,7769,鴻勁,316,5695,-5379,,,
2026-09-29,9A9g,永豐金-內湖,5347,世界,9000,3979,5021,50,22,28
2026-09-29,9A9g,永豐金-內湖,3324,雙鴻,6638,1631,5007,,,
2026-09-29,9A9g,永豐金-內湖,00402A,主動安聯美國科技,4973,0,4973,500,0,500
2026-09-29,9A9g,永豐金-內湖,00406A,主動中信台灣收益,5001,197,4804,504,20,484
2026-09-29,9A9g,永豐金-內湖,3189,景碩,15192,10671,4521,,,
2026-09-29,9A9g,永豐金-內湖,6538,倉和,6582,2115,4467,,,
2026-09-29,9A9g,永豐金-內湖,3605,宏致,5008,737,4271,27,4,23
2026-09-29,9A9g,永豐金-內湖,4958,臻鼎-KY,5488,9097,-3609,,,
2026-09-29,9A9g,永豐金-內湖,8111,立碁,992,4503,-3511,13,58,-45
2026-09-29,9A9g,永豐金-內湖,3362,先進光,3434,0,3434,,,
2026-09-29,9A9g,永豐金-內湖,1326,台化,3760,347,3413,55,5,50
2026-09-29,9A9g,永豐金-內湖,6278,台表科,4037,7405,-3368,19,35,-16
2026-09-29,9A9g,永豐金-內湖,8081,致新,3076,0,3076,,,
2026-09-29,9A9g,永豐金-內湖,3707,漢磊,658,3701,-3043,9,51,-42
2026-09-29,9A9g,永豐金-內湖,1301,台塑,3059,130,2929,47,2,45
2026-09-29,9A9g,永豐金-內湖,6488,環球晶,62,2991,-2929,,,
2026-09-29,9A9g,永豐金-內湖,00929,復華台灣科技優息,94,3009,-2915,3,103,-100
2026-09-29,9A9g,永豐金-內湖,8046,南電,6075,3177,2898,,,
2026-09-29,9A9g,永豐金-內湖,2451,創見,0,2859,-2859,,,
2026-09-29,9A9g,永豐金-內湖,8150,南茂,3826,1077,2749,36,10,26
2026-09-29,9A9g,永豐金-內湖,3711,日月光投控,2785,42,2743,,,
2026-09-29,9A9g,永豐金-內湖,4768,晶呈科技,1065,3760,-2695,,,
2026-09-29,9A9g,永豐金-內湖,00400A,主動國泰動能高息,440,2815,-2375,28,182,-154
2026-09-29,9A9g,永豐金-內湖,00735,國泰臺韓科技,0,2256,-2256,0,21,-21
2026-09-29,9A9g,永豐金-內湖,2492,華新科,3393,1274,2119,,,
2026-09-29,9A9g,永豐金-內湖,6693,廣閎科,215,2298,-2083,,,
2026-09-29,9A9g,永豐金-內湖,2317,鴻海,1126,3164,-2038,,,
2026-09-29,9A9g,永豐金-內湖,8040,九暘,6982,4980,2002,,,
2026-09-29,9A9g,永豐金-內湖,3533,嘉澤,2009,9,2000,,,
2026-09-29,9A9g,永豐金-內湖,1101,台泥,630,2581,-1951,25,101,-76
2026-09-29,9A9g,永豐金-內湖,4991,環宇-KY,3796,5726,-1930,,,
2026-09-29,9A9g,永豐金-內湖,3042,晶技,17492,15591,1901,,,
2026-09-29,9A9g,永豐金-內湖,3094,聯傑,54,1942,-1888,1,36,-35
2026-09-29,9A9g,永豐金-內湖,6456,GIS-KY,4649,6537,-1888,52,75,-23
2026-09-29,9A9g,永豐金-內湖,2342,茂矽,1922,3805,-1883,38,77,-39
2026-09-29,9A9g,永豐金-內湖,3017,奇鋐,11989,10135,1854,,,
2026-09-29,9A9g,永豐金-內湖,2436,偉詮電,149,1989,-1840,2,27,-25
2026-09-29,9A9g,永豐金-內湖,2383,台光電,26596,24795,1801,,,
2026-09-29,9A9g,永豐金-內湖,00830,國泰費城半導體,824,2616,-1792,9,30,-21
2026-09-29,9A9g,永豐金-內湖,00631L,元大台灣50正2,3862,2083,1779,100,54,46
2026-09-29,9A9g,永豐金-內湖,8358,金居,6371,8110,-1739,,,
2026-09-29,9A9g,永豐金-內湖,00981A,主動統一台股增長,4942,3211,1731,163,106,57
2026-09-29,9A9g,永豐金-內湖,3481,群創,896,2410,-1514,18,48,-30
2026-09-29,9A9g,永豐金-內湖,3317,尼克森,2363,3835,-1472,36,58,-22
2026-09-29,9A9g,永豐金-內湖,2486,一詮,234,1645,-1411,,,
2026-09-29,9A9g,永豐金-內湖,2458,義隆,0,1378,-1378,,,
2026-09-29,9A9g,永豐金-內湖,2337,旺宏,129,1413,-1284,,,
2026-09-29,9A9g,永豐金-內湖,3455,由田,2175,3445,-1270,,,
2026-09-29,9A9g,永豐金-內湖,2302,麗正,0,1185,-1185,0,26,-26
2026-09-29,9A9g,永豐金-內湖,1815,富喬,367,1502,-1135,,,
2026-09-29,9A9g,永豐金-內湖,6861,睿生光電,0,1091,-1091,,,
2026-09-29,9A9g,永豐金-內湖,00404A,主動聯博動能50,,,,103,0,103
2026-09-29,9A9g,永豐金-內湖,00405A,主動富邦台灣龍耀,,,,100,0,100
2026-09-29,9A9g,永豐金-內湖,00632R,元大台灣50反1,,,,10,54,-44
2026-09-29,9A9g,永豐金-內湖,00680L,元大美債20正2,,,,101,0,101
2026-09-29,9A9g,永豐金-內湖,00685L,群益臺灣加權正2,,,,86,63,23
2026-09-29,9A9g,永豐金-內湖,00687B,國泰20年美債,,,,28,1,27
2026-09-29,9A9g,永豐金-內湖,00712,復華富時不動產,,,,223,39,184
2026-09-29,9A9g,永豐金-內湖,00715L,期街口布蘭特正2,,,,0,12,-12
2026-09-29,9A9g,永豐金-內湖,00738U,期元大道瓊白銀,,,,23,0,23
2026-09-29,9A9g,永豐金-內湖,00878,國泰永續高股息,,,,35,2,33
2026-09-29,9A9g,永豐金-內湖,00912,中信臺灣智慧50,,,,25,0,25
2026-09-29,9A9g,永豐金-內湖,00923,群益台ESG低碳50,,,,0,15,-15
2026-09-29,9A9g,永豐金-內湖,00927,群益半導體收益,,,,15,27,-12
2026-09-29,9A9g,永豐金-內湖,00931B,統一美債20年,,,,9,30,-21
2026-09-29,9A9g,永豐金-內湖,00933B,國泰10Y+金融債,,,,119,30,89
2026-09-29,9A9g,永豐金-內湖,00937B,群益ESG投等債20,,,,90,40,50
2026-09-29,9A9g,永豐金-內湖,00948B,中信優息投資級債,,,,0,66,-66
2026-09-29,9A9g,永豐金-內湖,00953B,群益優選非投等債,,,,162,52,110
2026-09-29,9A9g,永豐金-內湖,00955,中信日本商社,,,,2,20,-18
2026-09-29,9A9g,永豐金-內湖,00958B,永豐ESG銀行債15,,,,0,25,-25
2026-09-29,9A9g,永豐金-內湖,00970B,台新BBB投等債20,,,,0,25,-25
2026-09-29,9A9g,永豐金-內湖,009803,玉山市值動能50,,,,50,0,50
2026-09-29,9A9g,永豐金-內湖,009816,凱基台灣TOP50,,,,73,8,65
2026-09-29,9A9g,永豐金-內湖,00984D,主動聯博全球非投,,,,37,0,37
2026-09-29,9A9g,永豐金-內湖,00991A,主動復華未來50,,,,64,34,30
2026-09-29,9A9g,永豐金-內湖,00998A,主動復華金融股息,,,,1,50,-49
2026-09-29,9A9g,永豐金-內湖,1312,國喬,,,,0,20,-20
2026-09-29,9A9g,永豐金-內湖,1584,精剛,,,,30,0,30
2026-09-29,9A9g,永豐金-內湖,1605,華新,,,,39,2,37
2026-09-29,9A9g,永豐金-內湖,1711,永光,,,,0,15,-15
2026-09-29,9A9g,永豐金-內湖,1809,中釉,,,,8,28,-20
2026-09-29,9A9g,永豐金-內湖,2002,中鋼,,,,40,12,28
2026-09-29,9A9g,永豐金-內湖,2338,光罩,,,,28,1,27
2026-09-29,9A9g,永豐金-內湖,2406,國碩,,,,103,70,33
2026-09-29,9A9g,永豐金-內湖,2468,華經,,,,0,16,-16
2026-09-29,9A9g,永豐金-內湖,2834,臺企銀,,,,44,0,44
2026-09-29,9A9g,永豐金-內湖,2855,統一證,,,,0,16,-16
2026-09-29,9A9g,永豐金-內湖,2892,第一金,,,,23,0,23
2026-09-29,9A9g,永豐金-內湖,5202,力新,,,,8,33,-25
2026-09-29,9A9g,永豐金-內湖,6133,金橋,,,,3,18,-15
2026-09-29,9A9g,永豐金-內湖,6244,茂迪,,,,31,61,-30
2026-09-29,9A9g,永豐金-內湖,6282,康舒,,,,4,24,-20
2026-09-29,9A9g,永豐金-內湖,6969,成信實業*-創,,,,0,20,-20
2026-09-29,9A9g,永豐金-內湖,7780,大研生醫*,,,,0,14,-14
2026-09-29,9A9g,永豐金-內湖,8162,微矽電子-創,,,,0,12,-12
2026-09-29,9A9g,永豐金-內湖,8163,達方,,,,0,16,-16
2026-09-29,9B25,台新-五權西,2454,聯發科,284898,39825,245073,57,8,49
2026-09-29,9B25,台新-五權西,7769,鴻勁,6652,216062,-209410,1,38,-37
2026-09-29,9B25,台新-五權西,3443,創意,180925,340,180585,22,0,22
2026-09-29,9B25,台新-五權西,7856,漢測,497,156753,-156256,0,36,-36
2026-09-29,9B25,台新-五權西,3081,聯亞,80,53285,-53205,0,20,-20
2026-09-29,9B25,台新-五權西,3665,貿聯-KY,0,49873,-49873,0,21,-21
2026-09-29,9B25,台新-五權西,2368,金像電,48469,3704,44765,44,3,41
2026-09-29,9B25,台新-五權西,6213,聯茂,48170,6545,41625,78,11,67
2026-09-29,9B25,台新-五權西,2327,國巨*,35334,4241,31093,64,8,56
2026-09-29,9B25,台新-五權西,3037,欣興,3543,28631,-25088,3,25,-22
2026-09-29,9B25,台新-五權西,3035,智原,22403,928,21475,105,4,101
2026-09-29,9B25,台新-五權西,2308,台達電,25336,11042,14294,,,
2026-09-29,9B25,台新-五權西,2408,南亞科,14669,2531,12138,29,5,24
2026-09-29,9B25,台新-五權西,2375,凱美,53,11650,-11597,0,100,-100
2026-09-29,9B25,台新-五權西,2303,聯電,12896,2392,10504,84,15,69
2026-09-29,9B25,台新-五權西,1303,南亞,39582,29674,9908,161,122,39
2026-09-29,9B25,台新-五權西,1319,東陽,0,8033,-8033,0,103,-103
2026-09-29,9B25,台新-五權西,2441,超豐,7962,0,7962,65,0,65
2026-09-29,9B25,台新-五權西,2492,華新科,9625,2798,6827,32,9,23
2026-09-29,9B25,台新-五權西,1326,台化,5708,356,5352,84,5,79
2026-09-29,9B25,台新-五權西,2449,京元電子,6498,1177,5321,22,4,18
2026-09-29,9B25,台新-五權西,4958,臻鼎-KY,12483,17541,-5058,25,36,-11
2026-09-29,9B25,台新-五權西,00887,永豐中國科技50大,15,5031,-5016,1,329,-328
2026-09-29,9B25,台新-五權西,0050,元大台灣50,4945,112,4833,44,1,43
2026-09-29,9B25,台新-五權西,8150,南茂,5092,439,4653,48,4,44
2026-09-29,9B25,台新-五權西,6669,緯穎,421,5003,-4582,,,
2026-09-29,9B25,台新-五權西,6274,台燿,6119,1715,4404,,,
2026-09-29,9B25,台新-五權西,00877,復華中國5G,9,3956,-3947,0,112,-112
2026-09-29,9B25,台新-五權西,00406A,主動中信台灣收益,4150,247,3903,418,25,393
2026-09-29,9B25,台新-五權西,2412,中華電,580,4167,-3587,4,29,-25
2026-09-29,9B25,台新-五權西,3563,牧德,786,4095,-3309,,,
2026-09-29,9B25,台新-五權西,00984D,主動聯博全球非投,3297,0,3297,337,0,337
2026-09-29,9B25,台新-五權西,1301,台塑,4423,1176,3247,68,18,50
2026-09-29,9B25,台新-五權西,3042,晶技,4620,7838,-3218,22,38,-16
2026-09-29,9B25,台新-五權西,3026,禾伸堂,3170,4,3166,,,
2026-09-29,9B25,台新-五權西,3529,力旺,6712,3552,3160,,,
2026-09-29,9B25,台新-五權西,5347,世界,899,3883,-2984,5,22,-17
2026-09-29,9B25,台新-五權西,8039,台虹,3215,398,2817,12,2,10
2026-09-29,9B25,台新-五權西,8046,南電,6532,3863,2669,,,
2026-09-29,9B25,台新-五權西,2540,愛山林,0,2424,-2424,0,50,-50
2026-09-29,9B25,台新-五權西,3029,零壹,2347,0,2347,20,0,20
2026-09-29,9B25,台新-五權西,2006,東和鋼鐵,2185,0,2185,25,0,25
2026-09-29,9B25,台新-五權西,2383,台光電,2078,10,2068,,,
2026-09-29,9B25,台新-五權西,2347,聯強,10,1927,-1917,0,20,-20
2026-09-29,9B25,台新-五權西,8299,群聯,2143,236,1907,,,
2026-09-29,9B25,台新-五權西,3008,大立光,2944,1111,1833,,,
2026-09-29,9B25,台新-五權西,3324,雙鴻,1799,2,1797,,,
2026-09-29,9B25,台新-五權西,009816,凱基台灣TOP50,1751,0,1751,106,0,106
2026-09-29,9B25,台新-五權西,6456,GIS-KY,3129,1408,1721,35,16,19
2026-09-29,9B25,台新-五權西,3006,晶豪科,1931,3648,-1717,,,
2026-09-29,9B25,台新-五權西,2356,英業達,1688,0,1688,28,0,28
2026-09-29,9B25,台新-五權西,2882,國泰金,3,1680,-1677,0,15,-15
2026-09-29,9B25,台新-五權西,3533,嘉澤,77,1740,-1663,,,
2026-09-29,9B25,台新-五權西,3105,穩懋,5592,3973,1619,,,
2026-09-29,9B25,台新-五權西,00937B,群益ESG投等債20,1648,55,1593,119,4,115
2026-09-29,9B25,台新-五權西,8358,金居,6226,4651,1575,,,
2026-09-29,9B25,台新-五權西,3498,陽程,2040,470,1570,,,
2026-09-29,9B25,台新-五權西,6239,力成,1491,23,1468,,,
2026-09-29,9B25,台新-五權西,2330,台積電,14154,12725,1429,,,
2026-09-29,9B25,台新-五權西,00830,國泰費城半導體,1342,0,1342,15,0,15
2026-09-29,9B25,台新-五權西,2345,智邦,1342,0,1342,,,
2026-09-29,9B25,台新-五權西,2301,光寶科,1415,106,1309,,,
2026-09-29,9B25,台新-五權西,4551,智伸科,0,1302,-1302,0,8,-8
2026-09-29,9B25,台新-五權西,2426,鼎元,496,1793,-1297,5,18,-13
2026-09-29,9B25,台新-五權西,6278,台表科,1708,433,1275,,,
2026-09-29,9B25,台新-五權西,00670L,富邦NASDAQ正2,1267,0,1267,,,
2026-09-29,9B25,台新-五權西,6525,捷敏-KY,0,1218,-1218,0,9,-9
2026-09-29,9B25,台新-五權西,3019,亞光,135,1350,-1215,1,10,-9
2026-09-29,9B25,台新-五權西,2404,漢唐,1190,0,1190,,,
2026-09-29,9B25,台新-五權西,6446,藥華藥,1362,177,1185,,,
2026-09-29,9B25,台新-五權西,3711,日月光投控,229,1374,-1145,,,
2026-09-29,9B25,台新-五權西,2812,台中銀,1135,0,1135,60,0,60
2026-09-29,9B25,台新-五權西,2855,統一證,1368,284,1084,24,5,19
2026-09-29,9B25,台新-五權西,3231,緯創,2711,3756,-1045,,,
2026-09-29,9B25,台新-五權西,2466,冠西電,0,1027,-1027,0,9,-9
2026-09-29,9B25,台新-五權西,6199,天品,0,1008,-1008,0,8,-8
2026-09-29,9B25,台新-五權西,6789,采鈺,0,995,-995,,,
2026-09-29,9B25,台新-五權西,00407A,主動凱基台灣,1039,50,989,103,5,98
2026-09-29,9B25,台新-五權西,3532,台勝科,0,977,-977,,,
2026-09-29,9B25,台新-五權西,2603,長榮,240,1190,-950,,,
2026-09-29,9B25,台新-五權西,3706,神達,79,1020,-941,1,13,-12
2026-09-29,9B25,台新-五權西,3293,鈊象,42,970,-928,,,
2026-09-29,9B25,台新-五權西,6533,晶心科,1935,2863,-928,,,
2026-09-29,9B25,台新-五權西,3189,景碩,9736,10637,-901,,,
2026-09-29,9B25,台新-五權西,00631L,元大台灣50正2,1181,286,895,31,7,24
2026-09-29,9B25,台新-五權西,3374,精材,1812,2688,-876,,,
2026-09-29,9B25,台新-五權西,2030,彰源,0,835,-835,0,25,-25
2026-09-29,9B25,台新-五權西,1709,和益,599,1364,-765,14,31,-17
2026-09-29,9B25,台新-五權西,3406,玉晶光,1000,1762,-762,,,
2026-09-29,9B25,台新-五權西,00409A,主動復華全球50,541,1297,-756,54,130,-76
2026-09-29,9B25,台新-五權西,8028,昇陽半導體,3387,4106,-719,,,
2026-09-29,9B25,台新-五權西,2344,華邦電,1074,1773,-699,,,
2026-09-29,9B25,台新-五權西,6620,漢達,0,668,-668,,,
2026-09-29,9B25,台新-五權西,6922,宸曜,0,648,-648,,,
2026-09-29,9B25,台新-五權西,3163,波若威,63,693,-630,,,
2026-09-29,9B25,台新-五權西,3055,蔚華科,3,614,-611,,,
2026-09-29,9B25,台新-五權西,3680,家登,0,605,-605,,,
2026-09-29,9B25,台新-五權西,3003,健和興,0,601,-601,0,10,-10
2026-09-29,9B25,台新-五權西,7728,光焱科技,0,600,-600,,,
2026-09-29,9B25,台新-五權西,6166,凌華,0,584,-584,,,
2026-09-29,9B25,台新-五權西,00405A,主動富邦台灣龍耀,,,,63,3,60
2026-09-29,9B25,台新-五權西,0056,元大高股息,,,,22,6,16
2026-09-29,9B25,台新-五權西,00632R,元大台灣50反1,,,,1,46,-45
2026-09-29,9B25,台新-五權西,00637L,元大滬深300正2,,,,27,0,27
2026-09-29,9B25,台新-五權西,00679B,元大美債20年,,,,9,30,-21
2026-09-29,9B25,台新-五權西,00685L,群益臺灣加權正2,,,,27,0,27
2026-09-29,9B25,台新-五權西,00712,復華富時不動產,,,,75,0,75
2026-09-29,9B25,台新-五權西,00753L,中信中國50正2,,,,50,0,50
2026-09-29,9B25,台新-五權西,00772B,中信高評級公司債,,,,11,0,11
2026-09-29,9B25,台新-五權西,00878,國泰永續高股息,,,,12,0,12
2026-09-29,9B25,台新-五權西,00918,大華優利高填息30,,,,28,3,25
2026-09-29,9B25,台新-五權西,00919,群益台灣精選高息,,,,22,2,20
2026-09-29,9B25,台新-五權西,00929,復華台灣科技優息,,,,2,12,-10
2026-09-29,9B25,台新-五權西,00961,FT臺灣永續高息,,,,44,0,44
2026-09-29,9B25,台新-五權西,00981A,主動統一台股增長,,,,16,30,-14
2026-09-29,9B25,台新-五權西,009829,大華韓國KOSPI5,,,,16,0,16
2026-09-29,9B25,台新-五權西,00997A,主動群益美國增長,,,,60,0,60
2026-09-29,9B25,台新-五權西,1101,台泥,,,,33,4,29
2026-09-29,9B25,台新-五權西,1721,國慶科技,,,,0,14,-14
2026-09-29,9B25,台新-五權西,2002,中鋼,,,,13,3,10
2026-09-29,9B25,台新-五權西,2032,新鋼,,,,2,11,-9
2026-09-29,9B25,台新-五權西,2108,南帝,,,,0,17,-17
2026-09-29,9B25,台新-五權西,2323,中環,,,,0,36,-36
2026-09-29,9B25,台新-五權西,2406,國碩,,,,14,0,14
2026-09-29,9B25,台新-五權西,2409,友達,,,,258,242,16
2026-09-29,9B25,台新-五權西,2413,環科,,,,0,11,-11
2026-09-29,9B25,台新-五權西,2483,百容,,,,0,10,-10
2026-09-29,9B25,台新-五權西,2498,宏達電,,,,5,18,-13
2026-09-29,9B25,台新-五權西,2515,中工,,,,0,11,-11
2026-09-29,9B25,台新-五權西,2801,彰銀,,,,6,18,-12
2026-09-29,9B25,台新-五權西,2834,臺企銀,,,,13,0,13
2026-09-29,9B25,台新-五權西,3021,鴻名,,,,0,11,-11
2026-09-29,9B25,台新-五權西,3221,台嘉碩,,,,1,12,-11
2026-09-29,9B25,台新-五權西,3550,聯穎,,,,0,12,-12
2026-09-29,9B25,台新-五權西,3576,聯合再生,,,,17,3,14
2026-09-29,9B25,台新-五權西,3717,聯嘉投控,,,,1,11,-10
2026-09-29,9B25,台新-五權西,4906,正文,,,,7,16,-9
2026-09-29,9B25,台新-五權西,6116,彩晶,,,,2,11,-9
2026-09-29,9B25,台新-五權西,6165,浪凡,,,,0,10,-10
2026-09-29,9B25,台新-五權西,6603,富強鑫,,,,1,10,-9
2026-09-29,9B25,台新-五權西,8404,百和興業-KY,,,,14,0,14
2026-09-29,9B25,台新-五權西,9105,泰金寶-DR,,,,0,10,-10
2026-09-29,9B25,台新-五權西,9904,寶成,,,,0,9,-9
